Description,Category,Severity
"while removing the drill rod of the jumbo 08 for maintenance, the supervisor proceeds to loosen the support of the intermediate centralizer to facilitate the removal, seeing this the mechanic supports one end on the drill of the equipment to pull with both hands the bar and accelerate the removal from this, at this moment the bar slides from its point of support and tightens the fingers of the mechanic between the drilling bar and the beam of the jumbo.",Mining,I
"during the activation of a sodium sulphide pump, the piping was uncoupled and the sulfide solution was designed in the area to reach the maid. immediately she made use of the emergency shower and was directed to the ambulatory doctor and later to the hospital. note: of sulphide solution = 48 grams / liter.",Mining,I
"in the sub-station milpo located at level +170 when the collaborator was doing the excavation work with a pick (hand tool), hitting a rock with the flat part of the beak, it bounces off hitting the steel tip of the safety shoe and then the metatarsal area of ​​the left foot of the collaborator causing the injury.",Mining,I
"being 9:45 am. approximately in the nv. 1880 cx-695 ob7, the personnel begins the task of unlocking the soquet bolts of the bhb machine, when they were in the penultimate bolt they identified that the hexagonal head was worn, proceeding mr. cristóbal - auxiliary assistant to climb to the platform to exert pressure with your hand on the ""dado"" key, to prevent it from coming out of the bolt; in those moments two collaborators rotate with the lever in anti-clockwise direction, leaving the key of the bolt, hitting the palm of the left hand, causing the injury.",Mining,I
"approximately at 11:45 a.m. in circumstances that the mechanics anthony (group leader), eduardo and eric fernández-injured-the three of the company impromec, performed the removal of the pulley of the motor of the pump 3015 in the zaf of marcy. 27 cm / length: 33 cm / weight: 70 kg), as it was locked proceed to heating the pulley to loosen it, it comes out and falls from a distance of 1.06 meters high and hits the instep of the right foot of the worker, causing the injury described.",Mining,IV
"during the unloading operation of the ustulado bag there was a need to unclog the discharge mouth of the silo truck. in performing this procedure, there was a maneuver of unhooking the hose without the total depressurisation of the mouth, projecting ustulado powder in the collaborator caused irritation in the eyes.",Metals,I
"the collaborator reports that he was on street 09 holding in his left hand the volumetric balloon, when he slipped and when placing his hand on the ground the volumetric balloon ended up breaking caused a small wound in his left hand.",Metals,I
"at approximately 04:50 p.m., when the mechanic technician josé of the tecnomin verified the transmission belts of the hm-100 pump at the acid plant, he proceeded to turn the pulley manually; unexpectedly at that instant the electrician supervisor miguel of the eka mining grabs the transmission belts to verify their tension, at which point the finger traps.",Mining,I
"employee was sitting in the resting area at level 326 (raise bore), when he suffered sudden illness, falling and suffering excoriation on the face.",Mining,I
"at the moment the forklift operator went to manipulate big bag of bioxide in section 70 and just in front of the ladder that leads to the area of ​​manual displacement, he splashed spent at the height of his forehead from a fissure in pipe g -069, subsequently spilling to his left eye. the collaborator went to the nearby eyewash for cleaning and immediately to the medical center.",Metals,I
"while installing a segment of the polyurethane pulley protective lyner - 60x4x5cm weighing 1.2 kg - on the head pulley of the ore winch, when the pulley is rotated to compress the lyner inside the channel, it falls from its housing 1.50 m rubbing the right side of the worker's hip, generating the injury described.",Mining,I
"while preparing the rice for the lunch of the day, when moving the pot # 60 - 35 kg of weight including the contents - to evacuate the residual water of the cooking of the rice, when positioning the pot on a jaba it tilts backwards spilling some 200 ml of hot water on the cook's leg. the cook immediately after the event applies first aid, pouring cold water on the area of ​​the injury and go to the medical post for evaluation.",Mining,I
the collaborator reports that he was working in the ustulación and realized that the cyclone duct was obstructed and opened the door to try to unclog the same and the material detached and projected towards the employee causing small burn in the right heel.,Metals,I
"in moments that the operator of the jumbo 2, tried energize your equipment to proceed to the installation of 4 split set at intersection 544 of nv 3300, remove the lock and opening the electric board of 440v and 400a, and when lifting the thermomagnetic key this makes phase to ground - phase contact with the panel shell - producing a flash which reaches the operator causing the injury described.",Mining,IV
"due to the accumulation of waelz on the conveyor and trailer of the filter 08fi0502, the employee performed the cleaning of the shutter using the air lance, when he was surprised by the fall of the product that was above the door, passing between the neck and the collar of the aramid jacket and causing burn in the neck and shoulder.",Metals,I
"the employee was working in the when a thermal shock caused a splash of zinc in his direction, the employee, despite using all the indicated ppe, was hit by small spatters that passed between the facila and the hood. small burn in the face region.",Metals,I
"at rp 050 of level 1620, in circumstances where the workers of the company were performing the task of diamond drilling, the assistants jhonatan (injured) and nilton were preparing to increase the hq perforation pipe located on the scaffolding, mr. jhonatan lifts one end of the tube and supports it on the pulley of the equipment frame, the other end being on the working scaffolding, at the moment that mr. nilton lifts the end of the hq pipe that is in the scaffolding to position in the frame, the upper part of the pipe comes out of the pulley falling and striking the right hand of the worker jhonatan against bolts that has the lateral part of the same frame causing the injury described.",Mining,III
"due to the overheating of 2 bars in row 5 of cell 7 a spark is produced, which is projected and manages to reach the chief of guard who was in the corridor, producing a first degree burn in the neck.",Metals,I
"an auxiliary wheel of the cathode crane g2133 was changed in area 75, when when a bearing was heated and hit with a hammer and chisel at one end of the bearing track, a detachment of a bearing piece occurred, impacting it in the thigh of the right leg producing a cut. the ambulance is called and you are transferred to the clinic.",Metals,I
"the worker manuel was making the disconnection of the power cables of the gate that is at the intersection of manco streets with cajamarquilla in order to remove it. in circumstances that mr. josé worker of the company its, was removing the rope tied in the body of the gate, this yields and falls pulling the warning post which hits the helmet of mr. who he was standing at his side.",Metals,I
"at 14:16, the operator samuel was about to open the container for its subsequent loading with silver concentrate, and opened the first gate. afterwards, he tries to open the second door and it is when product of the opening of the latter, the first one opens and impacts with the handle the safety lens and generates the injury in the left cheekbone of the face of the operator.",Metals,I
"in the raise chamber, when the operator and assistant removed the drilling bar from the 71r drilling machine - weight approx. 500 kg - holding it at the top with a 2 tm stroke and assisted with jibs to move horizontally, the operator's jib on the bottom slides by moving the top of the drill bar causing the assistant's bar to enforce his assistant's hand between the bar and the piston of the equipment.",Mining,I
"while aligning the right bracket of tower n ° 32, when releasing the tension applied by the tirford of 1.5 tn, when pushing the lever towards the tension release point, it returns by mechanical effect overcoming the resistance of the lineman operator and reshaping the the hands of the assistant beating the assistant in the frontal region.",Mining,II
"by loosening the a30-29 truck's steering cylinder bolt using power cable and socket, with the force exerted in favor of the equipment, the bolt suddenly retired and the employee hit his hand against the structure of the equipment, causing injury.",Mining,II
"an operator of the g-2142 deslaminadora in section 75 was unlocking a sheet of zinc stuck so that it can enter the slide of the stacking table, for this requires the support of mr. mollares and this helps to hold the sheet to place it in the entry chute to the slide. at the moment of releasing the blade, it tilted and brushed mr. mollares's left leg. the collaborator went to the nearby eyewash for cleaning and immediately to the medical center.",Metals,I
"the operator was willing to manually displace the zinc sheet adhered to the aluminum cathode. at the moment when the blade was detached, the blade was released from the cathode, bending and grazing the collaborator's right hand, producing 2 small cuts at the knuckles of the fingers, the worker made use of his gloves. leather. the worker is transferred to the medical unit for first aid.",Metals,I
"at the end of lunch in an enabled place on the side of the winche control room. he gets up and after a short walk he slips and sits with the floor and making contact with the left knee and not taking importance in the rest of the guard, when the guard is finished, he goes to safety and communicates the fact, for which reason it is derived natclar, for your attention.",Mining,I
"at the end of the rock break at the intersection of the ramp -1055 and the opening of the access to the ventilation chimney, the master loader identifies rocks on the mesh proceeding to unload them, at the end he decides to verify if there are still remains by positioning himself under the line of fire, at which time a fragment of rock falls - 5x4x3cm .; 180 gr - between the cocada mesh impacting between the lens and the helmet causing the injury.",Mining,I
"the worker carried out his work at level 2940, stop 896; and placed metal mesh on the basket (soil half) of the scissor the mesh falls and hits the back of his right hand.",Mining,I
when using the griff wrench to unscrew the rod from the probe the key came to move by pressing the employee's finger against the probe.,Mining,II
"when the plant operator was semi-kneeling when lifting the lid or gate (15 kg) of the distributor box of the secondary mill no. 4 and no. 5, his right knee slips due to the presence of debris spilled on the platform or floor (grating) - which gave him an extra effort in his left leg, generating a muscle contracture.",Mining,I
"at level -1095 - access 6 a2 - at times when the engineer trainee planamieto entered to verify the amount of split set placed by the scissor 184 in the support - holding his notebook and pen in his left hand - while inspecting the roof of the work, he lost the balance when stepping on a rock holding the right hand on a rock on the floor causing the injury. the worker at the time of the accident wore gloves but did not use them because it made it difficult to take notes.",Mining,I
"the worker yaranga while working with barretilla in stop 996, level 3300. while unloading metal mesh, on the basket of an ampoloader with his operator juan barretilla is embedded on safety boot, reacting immediately the worker removing the limb with force and managing to release the foot, but producing a wound on the right foot.",Mining,III
"approximately 1:40 p.m. in circumstances that shotcrete was launched in the nv. 1680 bp 255 of the ob2b, after finishing the launch of the first mixkret 113, the assistant of the alpha, mr. albertico asks the operator of the mixkret 113, mr. jhony to move the mixkret 116, so that access, finding in the cockpit of the mixkret the operator of the launcher team, mr. danon asks him to come down. when the team started, he noticed that mr. danon (injured) was imprisoned between the team (height of the left rear rim) and the hastial de la labor.",Mining,V
the employee was clearing the pipe when he tapped his right thumb against the flange causing little trauma.,Metals,I
"when replacing the telescopic expansion joint of the hdpe pipe of the storm drainage pumping system, it reports that the piece involuntarily moved when it was positioned in the holder, pressing its finger against the holder, causing a wound 1 right chemo.",Metals,I
"during the withdrawal the kelly bar (conductive bar of 45 kg, 1.5 m of length and 10 cm of diameter) of the equipment of perforation on the part of two workers, one of them is positioned in the low part to tie the bar and the injured one is position in the upper part to hold the bar, when positioning the bar on the platform they lose control of the bar moving 5 cm with the 2nd finger of the right hand against the pulleys of the frame. at the time of the accident, the worker was wearing safety gloves and the drill rig was blocked.",Mining,I
when starting the activity of removing a coil of electric cables in the warehouse with the help of forklift truck the operator did not notice that there was a beehive in it. due to the movement of the coil the bees were excited. realizing the fact the operator turned off the equipment and left the area. people passing by were stung.,Mining,I
when starting the activity of removing a coil of electric cables in the warehouse with the help of forklift truck the operator did not notice that there was a beehive in it. due to the movement of the coil the bees were excited. realizing the fact the operator turned off the equipment and left the area. people passing by were stung.,Mining,I
"during the pre-use inspection of the jumbo 15 (check list) equipment, the operator of the equipment finds behind the seat a plastic bottle filled with a liquid apparently mineral water, without any label or labeling. take the bottle and take a small sip of the liquid, expelling it immediately when noticing that it was not water, immediately proceeds to wash with enough water and is transferred to the medical center for your attention. the liquid with which it had contact is an esengrasante product of equipment and machinery of low toxicity.",Mining,I
"during maintenance of the flyght pump rotor, the oil pressure of the the lubrication chamber caused the chamber cover to be projected towards the employee's face, striking him superficially on the forehead, causing injury.",Mining,II
"approx. at 11:22 am there is a leakage of sulfur dioxide (so2) from section 20/30 due to water seal blowing due to overpressure of the acid plant, at that moment there were 13 collaborators of cormei companies, eissa and cosapi doing work near the impacted area; who were evacuated to the medical center for their care, then returned to their usual work.",Metals,I
"while performing the cutting of the meshes protruding in the gables of the work, the assistant loader is positioned at 1.40mt. on the floor using a portable ladder which was held at the base by the master loader, at which time the loader assistant loses balance and when falling is held by the mesh with the hand hanging at 0.80mt. of the floor causing the injury.",Mining,I
"the operator was in the center (demag iv), performing maintenance. when transporting the hydraulic cylinder with the help of another operator the official was unbalanced coming the cylinder that carried to press his finger (left thumb) against the pillar of support of the oven specified below (figure).",Metals,I
"during the start of the neutral leaching process, the employee jhonatan proceeds to open the air valve of the tank airlift a circumstance in which the process solution returns through the chimney, the solution coming into contact with the arm and right foot.",Metals,I
"at a time when two assistants were carrying a bag of cement weighing 42.5 kg to the lamp of the loader - suspended about 10 cm from the floor, the left foot of one of the assistants slid and hit the edge of the baton.",Mining,I
"the operator cleaned with spatula spear through one of the windows of the boiler, at that time by force action hit the window frame, causing injury to the little finger of the left hand, the operator had all epp for boiler cleaning.",Metals,I
"the locomotive no. 15 operated by maperu personnel, was directed with 10 wagons loaded with ore from the op4 to the waste bin. next to the waste bin, the patrol car (which goes on the back of the wagons) the moment it passed over a change of track, the left rear wheel of the patrol car leaves the rail advancing the locomotive leaving the patrol car tilted more ahead. the assistant motorist who traveled alone in the patrol car remained inside the structure and suffered minor bruises.",Mining,I
"on pit 831 of level 1910 when radial drilling was performed of negative holes with the simba m4c ith no. 5 equipment, when the assistant of the equipment operator made the change of the drill bit, the metal bar (hammer) is released from the coupling of the rotation unit and when abruptly withdrawing his hands hit the back of his right hand against the team's structure. at the time of the accident the team was paid.",Mining,I
"at a time when a worker and another partner were preparing to move an oil cylinder (55 gallons) on a mobile platform mounted on rails (platform weighing approximately 200 kg) it is derailed (leaves the rail). in order to place the platform on the rail, both workers lift the platform and in those instants the right hand of one of them is trapped between the rail and the platform structure where it was held (metallic tube protruding from the platform). this accident caused a bruised wound on the index finger of the right hand, there was no fracture. at the time of the accident they both wore leather-type safety gloves.",Mining,III
"the operator was feeding a bag of big bag containing scraps of zn sheets. during lifting, this loaded bag is released from the hook of the hoist, making abrupt contact with the liquid zinc of the furnace, generating an explosion and causing the operator to be hit with liquid zinc.",Metals,I
"in circumstances that two workers of the company incimmet made the loading of explosives using an equipment anfoloader, in a front of the work - sustained with shotcreterepentinamente of the right superior part of the crown, a piece of rock of approx. 9. kg, (0.2mx0.15mx0.10m), impacting on the basket and on the back of the helper who was in the basket suspended at 2.2 m height, moments later a block of rock is detached from the wall of the gable approx. 1,500 kg. (1.20mx1.10mx0.40m), which impacts the ampoloader team and part of this block injures the operator of the ampoloader team who was standing on the ground. the equipment anfoloader has a cabin with protection rops and fops, at the time of the accident both workers used helmets and safety boots. both suffered polyontusions and minor scoria injuries.",Mining,III
"in circumstances that two workers of the company incimmet fectuaban the loading of explosives using an equipment anfoloader, in a front of the work - sustained with shotcreterepentinamente of the right superior part of the crown, a piece of rock of approx. 9. kg, (0.2mx0.15mx0.10m), impacting on the basket and on the back of the helper who was in the basket suspended at 2.2 m height, moments later a block of rock is detached from the wall of the gable approx. 1,500 kg. (1.20mx1.10mx0.40m), which impacts the ampoloader team and part of this block injures the operator of the ampoloader team who was standing on the ground. the equipment anfoloader has a cabin with protection rops and fops, at the time of the accident both workers used helmets and safety boots. both suffered polyontusions and minor scoria injuries.",Mining,I
"the mechanic assistant after throwing the wooden blocks of support of the stabilizer of the hiab crane truck to the ground, when descending from the truck by the access ladder when arriving at the last step jumps towards the ground - height of 69cm - treading the edge of one of the wooden blocks cause an injury to the left ankle.",Mining,I
"by manually moving a steel cabinet for disposal with the help of another employee, the operator had his finger pressed down between the wall and the cabinet causing injury.",Mining,III
"during the discharge of waste, the operator proceeds to remove a bag that was under the hose rolled, in this circumstance one of the ends of the hose moves in the direction of the face of the driver, projecting the liquid contained in it and impacting it on the ear and part of the face.",Metals,II
"in circumstances that the operator 176 was going from level 620 to level 640, he noticed that the hydraulic pump's inspection cover (18 ""x32"" x3 / 8 "", 15 kg approx.) was about to fall, so he stopped the equipment, activates the cats and climbs up the upper part of the equipment and in moments that accommodated the cover it slides on its middle finger causing the injury.",Mining,I
"when installing the ripper pin of the tractor d6t-n1, the ripper support arm slides by pressing the second and third fingers of the right hand against the base of the ripper causing the injury described.",Mining,I
"the employee reports that when he lowered the cloths in the purification, he arranged the cart so that it would not grab the pipe, pressing his left hand between the cloths and the cart.",Metals,I
"at the end of the loading of explosives on the work front, the master loader enters to verify the mooring of the blasting accessories, when retiring from the top (1.5 m), he hears the sound of fragments of rock rolling through the support mesh, directs its gaze towards the crown in a vertical form, at which point a small fragment of rock (2x3x2cm; 36gr) passes through the openings of the mesh. sustaining impact on the forehead. at the time of the event the collaborator used his helmet and safety lens and the front was with support to the top and sacrifice mesh. the opening of the support mesh is 3 ""x 3"".",Mining,I
"the employee, when performing the adjustment / tightening operation of the cutter blade with which he worked, was neglected, the key to slip, causing the blade of the equipment to hit him, causing a blunt cut on his right forearm.",Metals,II
"approximately at 11:50 a.m. in circumstances that the messrs. of the truck crane) and william de la cruz culminated the shipment of 03 blocks of metal plates with an approximate weight of 1800 kg. mr. william de the cross (rigger) climbs onto the truck to remove the sling, places both feet under the stretcher that supported the metal plates. at that moment the central part of the stretcher is broken, as a result of which the two feet are imprisoned producing the injury.",Mining,IV
"during the placement of the last support mesh cloth of the work, in moments that from the ground the injured collaborator reached the electrowelded mesh to the operator of the scissor bolter positioned in the basket, when pressing on the mesh, one of the protruding ends of the mesh, crosses the leather glove causing an injury in his right hand.",Mining,I
the employee checked for acid leakage in the shipping area when he was hit by splashes of solution in his right hemiface.,Metals,I
"the employee was clearing the liquid zinc pump from oven 04, when he stepped on the platform and became unbalanced with a twist in his left foot.",Metals,I
"the employee was transiting toward the cadmium factory, near tank 1440 on copper sulphate, when acid solution spilled in his direction, reaching his legs causing minor burns.",Metals,I
"when carrying out the activity of cutting electrowelded mesh on the work front, the assistant positions his feet on one end of the mesh leaving the other end free, at the moment that the assistant bends down to make the cut with the shear, the end free of the mesh returns by inertia hitting the partner above his safety lens.",Mining,I
"during the refurbishment work of the hdpe pipes (4 ""of diameter) with two workers, when the worker who secured the pipe with a chain, standing on the basket of the ampoloader - raised to a height of 3.0 m from the ground -, the pipe slipped and impacted his arm right, causing an injury to the radius of the right arm.",Mining,IV
"in circumstances that a dump truck laden with ore entered to unload backwards in a curve in the upper part of via la laquia, the operator did not notice the unevenness in the road (approximately one meter) approaching the edge and overturning the truck on its right side. the operator traveled alone in the truck and made use of the safety belt, helmet and glasses at the time of the accident. during the unloading process, there were two squares that were 25 m from the accident site. the test of alcohotest to the operator was negative.",Mining,I
"being approximately 5:45 pm. on the level. 1710 cx 018 bp 745, in circumstances that the workers of the company rock performed the anchorage of the central pin for the anchoring of the drilling machine diamantina xrd -30 (bob cat) the assistant cristian (injured) made the adjustment of the nut of the central bolt with the stilson key no. 18 simultaneously jose from the control panel made the movement of the rotation unit for the positioning of the clamp pin, at that moment the frame is slid by pressing the thumb of the assistant's left hand against the stilson key, causing the described injury, due to the lack of securing the frame fixing bolts.",Mining,II
"after having carried out the mechanized support with the scissor # 200, the heavy equipment operator picks up the water supply hose towards the drum of the equipment and, while he was heading towards the cabin of the scissor on the way on a piece of rock - 10 cm high approx. - which displaces by sliding his right foot causing the injury described.",Mining,I
being approximately 14:25 h when supervising the line clamping of the pom d071 roy canario returning to the thickener d1304 hits his nose with the metal chute out of operation.,Metals,I
"the employee, performing the truck's unloading operation, an iron bundle pressed his right finger and injured his left arm.",Metals,I
"after loading two blown holes from the previous blasting with the use of a telescopic ladder, the master loader pulls the ladder detaching from the upper support point, about 3 mt. of height, a fragment of rock - 3cm x 3cm x 2 cm; 54 gr - which is projected by the right end of the ladder hitting the master loader on the cheekbone and upper lip producing the lesion described. the master shipper used his safety glasses.",Mining,I
"during the plant stop scheduled for maintenance, almost at the end of the change of the ""t"" fitting of the hdp pipe with a diameter of 14 "", the resident enters the work zone from the bottom to supervise the work, in that at the moment four workers - anchored with harness - that were in the upper part manipulating the accessory ""t"" to tie the flanges of the hdp pipe and pvc of 14 ""diameter, suddenly the pvc pipe comes out of its support (pipe with fine material of tailings (weight 700kg.)) and falls from a height of 2 meters to the floor, bounces and imprisons the resident engineer. only the injured worker was in the lower part or line of fire.",Mining,III
"parking the equipment dumper ° 18 in the maintenance workshop, the mechanic asks the operator to back off the equipment for washing, then the operator starts the reverse gear with the cab door fully open, upon reaching the washing area (8 meters behind), brakes and the cabin door closes untimely and hits your face, causing a minor injury. in the area was the mechanic at floor level in a safe place.",Mining,I
"in circumstances that two workers of the abratech company were doing putty work inside the conditioning tank (5 meters deep and covered by platforms) of metal gratings - grating- in the upper part), two other employees of the hyt company carried out maneuvers transfer of a pump with the help of a manual tick - which worked hooked to a beam h, dragging the pump on the metal gratings (grating), suddenly the pump is hooked with a metal grate (grating) and when trying to release it, the metal grid (grating - 13.0 kg. (60 cm x 92 cm)) falls inside the tank, hits a diagonal channel inside the tank and then impacts the right arm of one of the workers and rubs the helmet of the second worker that he was crouching. the area where the bomb was being moved was marked with tape and did not have a lookout.",Mining,I
"in circumstances that two workers of the abratech company were doing putty work inside the conditioning tank (5 meters deep and covered by platforms) of metal gratings - grating- in the upper part), two other employees of the hyt company carried out maneuvers transfer of a pump with the help of a manual tick - which worked hooked to a beam h, dragging the pump on the metal gratings (grating), suddenly the pump is hooked with a metal grate (grating) and when trying to release it, the metal grid (grating - 13.0 kg. (60 cm x 92 cm)) falls inside the tank, hits a diagonal channel inside the tank and then impacts the right arm of one of the workers and rubs the helmet of the second worker that he was crouching. the area where the bomb was being moved was marked with tape and did not have a lookout.",Mining,I
"when accessing the santa do novo area, in order to open the chop, general was moving ahead of the team in order to open access for manetometer, when he came across an area with a steep slope and gravel presence. in a certain place of access the employee slipped, coming with this to become unbalanced. at that moment the machete that was in his left hand came to slip the right leg above the knee, causing a cut 3cm.",Others,II
"when performing the sleeve removal maneuver, when the hole was 600 meters deep, general da silva pressed only one side of the locking nut of the rods, which together with the jack, holds the entire weight of the rods in the maneuver. as the locking procedure was not effective, the weight of the rods was only secured by the steel wire rope of the probe winch. at the moment that driller pedro released the brake of the winch, the inefficacy of the locking done only in one side of the chestnut and without aid of the monkey, caused the sliding of the rods. auxiliary was prepared for manual unlocking of the rods, holding the faucet key firmly against the probe tower as the composition shifted. as the stems slid, his hands were shifted downward, causing his left hand to strike against the base of the probe tower structure, causing cuts to the 4th and 5th quirodactyl. employee was taken to the hospital where he went through medical care. wound was sutured with 16 stitches. same was removed for 10 days from his activities.",Others,IV
"during the trip to the vehicle, at the end of the work, the collaborator rhainer stepped on an object that he could not identify, thus coming to pierce the sole of the boot and causing a small hole in the sole of the left foot of the collaborator. the perforation was possibly due to a stump of wood, since the area covered by the collaborator, was a pasture grazed recently and near a residence.",Others,I
"in the workshop level -970 in box # 1, while two the mechanics manipulated a steel plate - 60cm x40cm x 2.5cm; 50 kg - to place it in the gutter of the workshop and be able to remove the scaler # 142, the plate slides and restricts the right ring finger between the gable and the plate causing the injury. the collaborator used gloves at the time of the accident",Mining,I
"when it opens the suction valve of the 420-bo-01 acid pump, the cable of the same pump comes loose by pressing the 5th finger of the employee's left hand against the tubing, causing a fracture in the distal phalanx. photos",Metals,III
"the worker carried out the disassembly of 03 scaffolding bodies in the pulpomatic of the thickener d2251. the dismantling of the base of the scaffold, located approximately one meter high from the floor of the sump, the rivets of the anchor support of the platform were broken, causing the fall of the worker and impacting the right knee with the support that i am anchored in one of the horizontals of the scaffolding structure.",Metals,I
employee reports that when handling the air conditioning pressed the 2nd right chirodactilo causing a contusion.,Metals,I
"after parking a van next to a cluster of wooden sleepers and boards, the driver, on descending, stepped on a board in which an iron nail protruded 11/2 ""long, which he did not identify as the board was submerged in a puddle of water. this accident caused a minor wound on the sole of the left foot. at the time of the accident the worker was wearing safety boots.",Mining,I
"during the maintenance of the locomotive n ° 16 in the workshop of level -1170, the assistant when pulling the locomotive chair backwards stumbles against the ventilation grille, falling on the platform of the locomotive and then to the floor of the workshop from a height 1.17m generating the injury. at the time of the accident the assistant used his safety helmet and chin strap.",Mining,I
"once the rb machine is lifted (weight 7 tn) at 15 cm from the floor level, the accidently proceeds to pull the rb machine with a key of 5 tons (maximum cap), to lay it on the floor, after advancing 70 cm horizontally, the anchor bolt (pig tail type, 5/8 ""diameter) to which the key was hooked, it breaks transversely, and with the pulling force, this key is projected onto the injured person's left shoulder causing the injury. - the injured was 1.50 meters from the key. - at the time of the incident, the assistant was 5 meters away doing order and cleaning",Mining,I
"when positioning the scissor bolter n ° 09 in the east of stope 175 (40 meters from the top), the operator and his assistant verify that the ventilation sleeve will obstruct the support of the left gable, so they decide to section the sleeve and direct it towards the main corridor; the injured person decides to climb to the roof of the equipment cabin (surface: 1.5 square meters) to carry out the reinstallation of the sectioned sleeve and, without noticing, he steps on empty and falls from the equipment from a height of 2.50 meters. at the time of the accident, the operator was on the scissor bolter platform, the equipment was positioned and blocked to perform the maintenance and the assistant was wearing a safety helmet and chin strap.",Mining,I
"during the cleaning of the 16 ""vertical pipe using the hydrojet equipment (high pressure hose), the hose returned due to obstruction of the pipe with residue, reaching the operator who was actuating the equipment pedal .",Metals,I
"in bypass 100 of level 1970 when the workers of the company incimet raul (operator of bolter bolting team) and rolando (assistant) retired after installing the support with helical bolt, the pink team with a mesh overhanging the gable, so the teacher tells his assistant to cut the mesh and the instant the assistant finished cutting the mesh, it suddenly rises hitting his face causing the injury described.",Mining,I
"being 2:40 am. approximately, luna - master loader of the company incimet was carrying out the loading activity of the front in the cruiser 771 of the 1970 level; in moments that was tying the pentacord of the crown and trying to reach the fanel on the left side, loses balance by a movement of the ladder and falls to the floor resulting in the accident.",Mining,I
"in moments that the worker-mechanic was the workshop of maintenance, the wire of his mining lamp is hooked with a drill hole (4.0 kg) that was on the work table of the workshop, which fell 1.m and impacted his left foot causing a minor bruise. at the time of the accident the collaborator used his safety boots with steel toecap.",Mining,I
"in general store, while two store attendants removed the compartment a rubber mesh for material classification - 1.8 m.x1.2 m.x0.02 m .; 60 kg of weight - when lifted approx. 40 cm to position it against the edge of another mesh placed on the floor on a litter, this slightly imprisons the index finger of the right hand of one of the assistants causing a minor cutting wound. at the time of the accident the injured worker used leather gloves.",Mining,I
"employee reports that when attempting to manually ingot of zinco, on the rotary table of the l1 ingot, hit with the left hand against the angle in the structure of the ingot, by pressing the finger between the ingot and the angle.",Metals,I
"when moving a roll of electro-welded mesh of 95 kg of weight to place on the hopper of the truck, two operators pull the roll of mesh to bring it to the hopper of the truck at which time the imprisonment of the left hand of one of the operators between the mesh and the body of the hopper generating the described injury. at the time of the accident, both operators were wearing pvc-type safety gloves.",Mining,I
"when performing cleaning with lhd in block f 9970 at level 420, the operator was surprised by a rock block displacement of the side of the gallery, reaching his right leg causing him superficial injury",Mining,I
"the workshop at the end of the welding work in the small bolter equipment, the welder proceeds to clean the inside of a metal stool, impregnated with thinner (flammable liquid) and with the help of a hammer and screwdriver proceeds to remove the oxides, when hitting the screwdriver with the hammer produces a flash in the internal base of the stool, which produces a slight burn in the right hand of the welder. - at the time of the accident, the welder only uses a glove on the left hand ..",Mining,I
"being 12:20 pm. approximately in nv 1680 ob5 cx 018, mr. cesar - operator of mine services, in an instant that he was picking up the cat position one of the truck crane of plate acl 804, when raising with the right hand the lower part of the cat is indexed the index finger of the left hand, between the body of the cylinder valve of the cat and the valve of the turntable that was in the upper part.",Mining,I
the employee reports that he placed the air lance in the tank 1604 and then opened the manual air valve and projection of acid solution heated toward him reaching the front of the left thigh.,Metals,II
the injured woman performed cleaning and when cleaning the sink of the collection room pierced the finger with a fragment of glass.,Metals,I
"after discharging sodium hydroxide and disconnecting the hose, the employee placed next to the demineralization suction pump, which was turned off, receiving projection from the pump sensor, causing a 1st degree burn.",Metals,I
"mr. jesus operator of the concrete throwing team (alpha n ° 18) was shooting shotcrete in the cx work. 001 nv. 1710 ob1. applying 0.5 m3, he realizes that the additive did not come out in the mix, directing to lift the cover of the passage valve (54 cm x 53 cm of ¼ inch of thickness approximately 15 kg). verifying that the valve was open, release the lid and it hits to the third finger of the left hand against the base, causing the injury.",Mining,III
"the employee performed the return of the load at the entrance of the debarking machine, while trying to align a cathode was pressed in his right hand.",Metals,I
"the injured worker begins the work of presenting the support mesh cloth on the floor, making an initial cut in the mesh of a section of 0.3 m x 2.0 m for the ponchos, originating in the remaining mesh wicks (tips with prongs) protruding. when trying to make a second mesh cut, it is positioned at the edge of the remaining mesh with wicks to prevent them from curling, at which point it tries take your shear and remove the right foot of the mesh causing the mesh to roll up and embed a wick (tip with poles) through the left boot causing the injury. at the time of the accident the worker was wearing safety boots.",Mining,I
"in the ddh chamber of the company explomin, located at the level -100 socorro ramp 334, when the worker - assistant driller-was dismantling the fifth drill rod (nq - 3 meters of steel with a weight of 24 kg) , using a stilson key (no. 18), at that moment the operator operates the rotation unit, the drill rod rotates by pressing the left hand of the worker against the base of the rod holder, causing an injury to the left hand. at the time of the accident, the drilling assistant used rubber gloves",Mining,IV
"when carrying out the maneuver to increase the hq pipe line, the driller wilder indicates the assistant gilton introduce the inner pipe to the drill, the assistant introduces the inner pipe and places his hand in the box of the pipe, while the driller without noticing, he moves the pipe over the assistant's hand and opens the chuck of the rotation unit, dropping the pipe, imprisoning the injured person's right hand causing the injury.",Mining,I
the employee reports that climbing the access ladder to the operating room of the ustulation was surprised by the projection of sulfuric acid.,Metals,I
"when performing geological mapping activity, it was necessary to hammer a rock for analysis, at the moment when the clerk held it, a pointed fragment slipped on the third quirodactyl of the right hand causing a superficial cut.",Others,I
"being 04:20 p.m. approximately, in the nv. 1880, cx-781. mr. kevin helper of jumbo 55, removed the drill rod that was in the drilling hole, instants that breaks the chain of subjection of the table of the drilling machine, sliding down achieving rubbing the index finger of the left hand, causing the injury.",Mining,II
"being 11:30 am. approximately, in the nv. 1940, cx-791. mr. francisco - operator of the scoop 18, observes a polyethylene pipe thrown on the road, proceeding to lower his equipment and when was found by lifting the pipe to the hook of the right gable, a piece of rock that was suspended in the lectro-welded mesh, impacting on the operator's right eyebrow, causing the injury.",Mining,I
"when conducting inspection to evaluate activity to be carried out in the pump house of the ustulation steam station, it was hit by sulfuric acid spills from a line located above the pump house of the thermal recovery boiler.",Metals,I
"when conducting inspection to evaluate activity to be carried out in the pump house of the ustulation steam station, it was struck by sulfuric acid spills from a line located above the house of thermal recovery boiler pumps.",Metals,I
"the employee was sanding a piece in the electrolysis at the end of the operation, when the protective cap of the disk spun to the back of the left hand.",Metals,I
"during the die cutting of the feeder (pead geomembrane blanket weld seam) to store the extruder, the stylet blade came in the direction of its left forearm, resulting in blunt short injury.",Metals,I
"in the welding workshop of level 3620 (ex -450 tunnel quinoa), in moments that the assistant raised a wooden strut - 3m long x 4 ""diameter - 20 kg of weight, to place it on the work table at 1.30 m of height, treads another wooden strut placed on the floor losing the balance falling at the same level lying laterally on a concrete wall causing a bruise on the left shoulder.",Mining,I
"on sunday, 15, the collaborator goes to the medical center saying that he had an accident 3 days ago when he performed internal maintenance work on the heat exchangers, defined as a confined space and at risk of burning with acid. when leaving the confined space, the employee removes the protective gloves without having passed through the emergency shower; at that moment, skin contact occurs with sulfates, generating the lesion.",Metals,I
"in moments that the truck of transport of personnel of the company mceisa plate ajg-751, moved from the nv 3300 to surface, missing 50m to reach the mouth of the nv 3900, the gearbox does not respond so the driver stops the truck to inspect it along with maintenance personnel who at that time i was traveling in the truck. they raise the cabin to manually put the change in first and continue the trip, culminated this task the driver with the support of the maintenance personnel lower the cabin which due to the weight falls hitting the driver between the cabin and the hopper of the truck. at the time of the accident the employee was wearing his safety helmet and chin strap.",Mining,I
"after completing the welding work on the backhoe bucket made for 4 hours, during which he used glass moon # 10, the welder feels a slight discomfort in the eyes, so he is transferred to the medical service for evaluation . during the accident the welder used facial mask for welding.",Mining,I
"when an employee of milpo lima visited the facilities, when he was at level 2900, waiting for the personnel cage to go up to level 4070, drops of water fall from the ceiling from a height of 2.20 meters approximately, product of a slight filtration in the crown (sustained with shotcrete), a drop enters the right eye causing discomfort in the right eye. according to the employee, at the time of the accident the lenses had been removed to clean them, this happened after the visit to the interior of the mine.",Others,I
"at the el porvenir sub-station at level 4240, when assembling a metal structure (approximately 120 kg) with the support of a lifting system, three operators try to accommodate the structure to anchor it on its base, at this moment the metallic structure slides in the direction of the injured worker's right hand, producing a slight right hand accretion between the head of the bolt and the base of the structure causing the injury. at the time of the accident the operators made use of their safety gloves.",Mining,I
"the employee was performing carbon steel pipe marking activity when his helmet was struck by a tube, causing a scalp wound due to the impact of the helmet's sheepskin.",Metals,I
"during the maintenance on the lx-p-205b pump, there was the projection of silicate pulp, reaching the right leg of the employee.",Metals,I
"in circumstances that the collaborator juveni performed the washing of the tabolas in the pot washing area, she suffers a feeling of dizziness and faintness causing the fall the same level and producing a slight concussion in the head.",Metals,I
"during the transit of the fuel tanker of level 3530 at level 2925 by the north ramp; when passing through level 3140 the operator feels that the right rear tire skids and when the operator performs a defensive maneuver the truck hits the left gable causing the injury described. at the time of the accident, the pilot and co-pilot were wearing a safety belt, their safety glasses and helmet.",Mining,I
"during field trip, to return to work after lunch, the employee of the wellfield company slipped on the loose stones that were in the place. at that moment, with the intention of balancing, he tried hold onto a tree, falling under the right arm causing fracture at the distal end of the radius. the activity was paralyzed and the employee was referred to the hospital in paracatu where he underwent medical care.",Others,IV
"being 10:50 am. approximately, in the workshop of mechanical maintenance (surface) mr. orlando of boltec) and his assistant mr. macedonio made the cut of the link to shorten the distance of the chain and hold the injection hose of resin, instant that the saw blade leaves its cutting position, affecting the second finger of the left hand causing the injury.",Mining,I
"during the tests of the soft starter of the engine of belt 03 the collaborator igor moves around the site and at approximately 19:45 pm falls into a trench for electric cables, (0.90m deep), the same as was found partially discovered.",Mining,II
"when checking voltage at the power outlet of the the plug and socket to make sure the connection was correct, when there was a small electrical arc in the power cord, causing a slight burn in the right hand wrist. the protection system acted immediately.",Mining,I
"the ground team coordinated by prospector with his assistants: da silva and wila 14:45 p.m., in a prong opening to access and collect soil samples, auxiliar came across some he tried to divert about 10 meters to the right of the place, but at the moment of the diversion he came across the marimbondo house in front of him, not giving time for any other action since the thugs were already agitated, da silva 5 times: a sting in the head, another behind the neck and other 3 stings in the face. since all have allergy tests, it was verified that there was no allergic reaction, washed the affected part and returned to normal activities.",Others,I
"in the geological reconnaissance activity, in the farm of mr. lázaro, the team composed by felipe and divino de morais, in normal activity encountered a ciliary forest, as they needed to enter the forest to verify a rock outcrop which was the front, the divine realized the opening of the access with machete. at that moment, took a bite from his neck. there were no more attacks, no allergic reaction, and continued work normally. with the work completed, leaving the forest for the same access, the divine assistant was attacked by a snake and suffered a sting in the forehead. at that moment they moved away from the area. it was verified that there was no type of allergic reaction and returned with normal activities.",Others,I
"in the geological reconnaissance activity, in the farm of mr. lázaro, the team composed by felipe and divino de morais, in normal activity encountered a ciliary forest, as they needed to enter the forest to verify a rock outcrop which was the front, the divine realized the opening of the access with machete. at that moment, took a bite from his neck. there were no more attacks, no allergic reaction, and continued work normally. with the work completed, leaving the forest for the same access, the divine assistant was attacked by a snake and suffered a sting in the forehead. at that moment they moved away from the area. it was verified that there was no type of allergic reaction and returned with normal activities.",Others,I
the clerk was peeling and pulling a sheet came another one that struck in his 5th chirodactile of the left hand tearing his pvc sleeve caused a cut.,Metals,I
"during the process of washing the material (becker), the tip of the material was broken which caused a cut of the 5th finger of the right hand",Metals,I
"in circumstances that the collaborator performed the cleaning of the ditch 3570, 0.50 cm deep, removing the pipe of 2 ""hdpe material with an estimated weight of 30 kg. together with two collaborators, when pushing the tube to drain the dune, the collaborator is hit on the lower right side lip producing a slight blow to the lip. at the time of the event, the collaborator had a safety helmet, glasses and gloves.",Mining,I
"being 01:50 p.m. approximately, in the nv. 1800, in the tecnomin winery. mr. chagua - bodeguero was alone, cutting wires no. 16 with a grinder, previously he had removed the protection guard from the disk of 4 inches in diameter and adapted a disk of a crosscutter of approximately 8 inches. originating traumatic amputation of two fingers of the left hand",Mining,V
"during the field trip, on lt 01 of the lajes target, junior da costa official stepped on a wooden stump that was on the ground, approximately 5 cm, which pierced his boot wounding the sole of the right foot. at the time of the accident, the employee was using all the ppe required for the activity and had his hands free. the employee was taken to the hospital, where he went through medical care, and was released to return to his activities the next day of work.",Others,II
"at level 2900, during the ore hauling activity with locomotive from the op2 to the bines, at times when the convoy was traveling through the hopper of the op1, the assistant motorist who was riding in the saddle holding the pole is struck weakly by a split set which was suspended in the hdp pipeline in the gable the work at 1.65 meters from the floor. at the time of the accident, the assistant was wearing all his safety equipment and was wearing a seatbelt. at the time of the accident the split set only accompanied the movement path of the convoy.",Mining,I
"the employee who works as an electrician in the management of electrometallurgy, suffers contusion in the right leg when suffering a slip at the height of step 3 of the staircase with code ele-81-040 (abb furnace cat ladder), immediately he is referred to a collaborator to the medical service to be treated.",Metals,I
"at times that the workers: technician and mr. orlando of boltec 2 of cia. wanted to pass the hand stacker by a sardinel, the technician pulled the hydraulic arm, while mr. was pushing from the nail of the equipment, when reaching the trench the rim is tied and the team turns forward falling on the technician.",Mining,I
"in circumstances where the employee made the connection of the electric cable of the no. 08 jumbo, the operator feels discomfort in the face cleaning with the hand while using the rubber glove, generating a superficial laceration (small wound) on the left cheekbone.",Mining,I
"in phase iii of the concentrator plant, the maintenance personnel carried out the removal of transmission belt from the flotation cell of pb cleaning; at the moment the mechanic removed the belt he leans on his left leg which slides towards the grating floor, leaving his foot between the two pipes generating the lesion described. the work was carried out at the floor level and at the time of the accident, the staff had put on their safety equipment.",Mining,I
at approximately 6:20 p.m. on 08/06/16 the operator eustaquio falls down from the metal platform that gives access to tank d-1021 of the strong acid leaching stage and suffers luxo-fractures in the wrist left when leaning on the floor with his hand. the operator was directed to the first tank of the strong acid leaching stage (tk d-2040) to verify the entry of spent to the taque.,Metals,IV
"project of vazante that carried out sediment collection of current in the south of mata target, in the drainage of serra do garrote. team that was composed of 04 members of the wca company, being the s.r.s leandro, and jehovânio. they were moving from one collection point to another, inside a shallow drainage, they saw the bee carton, the reaction was to move away from the box as quickly as possible to avoid the stings, they ran about 50 meters, looking for a safe area, to exit the radius of attack of the bees, but the s.s. and breno), were attacked and consequently they suffered 02 stings, in the belly and jehovah in the hand, verified that there was no type of allergic reaction, returned with the normal activities.",Others,I
"project of vazante that carried out sediment collection of current in the south of mata target, in the drainage of serra do garrote. team that was composed of 04 members of the wca company, being the s.r.s leandro, and jehovânio. they were moving from one collection point to another, inside a shallow drainage, they saw the bee carton, the reaction was to move away from the box as quickly as possible to avoid the stings, they ran about 50 meters, looking for a safe area, to exit the radius of attack of the bees, but the s.s. and breno), were attacked and consequently they suffered 02 stings, in the belly and jehovah in the hand, verified that there was no type of allergic reaction, returned with the normal activities.",Others,I
"the employee reports that he was working with brushcutters near the stone when the blade of the equipment collided with a piece of metal that was projected toward his leg, causing injury to his left leg.",Metals,I
"once the mooring of the faneles in the detonating cord has been completed, the injured person proceeds to tie the detonating cord in the safety guide (slow wick) at a distance of 2.0 meters from the top of the work. at that moment, to finish mooring, a rock bank (30cm x 50cm x 15cm; 67.5 kg.) the same front, from a height of 1.60 meters, which falls to the floor very close to the injured, disintegrates in several fragments, one of which (12cmx10cmx3cm, 2.0 kg.) slides between the fragments of rock and impacts with the left leg of the victim. at the time of the accident the operator used his safety boots and was accompanied by a supervisor.",Mining,I
"during the activity of construction of wall stopper with mortar blocks to improve ventilation in the intermediate zone; in moments that the bricklayer assistant was preparing to complete the construction of the 3.05m high wall, part of the wall - 12 blocks; 1.5 kg per block - fall towards the scaffold, so the mason assistant jumps towards an accumulation of sand located on one side to avoid being hit by the blocks, during the fall the injury described occurs. at the time of the accident the mason assistant jumps from a height of 1.40 m from the floor of the work and used his personal safety equipment which reduced the impact of the fall.",Mining,I
"the geologo and the auxiliary elismar traveled to evaluate geological points following the gps near some drainage. following the state highway that gives access to the aripuanã area, they stopped and got out of the vehicle to see the point identified in the gps, renato, when distancing himself about seven meters from the vehicle following the road, was surprised by four bites of thorns on his face and neck. quickly he hurried back to the vehicle, moving away from the place. the clerk was wearing a girdle and goggles, he still was not wearing gloves, as he would not enter the forest area. there was no allergic reaction.",Others,I
"geologist and auxiliary ademir traveled to the field to evaluate geological points following the gps near some drainage. following the state highway that gives access to aripuanã area, stopped and got out of the vehicle to see the point identified in the gps, mário, when distancing himself about five meters from the vehicle following the road, was surprised by two bites of thorns on his face. quickly he hurried back to the vehicle, moving away from the place. the clerk was wearing a girdle and goggles, he still was not wearing gloves, as he would not enter the forest area. there was no allergic reaction.",Others,I
"the safety and technical moved to the field for inspection activity, on the way to the field, paused together with the other two teams in order to know the drainage points to be checked, the safety at getting out of the vehicle, was struck by a sting of a weed in his neck, quickly returned to the vehicle and made radio communication with the other two teams which distanced themselves from the place. the clerk was wearing leggings and glasses. there was no allergic reaction.",Others,I
"auxiliary and geologist traveled to the field to evaluate geological points following the gps near some drainage. following the state highway that gives access to aripuanã area, stopped and got out of the vehicle to see the point identified in the gps, ademir, distancing himself about five meters from the vehicle, accompanied by the geologist mario, was surprised by two bites of blows on his neck. quickly he hurried back to the vehicle, moving away from the place. the clerk was wearing a girdle and goggles, he still was not wearing gloves, as he would not enter the forest area. there was no allergic reaction.",Others,I
"while traveling in the field in order to make geological mapping, the geologist manoel who was accompanied by the prospector marcos stooped to deviate from the vegetation, at that time, received three whistling stings being them, two on the face and one on the neck. there was no allergic reaction and activities followed normally after the event.",Others,I
"when moving in the field to make geological mapping, the prospector marcos who was accompanied by the geologist manoel stooped to deviate from the vegetation, at that moment, received a whistling sting in the ring finger of his right hand. there was no allergic reaction and activities followed normally after the event.",Others,I
"at approximately 5:45 pm, the operator paulo (operator of the filters) informed the autoclave operator via radio of a leak on the side of the scruber. the autoclave iii feed was stopped by the control and officials georli and renato initiated the procedures for closing the autoclave transfer valve for flash tqs. soon after, there was a break in the chicken, projecting pulp hot and reaching three employees who were inside the room near the equipment.",Metals,IV
"the operator of the scissor 187 leaves his equipment parked at level -2995 acc 7 due to electrical problems, when the maintenance personnel arrives, the electrician climbs on the control platform of the equipment and performs the verification of the hydraulic system confirming the problem; then in coordination with the mechanic decide to perform the test with the diesel system, moments in which accidentally activates with the body the arm movement lever causing the drill arm to move downwards generating the left hand's atricion against the support of the pivot tube generating the lesion described. at the time of the accident the electrician was alone on the control platform, while the mechanic was at ground level observing the pressure on the diesel system pressure gauge.",Mining,IV
"when the mechanical technician proceeded to perform the maintenance of motor supports of a tipper, he decided to bring a wooden block, for which he moved to the temporary storage of materials - located at 10 m. of the tipper - in circumstances in which he sought the cue; the camera of a tire burst suddenly (it was on the right and 2 m. of the involved); the thunderous sound affected the right ear of the worker. the tire that exploded has 110 psi of pressure approximately, at the time of the event they were stacked 3 pneumatic, the second was the one that exploded (presented cut - place where the energy was released). the tire that was in the upper part was not projected. the tires were left by the previous guard (night shift), the storage area does not have a roof. in the place of the event only the affected mechanic was located (at 2m.) and at a distance of 70m. there were other workers. in the area 5 trucks were parked, none of them suffered damage to the glass.",Mining,I
"in level 2930 access siemag camera roof, at times when the piquero civil operator looked for a stilson key of 12 ""inside its metal tool box, open the metal lid (1m x 0.6m x 0.7m; 5 kg of weight) with both hands, then push the lid backwards positioning your right hand near the base of the lid causing an incentration of your fifth finger between the lid and the structure of the box at the height of the hinge. at the time of the accident, the employee wore pad gloves, which reduced the consequence of the injury.",Mining,I
"when handling a lever to move the sludge, the employee moved it by making a pendulum movement and striking his chin.",Metals,I
"during the change of rim position 1 of the jumbo ° 15, at moments that the mechanical technician with the support of the electrician disengaged the bolts, when loosening the fourth nut with the help of a lever (metal tube 1 ""diameter, 1.8m of length and a weight of 5.5 kg), this bouncing effect returning to the initial position hitting in the palm of the left hand the electrician technician causing the injury. the employees at the time of the accident used their ppe's including leather gloves.",Mining,I
"in circumstances in which the operator of the scooptram proceeded to sit on his equipment, when closing the door he takes his right hand off the handrail and places it close to the door hinge, which when closing traps part of the worker's middle finger . the worker at the time of the accident made use of leather safety gloves.",Mining,I
"in plant while doing work on geho pump reducer n ° 1, when accompanying the rotation of the shaft of the reducer with a mixed key of 7/16 "", the wrench crown hits against the housing of the geho pump attributing the union area of ​​the fifth and fourth fingers of the welder's right hand causing the injury. at the time of the accident the equipment was blocked and the employee used his leather gloves.",Mining,I
"in access 2 of level 3910, during the installation activity of hydraulic filling pipes of 4 ""diameter, when installing a section 80 m to a height of 5.6 m with reference to the floor, the master of hydraulic filling - accident - and his partner suffers an attrition of the right hand between the upper edge of the scoop lamp and the roof of the work generating the injury. at the time of the accident the employee used his rubber gloves.",Mining,V
"at 11:00 a.m., mr. frank with the support of another mechanic, was preparing to place on the floor a metal part called the rear bridge of the forklift. at that moment the part moving part moves generating a blow to the middle finger of the left hand",Metals,III
"at level 3490 gallery 447, after performing the manual unlocking on load, the worker prepares to cut the sacrificial mesh that was exposed after the previous turn shot, placing himself under it with a 12-inch shear, when cutting the fifth suddenly strained wire of the mesh returns to his face casionándole the injury described. during the activity the worker used his safety glasses.",Mining,I
"in circumstances in which the adjutant of the scissor bolter came down by the team's ladder - last step - it slides from an approximate height of 0.9 m. and falls sitting on the floor. at the time of the accident, the person involved in the use of the helmet; there were no rocks or materials in the crash site.",Mining,I
"at moments when the maperu truck of plate f1t 878, returned from the city of pasco to the unit transporting a consultant, being 350 meters from the main gate his lane is invaded by a civilian vehicle, making the driver turn sharply to the side right where was staff of the company impromec doing hot melt work in an 8 ""pipe impacting two collaborators causing the injuries described at the time of the accident the truck was traveling at 37km / h - according to inthinc -, the width of the road is of 6 meters, the activity had safety cones as a warning on both sides of the road and employees used their respective epp's.",Mining,IV
"at moments when the maperu truck of plate f1t 878, returned from the city of pasco to the unit transporting a consultant, being 350 meters from the main gate his lane is invaded by a civilian vehicle, making the driver turn sharply to the side right where was staff of the company impromec doing hot melt work in an 8 ""pipe impacting two collaborators causing the injuries described at the time of the accident the truck was traveling at 37km / h - according to inthinc -, the width of the road is of 6 meters, the activity had safety cones as a warning on both sides of the road and employees used their respective epp's.",Mining,I
"being 10:25 h approx. hours the operator fernando during the opening of wagons, finds a hardened stake and uses a bar of approx. 1.5m to remove it. at that moment he presses the bar and hits his hand.",Metals,III
"during execution of drilling on the target - bolt brjcldd0006, made by the company servitecforaco - probe 25, at 09:45 on july 9, 2016, the official josimar da silva, in the moment of the maneuver to fish material, when removing the feeder of water, during movement of the winch realized that the safety chain was loose and could curl in the rod. in performing the chain removal movement, he placed his left hand between the hose and the cap of the hydraulic plate. with the unlocking of the inner tube there was an abrupt movement of the chain, pushing his hand towards the hydraulic plate, causing an injury to the ring finger of this hand. the lesion caused a cut in the 4th quirodactyl, with a need for suture of 3 points to close the cut.",Others,III
"the operator of the paste filling plant 01 removes a floor grating (60 x 90 cm), to clean the lower floor. it is removed to close the water valve and does not block the vacuum, the two technicians who were entering the filter belt notice an overflow and ask the operator to reduce the load. the mechanics kept walking without noticing the floor and one of them falls into the void impacting his foot left at an angle that was about 25 cm below the floor grating, producing the injury.",Mining,IV
"the accident occurred at the time an employee of the partner company sf carried out unloading operation of bladder bags. by cutting the bag for charging of the boom into the silo truck's delivery mouth, the inner plastic bag surrounding the contents abruptly dropped and a large amount of material fell onto the cone (funnel). the cone fell over and the injured man stood with his leg pressed between him and the body guard of the scaffold. there was external medical attention and it was verified that there was no fracture",Metals,III
"at level 2900 at the entrance of the locomotive workshop, the welder proceeds to inspect the mining cars and identifies that the no. 24 car has bearing problems, informs his partner about this finding and decides to enter the car to the workshop, so it operates the swing arm type mona of 15 kg. of weight to move the direction of the railway towards the central op, is at this moment that pushes the rocker with the weight of his body until his right hand comes in contact with the rock producing the injury described. at the time of the accident the worker was wearing the safety gloves of pad.",Mining,I
"when handling a sample in the laboratory, the sleeve of the employee's coat had contact with nitric acid, absorbing a small amount that came to reach the left forearm, causing a 1st degree burn.",Metals,I
"at level 3490 gallery 239, during the holding activity with the bolter equipment no. 24, the operator performs the drilling of the first hole to support the right gable; when the 7-foot-deep drill was about to end, the drill rod breaks, leaving the threads inside the drilling machine's shank; the operator and his assistant decide to make two empty percussion attempts to free the threads of the shank without success; in the third attempt the assistant enters a 3/8 ""corrugated iron to the central hole of the rest of the bar embedded in the shank to generate pressure, it is at this moment the operator activates the percussion and generates a movement of the shank which hits the palm of the victim's left hand generating a described injury. the worker was wearing safety gloves at the time of the accident. the end of the corrugated iron in contact with the left hand is shaped like a cane. the worker at the time of the accident was positioned under a roof supported with mesh and split set.",Mining,I
"at 21:15 hours on 07/18/2016, the collaborator warrin (welder), when trying to inspect a cracking point in the inlet of the g2143 laminator, slips and falls to the same level hitting his face and hand , he was immediately transferred to the medical service for evaluation.",Metals,I
"the employee reports that he was draining ammonia, used as a refrigerant, into a container of water when splashes of the solution drained onto his face.",Metals,I
"at the eusébio bridge, there was a sudden braking in which several cars had to brake quickly. the collaborator's car failed to stop in time and collided with the rear of the car ahead. they were about 40km / hour.",Others,I
"during torch cutting activity of the new evaporator treatment fixings, there was a rupture of the hose near the torch pen, causing the injury.",Metals,I
"at times when the mill operator proceeded to remove the vitaulic flange connecting the suction pipe to the pump housing 8b; with the intention of de-sanding the system, when removing the flange, the mineral pulp comes out under pressure and impacts on the face and wrist of his left hand generating the lesion described. at the time of the accident, both the secondary mill no. 4 and the pumps 8a and 8b were blocked for maintenance work and the mill operator used his safety glasses.",Mining,II
"at level 3390 access 2 area 2; the operator of the scissor team no. 200 was preparing to present the second mesh to continue with the support of the work; when the operator pulls the support mesh to share its length equally on both sides of the equipment, it is at this moment that from the roof of the work a rock weighs approximately 400 kg, which falls on the support mesh and slides towards the right side spoiler, as a result of this the mesh pushes the operator who is kneeling on the floor of the platform, which generates the lesion described. the rock falling does not directly impact the operator who was in a squatting position. the operator moves away from the area walking by his own means and is supported by the assistant.",Mining,I
"employee reports that upon initiating 615rlc front loading activity, during the elevation of the aerial work platform, a rock fragment from the roof of the gallery was dropped, reaching its face, causing the lesion.",Mining,I
"when opened the access ladder of the people carrying truck the employee had his right hand pressed into the support bracket of the same, suffering a superficial injury.",Mining,I
the employee of partner company gr reports that she was cutting watermelon when she injured her 2nd chirodactilo of the left hand with the knife.,Metals,II
"the mincing team was carrying out activities in the city of juína and was coordinated by mining technician felipe a time when the mining technician was last in line and more away from the team, was bitten by a blackjack on the left side of his face. there was no allergic manifestation and the team continued the work. in the afternoon, after lunch, the employee sought medical care, was medicated and released to continue activities the next day.",Others,I
"at times when the worker was cleaning the long holes of the production mesh in negative, when removing the polyethylene pipe it suffers a clogging inside the drill, which product of compressed air pressure is released by ejecting detritus and fragments of rock inside the hole impacting the worker's forehead causing a cut.",Mining,II
"when removing the cap from the wear plate of the warman lx-bb-01 pump, the left hand of the employee who was with the glove slipped came to have contact with the cutting part of the board.",Metals,I
"during the withdrawal of the fixed jaw wedge from the crusher 41br01, the hoisting device (hook) was broken causing the steel cable of the overhead crane to strike the left hand of the employee.",Mining,IV
"on leaving the company the employee stumbled onto the exit ladder of the building and fell 3 steps, causing twisting of the ankle and grating on the cinnamon",Others,I
"during ore transport works from op2 to bines; after having filled the tenth mining car with ore, the assistant positioned on the platform of the hopper op2 places a wooden board between the pistons of the chain to avoid the fall of fines into the track, at which time a fragment of rock (10cmx8cm x6 cm; 1.4 kg) rolls by the load and hits the distal phalanx of the fourth finger of the left hand. the assistant at the time of the accident was wearing safety gloves (pad type). the hopper op2 at the time of the accident was with zero energy.",Mining,III
"in circumstances, the drilling assistants proceeded to assemble the inner tube to the barel; the injured person retracts the inner tube (head) to throw it manually towards the top of the catheter (inclination - 3 °) to continue with the perforation, in that moment the glove of the left hand is hooked in the speart point pushing his left hand until the edge of the box of the barel, originating the injury. at the time of the accident the injured employee used his rubber gloves and the work area was well lit.",Mining,III
"the employee mr. nilton made the opening of the visit to unclog, at this moment occurred projection of hot material, occurring the accident.",Metals,I
"while maintaining the ramp 604, when placing the first cloth for the overlap with the previous mesh; the operator will check the work front, then return to the back of the team to coordinate with his assistant, at which time a fragment of rock (weight: 0.42 kg) of the non-sustained area will be detached, which impacts on the arm of the team and reaching by bounce the collaborator causing the injury. the one involved made use of all their epps. at the time of the incident the assistant was in the back of the team preparing the support mesh.",Mining,I
"at level 3450 access 4 a2, the operator of the scissor # 200 performed the support of the crown, at which time a piece of rock (13cmx6cmx2cm; 54g) passes between the cocada of the support mesh, from a height of 1.60 meters, towards the platform of the team breaking into particles one of which reaches his right eye causing the injury.",Mining,I
"at level 2995 access # 6 a1 while the operator of the scissor # 187 carried out the support of the right gable, from the platform it is arranged to place the split set in the drill in the squat position to be introduced by the bolt, moment in which the which between the cocada of the support mesh falls from the crown a piece of rock (5cmx4cmx2cm; 112gr) from an approximate height of 2m impacting on the cervical region of the collaborator, causing the lesion described. at the time of the accident the crown was held and the collaborator used his safety glasses and gloves.",Mining,I
"the employee was performing cutting activity on a carbon steel pipe attached to the band saw machine. due to uneven weight distribution, the tube moved downward and the other end was projected upwards, pressing the thumb.",Metals,I
"the servant would remove the dishes from the bowl of the sink and when picking up a set of plates, there was one of them with the broken / broken edge, causing injury to his 3rd chiropactyl from his right hand.",Metals,I
"at times when the collaborator was performing the evacuation of inchancables from the mine, present in strip ° 1, of phase he notices a piece of support mesh positioned between the frame and the return belt; after several attempts to remove this mesh, with the belt in movement and using a metal rake as support, the mesh yields moving in the direction of rotation of the return belt, hitting the collaborator's hand against the metal structure, causing contusion in the left hand. at the time of the accident the employee used his leather gloves.",Mining,I
"once the topographic survey in the stp. 440 (east zone), the victim and his co-worker, decide to continue with their work in the stp. 440 (west), for this the injured person walks behind his co-worker (10 to 15 meters), when arriving at the loading zone (intersection rpa 175 and st 440) the injured person asks the sccop operator to stop to pass, once the equipment is stopped, the victim passes behind his partner stuck to the gable, trying to avoid the accumulation of water, when he takes the third step into the puddle, the injured person steps on the false and falls to the floor, causing the injury .",Mining,I
"the employee reports that after carrying out activity in the area of ​​the expedition was to remove the overalls and had contact with material that contaminated the sleeve, which caused 1st degree burn in the right forearm.",Metals,I
"at 22:50 hours in row 12 when the cell suction partner removes the suction hose, untimely splashes of electrolyte solution in the left eye. immediately he was referred to the medical service.",Metals,I
"during the execution of the area cleaning activity using a hoe, the employee hit against a fixed metal structure in the area, coming to reach the abdomen on the left.",Metals,II
"collaborator was cleaning the sink of the copper repulping area, at the moment of filling the truck with the shovel, he projects sludge towards the lenses; soiling them and obstructing vision. the worker indicates that when removing the lenses to clean them, some mud particles enter the left eye causing discomfort. it is referred to the medical center for the corresponding attention.",Metals,I
"the clerk was cutting the excess fiberglass in a passing box and had contact with the blade of the marble saw, which cut the glove and caused a wound in his right hand.",Metals,II
"at level 4150 (+80) unicon plant the collaborator was doing shuttering work in the concrete water sedimentation basin, at the moment of nailing a wood as it supplies on another 4 x 4 inch strip, he feels that the metallic hammer loosen the wooden handle and to fix it, he grabs the hammer by the head and hits the handle vertically on a wood, generating the injury. at the time of the accident the employee did not use his safety gloves.",Mining,I
"on the surface, in the dining room of employees of the unit, while the collaborator performed the chicken habilitation for lunch using a kitchen knife, it comes into contact with the distal part of the second finger of the left hand causing the injury described . during the accident the employee did not use his specific height gloves for this type of work.",Mining,I
"during the maintenance work of the vertical pump (8 "") of zinc concentrate, the three mechanics were performing lifting maneuvers to be able to position the pump to the drawer, instants in which the pump becomes clogged by the reduced space of the work area and in order to release the pump they place a young lady in the lower part, at which time she is released and turns untimely, hitting the middle finger of the injured person's right hand against a 12 ""trellex hose.",Mining,III
"in section 75 in row 12 cell 36, the worker performs anode lifting to correct short circuit, using the auxiliary hoist and nylon sling, at which time the sling is released from the anode and hits the back of the right hand causing it the injury. worker is seen in the medical and transferred to a clinic for external evaluation.",Metals,IV
the check list of the area of ​​the survey the operator slipped in the foliage of the leucenas and fell.,Mining,I
by participating in the general dds held in the outside area of ​​the central locker room the employee was bitten by a bee.,Metals,I
"the employee reports that when performing the maintenance activity of pump on the tunnel of the tc-020, as he was pulling out the rotor, struck the piece with the mallet that slipped from his hand. reaching the lower part of your left leg, causing the injury.",Mining,I
"when trying to release the pipe (hdp pipe, 50m long and 2 ""diameter) stuck in the support mesh, the master loader and his assistant pull the pipe to release it, when the pipe is released hits the lateral part of the cheekbone and the eyelid worker's right generating the described injury.",Mining,I
"in the city of conchucos, of ancash, participating in a patronal feast, representing the company, was mounted on a horse as part of the ceremony throwing fruits and toys to the people attending this public event, the noise of the materials pyrotechnics and people trying to collect the gifts caused the horse in front and very close to her horse to be frightened and kicked back hitting the lower limbs.",Others,III
"employee was removing the strap from a chemical container as it projected toward him reaching his lower lip and anterior chest, the strap was contaminated with caustic soda and caused a 1st degree burn.",Metals,I
"when cutting the vegetation to open the bite, using a sickle, the assistant struck the vine twice. when the liana ruptured, the top of the branch projected against the face of the auxiliary causing the cut in the upper lip.",Others,I
"on september 17, 2016 at approximately 8:35 pm, during the preventive maintenance of the g2142 debarking machine, the bearing assembly is made on the anode cleaning roller; when fitting the bearing in its final position, the staff used a chisel and a 4-pound rope to position the bearing. the worker places his left hand near the head of the chisel and warps, in these circumstances a splinter is embedded in the proximal part of the thumb of the left hand, immediately the collaborator communicates to the supervisor and is evacuated to the medical for review.",Metals,I
"employee reports that he was monitoring the existence of a borehole of a tubing in the thermal recovery boiler of the ustulation area, through the side window, when he was struck by projection of heated air that reached his face and right forearm.",Metals,II
"collaborator around 9:00 am, cleaning the leaves of the return well of the 5021 borehole brapdd 0183 slipped on the canvas that was on the edge of the well, hitting the right side of the back against the metal structure of the mud-swathed box causing a slight excoriation. the employee was referred to the local hospital, medicated and released for the activities.",Others,I
"the employee was performing maintenance of the blower, when the residual water projection occurred on his face. in an attempt to remove ppe, the injured person has had contact with contaminated gloves with the right eye causing irritation.",Metals,I
"the lubricating technician alfredo made the oil filling to the reducer d-100, in which, he notices an oil leak (tearing) between the connection of the hose and the reducer, correcting the leak. once the work is finished, he goes to the lubricants workshop where he removes the gloves and observes that both hands are affected by contact with the hot surface and goes to the medical center where he was treated.",Metals,I
"during the maintenance of the access, at the moment the assistant places the mini split set in the adapter, the clamp - which was locked - returns to its initial position hitting the collaborator's hand causing the described injury. at the time of the accident the team was in a sustained area, the arm of the jumbo was at a height of 0.80m from the floor and the employee was wearing rubber gloves.",Mining,I
"employee was preparing rice using a utensil type skimmer to stir inside the pressure cooker when part of the cable broke, reaching its hand causing a blunt cut.",Metals,II
in circumstances in which the operator of bolter n ° 8 went down the ladder to the height of the resting platform - at 0.80 m. floor level - slips off balance by hitting your back against the handrail of the operator's door. at the time of the event the injured person used all his epp's.,Mining,I
"the technician operator when heading towards the zone of lifting containers of dust of zinc in the section 50, uses a space between base of tranquera and sardinel, slipping in the edge and raspándose left side of thorax. he was treated at the medical center with local treatment, returning to his work area.",Metals,I
"at 14: 55h on 27 september, a worker from confipetrol carried out industrial cleaning of the outside of the acid reduction tank d2055, to check the progress of the helmet mask; moment that hose pipe was released that was secured with pressure clamp (for water and air), impacting lips",Metals,I
"being 05:30 am. approximately marco and isidro torres they were performing the pipe standardization of the cx 771 / cx-983 nv. 1940; in moments that marco lifts the air pipe over the spike, this seat and the pipe impacts on the worker's safety guard.",Mining,I
"being at 11:00 a.m. approximately the mechanic was removing the last bolt of the 6 ""nipple in the pump 4115 (lime feeder), reactive area, the mechanic is positioned slightly flexing the legs and performs upward force with both hands, in that moment feels a pain and a spume in the right thigh. the mechanic is evacuated with the help of his colleagues to the medical post.",Mining,I
"being 10:50 a.m. approximately, in the maintenance workshop of the e.e unicon, in circumstances that two mechanical technicians placed the protective plate (30 kg.) of the mixkret 111 fuel tank, at the moment of attempting to bolt this protective plate it slips from the hands of one of them falling directly on the instep of the left foot, causing the injury described.",Mining,II
"being 5:15 a.m. in the n. in the nv 1710 cx 018, the mixkret operator was washing the mixkret 116 with a hose with water under pressure, it is necessary to change the location; from the right side to the left and he proceeds to pull the hose then slips and feels that the left foot bends.",Mining,I
"after carrying out the supply operation of the zinc powder container using the crane to move it, the employee closed the lower lock of this same container and when making the movement to push the lock made an excessive effort with the thumb of the right hand, causing sprain.",Metals,I
during the withdrawal of cathode sample the employee came to press the finger with the tool that cuts the sample.,Metals,I
"at the intersection of level 3970 - main road and access to the south ramp, the collaborator, after having freed the tube 2 inches in diameter from the gable, descended holding the pipe on the fourth step of a telescopic aluminum ladder (approximately at 1.20 meters from the floor) at which point another clamping point in the gable is lifted by lifting the tube which pulls the worker causing him to lose balance and fall from a height of 1.20 meters. the described injury occurring.",Mining,I
"in the probe 5068 bore bapdd00146, around 15:00 hours, the polling assistant luciano da silva performing the maneuver of descending rods, led the rod to the gutter, but this when not leaning suitably came to escape the gutter returning toward the easel. his hand had slipped and his little finger was between the rod and the easel. realizing that the shaft had returned, he released it. immediately, but his little finger was partially hit by the rim of the rod against the easel resulting in a cut. the auxiliary was taken to hospital and attended to, the wound resulted in 5 points and the was released for administrative activities.",Others,III
"at the offices of incimmet, in circumstances that an environment was being set up to place cleaning materials, a wooden strip was placed between the staircase structure and the container, this strip was not cut to size, so the accident victim he coordinated with his partner to put it under pressure using a hammer while holding with his right hand the frame, this pressure placed strip pushed to that side of the container creating an opening between the corrugated iron and the wall, at that time, continuing to hit the ribbon, this falls causing the wall of the container to return to its initial position, pressing the tip of the little finger of the right hand against the corrugated iron causing the accident.",Mining,II
"in the area of ​​equipment inspection, while the staff of the atenuz ee, trying to remove the hydraulic hammer safety locks of the excavator, the mechanical lubricator holds with his right hand a hat-type chisel while the equipment mechanic hit the chisel with a 2-pound rubber bump to remove the safety, at which point one of the blows falls on the edge of the hat-type protector, causing it to slip and strike the fourth finger of the lubricant mechanic's right hand generating the described injury. at the time of the accident, the lubricator mechanic had put on the gloves type pad.",Mining,I
"being approx. 23:45 hrs. mr. eliseo secondary crushing operator, when retiring to his snack, finds the gate of the chute of strip 6 open, and when approaching to close the gate, in that at that moment, the operator mr. samuel who was on the upper platform, coordinates with the operator of the control room the start of strip 6-1, at that moment the start-up product projects a particle (10x6x5cm) impacting on the flange of the gate and projecting to towards the height of the lenses and respirator of mr. eliseo.",Mining,III
employee was doing cleaning near the area of ​​the pneumatic conveyor when he was hit by a drop of sulfuric acid on his upper lip.,Metals,I
"employee assisted in the support of the gate, while the other the tying of the canvas in the frame, and by pressing the rope so that the canvas stretched, the metal structure moved, coming out of the wooden support, falling and striking against the employee's face, causing a cut in the right superciliary.",Mining,II
"in phase i, the operator carried out the removal of inchancanbles of the reciprocating feeder, while removing a split set with the support of a rope, the staff supports the left hand on the structure of the protection against falling, it is at this moment that another split set comes out together with the load and hits on the distal phalanx of the fifth finger of the left hand, generating the described injury.",Mining,III
"in circumstances that the assistant of mine was arranging to advance the hose of flexible nylon of 1 ""of diameter, to proceed with the watered of shot fired, positioning itself under a zone with the support deteriorated by the last blasting, moment in which it gives off a block of rock (25cmx10cmx5cm; 3.5 kg) of the roof of the work of a height of 5.2 meters which when falling hits by rebound in the left leg of the collaborator causing the described injury.",Mining,IV
"inside mine during the diamond drilling of a positive 15 ° drill, in moments when the control tube was rescued with the fisherman, the winch cable breaks untimely developing a whiplash effect and impacting on the left hand of the drilling assistant causing the described injury. at the time of the accident the drilling assistant was on the platform at 1.0m from the frame and was using his hycron-type safety gloves.",Mining,I
"as the employee cleaned the thermal recovery boiler using an air boom, the hose loosened from the pipe connection, drawing a jet of compressed air toward his right ear, causing impact noise.",Metals,I
"in the activity of loading of explosives in front of level 326 gts, there was a fall of a rock fragment reaching right arm of the blaster causing a cut-blunt.",Mining,II
"in circumstances that the mechanical technician and his work colleague arranged to accommodate the spare (rollover) of the small 02 on the platform of the cart on the floor, the two squat collaborators decide to push one on each side, at which time one edge of the rollover imprisons the third finger of left hand against the handle of the cart on the right side, causing the wound on the third finger left hand. at the time of the accident both employees used their respective gloves.",Mining,I
"once the ore loading in the lt-30 locomotive was completed; the penultimate car derails (7th car), by the presence of fragment of rock in the railway line, (weight of the car with mineral 8 tons), and to get it back on track the mining car, the victim makes use of a metal tube (length 1.20 meters and 4 ""diameter) to maneuver and reposition the mining car; at that moment the metallic tube loses stability and imprisons the victim's hand against the strut of the mining car. the collaborator at the time of the event towards the use of his leather gloves.",Mining,III
"at a time when the heavy equipment operator got on the equipment to check the right front headlight (defective) of the scooptram # 181, position on the rim position # 2 his left leg which slides, causing the heavy equipment operator to fall from a height of 0.60 cm",Mining,I
"in the alimak chimney of level 2440, the alimakero driller and his assistant are positioned in the main cage with guard heads and proceed to perform the rock untie at the top of the chimney, it is at this time that the teacher perceives a spark of rock in the top and communicates to the assistant so that this prevented, when falling the rock of 1.0x0.80x0.20 m on the guard heads is fragmented and one of the fragments fall on the chain and rebound rubs the operator's right hand generating the described injury.",Mining,I
"in the activity of placing boards on racks for the exchange of fabrics of the filters, one of the plates was inclined, trying to put the plate in the correct position, the plate arm pressed the back of the right hand against the structure of the easel",Metals,IV
"when observing the pulp overflow of the overflow reception drawer of the thickener, the filter operator approaches to verify the operation of the c7-26 pump, making sure that it was stopped. so press the keypad to start the pump and not getting the start, proceeds to remove the guard and manipulates the motor - pump transmission strips, being left hand imprisoned between the pulley of motor and transmission belt",Mining,IV
"mr. eriks after having completed the change of guide pole in the conveyor belt 7-1, the collaborator moved to the other side of the belt to remove the tecl, passes under the stairs without getting to observe that in that moment the collaborator jhon dropped an inchancable of a weight approx. of 15 kg. from the entrance platform to the chute of discharge, at a height of 1.80 meters, the iron grazed him on the forearm, finally hitting his left foot at the height of the instep.",Mining,I
"when igniting the furnace 07 of the battery i, there was reflux of hot gas, reaching the face of the employee.",Metals,I
"approximately at 02:10 a.m. mr. wilmer approaches the c150 drying tower for the placement of a blanket, to cover the entrance manhole of the tower; at that moment the manhole cover resting on the railing slides, impacting on his right leg.",Metals,IV
"being the 01:30 hrs, after the cathode goes through the pre estriping, the sheets are detached and bend to the cathode of its position, the operator with the assistant lift the cathode by the head to position it in the tranfer at that moment the detached sheet exerts pressure on the cathode hitting the palm of the left hand of the operator with the head and the transfe, activity is paralyzed and the collaborator is referred to the medical post by the head of the guard.",Metals,I
"the workers: césar (injured) and nilton receive the order of their immediate supervisor román to carry out the assembly activity of a brace (length 4.60 m, approximate weight 50 kg) of the structure of the nro belt. 2, said collaborators lift the brace and approach it to the installation point, leaving one end on the ground and the other resting on the corner of the pedestal (approximate height of 40 cm). after carrying out the planning of the work, the injured person lifts the end part that was on the floor to turn and position it for assembly, at that moment the other end falls generating the imprisonment of the fingers of the left hand. staff is taken to the medical center by the supervisor.",Mining,III
"in the region of povoado vista - martinópole - ce, the employee fábio de vieira performed soil collection activities in the field, together with the auxiliaries manoel da silva and diassis do nascimento, when around 10:00 am, when crossing a fence his glove was attached to the wire and his body projected forward causing a slight twist of the left wrist. the team traveled to the city of granja and the employee was referred to the hospital for consultation. the doctor did not diagnose a fracture, prescribing remedy for local pain and ice packs. by medical evaluation the employee can carry out his activities normally.",Others,I
"the operator when descending by ladder of sailor of 6 steps, falls to the floor going down of the 3er. step, falling on his back and hitting his head. the worker used the chin strap with the helmet, a safety element that reduced the injury from the blow. he was treated at the medical center with local treatment, referred to the clinic for re-evaluation.",Metals,I
"being approx. 3:10 a.m. mr. denis made the mesh placed in a ventilation plug up a ladder, while trying to do a wire tie, suddenly had an imbalance due to the manipulation of tools falling from the third step, propiciándose a blow in the right knee and a wound of the wrist of the right hand. later he was evacuated to the post where he received first aid.",Mining,I
the employee reports that upon initiating 615 rlc front loading activity while performing the emulsion preparation for use there was a displacement of a small rock fragment from the ceiling reaching his left forearm,Mining,I
"in level 2900 dining room, the collaborator finished washing tabolas (food containers) of dimensions 52 cm x 30 cm x 20 cm, proceed to order them by pinking the thumb of the right hand in the corner of the aluminum tabola, generating the lesion. the employee at the time of the accident did not have safety gloves.",Mining,I
"during the exchange of the shock-bearing housing, the employee used a sledgehammer to hit the pipe. at this stage of the activity the hammer hit the stepladder that was very close, coming to (hand tool) to be projected onto the left hand thumb, which was holding the piece.",Metals,II
"after the welder completed the welding work to reinforce the forms in the deepening, he walked towards the distant truck at about 40 mt, at which point the welder stepped on a fragment of rock of 5 cm x 10cm x 5cm approx. which generates that the foot flexes and generates the injury in the worker.",Mining,I
"during the activity of chuteo of ore in hopper op5; the operator of the locomotive parks his equipment under the hopper to fill the first car, it is at this moment that when it was blowing out to release the load, a mud flow suddenly appears with the presence of rock fragments; the personnel that was in the direction of the flow was covered with mud.",Mining,I
"during the activity of chuteo of ore in hopper op5; the operator of the locomotive parks his equipment under the hopper to fill the first car, it is at this moment that when it was blowing out to release the load, a mud flow suddenly appears with the presence of rock fragments; the personnel that was in the direction of the flow was covered with mud.",Mining,I
"during the activity of chuteo of ore in hopper op5; the operator of the locomotive parks his equipment under the hopper to fill the first car, it is at this moment that when it was blowing out to release the load, a mud flow suddenly appears with the presence of rock fragments; the personnel that was in the direction of the flow was covered with mud.",Mining,I
"at times when four mechanics performed the removal of a (1tm) engine on a positive slope using a key and a tyrfor, at the time that the 1st welder tightened the key (12 kg of weight) when pulling the chain the eyebolt that held the click on the roof of the work is broken transversely causing the fall of the key hitting the helmet of the welder mechanic causing cervical contracture. the tirfor was used during the activity as a second protection to prevent the engine from falling.",Mining,I
"at times when four employees lowered a metal sheet (1.5mx1.8m; m 80kg) towards the floor from a height of 20 cm., the assembly assistant does not timely remove the hand, trapping his ring finger between the iron and loose earth causing a contusion on his ring finger. the collaborator at the time of the event to use their maneuver gloves.",Mining,I
"during the withdrawal of the metal form support screw in the inside of well 2, when the bolt of the chain holder was loosened, the employee and a helper exerted force on the combination wrench, when the bolt came to loosen immediately, pressing the ring finger of the employee's right hand against the support.",Mining,II
"at 18:40 hours, in moments when mr. claudio tipper operator readjusted the nuts of the rear tire on the right side of his vehicle, using a wheel wrench and a tube as an extension to generate greater force of torque; which was mr. wilber held him in his back; suffers a contusion in the palm of the right hand as the extension to his partner slips from his hands.",Mining,I
"when entering the caustic soda containment basin to place the hose to make the suction, at this stage there was steam formation, striking the employee in the right and left calf.",Metals,I
"during the activities of revegetation of the slopes of the pit pit ii, the employee hitting the sledgehammer on the rods for installation of the lifeline, it hit his right leg, causing a slight excoriation.",Mining,I
"when performing the doosan rb-10 equipment hammer repair, the employee tries to remove the suspenders with the support of a 25-pound rope; at the moment of receiving the blow the brace or bolt causes a splinter to be released, expelling and impacting on the lower left limb causing metal embedding in it. the collaborator did not notice immediately.",Mining,III
"employee reports that he performed an activity in the area of ​​the ustulación, under the coordination of maintenance when he was hit by dust from the ustulado, causing irritation in the eye region.",Metals,I
"on december 13, the accessories coupling (gun - hose) of the high pressure pump (bap) was made to clean the demister of the cooling tower g2172. carrying out the complete coupling, they turn on the bap to start with the start test, at that moment the hose comes off the gun and hits mr. emerson who was holding the gun.",Metals,I
"employee reports that when returning the anode to the easel the even bumped into the side of the easel coming to swing and hit his right shoulder, causing bruise.",Metals,I
"happened?): during the maintenance of the bolter equipment; the collaborator uses a carpenter's hammer to be able to remove a link in the chain of advance the drilling machine, in moments that hits on the side of the chain, the partner hits the structure of the beam diverting the path of the hammer causing it to strike his left hand.",Mining,III
"the maid while walking in the electrolysis area, stumbled and fell next to the bathroom in room b.",Metals,I
"in circumstances that the operator performed the lifting of an 8-inch vitaulic pipe, this is imprisoned in the structure of the railing of the truck, instants that pushes the pipe with the right hand this returns to its initial position hitting the middle finger of the employee causing a bruise",Mining,I
"when performing the movement of the bar to make room and place a calibrator. mr. chuquillanqui pushes the bar with both hands turning it, being at that moment imprisoned the middle finger of the left hand against the other bar that was ahead.",Mining,II
"employee reports that he performed soldering activity when he was hit in the eye region by dust that was found in the thermal insulation, causing irritation.",Metals,I
"at the end of the unleashing of saturated material on the talus crest of bank 4318, the rugged taut rope to leave the work area, tension at which moment loose material from the top of the slope crumbles (height of 6m and stool of 3m) projecting a fragment (6cmx2cmx1cm; 26gr) which rubs the right cheek causing the injury. at the time of the event the area was isolated and the collaborator had all the epps corresponding to the activity.",Mining,I
"at level 4150 geology - surface, master mine to temporarily repair water leakage from a 4-inch diameter metal distributor, makes a cut of a rim chamber strip of 4cm wide x 100cm long making using a cutter, his partner stretches the camera when cutting with force the edge of the cutter makes contact with the index finger of the left hand causing a superficial cut. at the time of the event the worker was wearing boss gloves.",Mining,I
"mr. marcelo withdrew foam from the ajax oven, using the metal spoon to empty it into the foam waste container. at that moment splash of slag residues, impacting the face and generating a surface burn. the worker was wearing a face mask.",Metals,I
"employee reports that when trying to remove one of the plates from the overflow system of the ustulador oven, the 5th finger of the right hand was pressed between the tool (wrench with extension) and the overflow flange of the ustulador oven, located behind the performer.",Metals,I
"at 13:40 hours, mr. hidalgo, wanting to climb on the starter board to remove the fans, stands on an unstable reel and, when driving, fell frontally at a height of 2.98m.",Mining,IV
"being approximately 8:10 p.m. alpha operator mr. ronald was heading to mine when he decides to stop the equipment to accommodate the lights (left side), manipulating the support of the lighthouse, catching his fifth finger of the right hand with the protection grid and support.",Mining,III
"at 13:40 hours, mr. jose performed the erasing of the earthenware of section 30, when turning on the machine of alizado (ironing) of concrete, this tour abruptly imprisoning his left hand between the command of the equipment and the metal structure, causing an atriction in the back of the left hand.",Metals,I
"in the volvo workshop at the time of cutting steel plate (thickness 1 in), for the installation of the mt-32 scoop lip, with oxicorte equipment, the injured feels a discomfort in both eyes. at the time of the accident the collaborator made use of his full epp, but the soldering iron lens did not make full adjustment for the presence of the respirator.",Mining,I
"during the mechanized support activity in the level 3450 - tajo when lifting the support mesh on the platform of the scissor equipment, the employee with a stumble feels a pain in the heel of the left foot.",Mining,I
"during the preparation for the scaffolding activity, the employee was loading the pieces to the designated place where he had his finger pressed between the metal pieces that were being moved.",Metals,I
"when making the change of support of the vertical pump of 6 ""(40357 zinc two mechanics raised a beam in"" h ""(4"" x 2.7 m and 45 kg.) one at each end and being at the height of the injured person's knee slips from his hands causing the injury described.",Mining,I
"at 11:25 a.m., the deslaminator stops untimely, then the operator lowers and locks the machine to verify the failure, detecting locking of the sheet between the basket and the manipulator. the operator tries to arrange the sheet manually and when pulling the sheet, this one cuts the palm of the right hand with the edge of the sheet, is referred to the medical center for attention.",Metals,III
"employee performed withdrawal of electrical failure in the engine control drawer of the tq 14 a, after the check and exchange of fuses, it closed the door of the drawer and energized the drawer, at this moment an arc was opened, reaching the face and part of the employee's forearm, causing minor burns.",Metals,II
"in circumstances where the worker hit the support of the drill beam advance cylinder to align the base of the beam with the holes of the beam and place the bolt, mechanical hammer slips and by inertia the mechanic's hand hits the edge of the beam causing the injury. at the time of the accident the employee had all the ppe for this activity.",Mining,I
"at level 2995 access # 7, scissor # 187 performed the sustaining activity, drilling the drill to install the split when lifting the electrowelded mesh of 12 square meters (6m x 2m), weight 21 kg. approximately to the team's platform, the assistant slips and feels a pain in the inner edge of the right knee.",Mining,I
"the auxiliary of general services i, paulo e silva, with 5 months and 10 days of work, was performing the activity of soil collection. during the movement of equipment to the next point, holding a lever, it encountered a piece of sloping ground and with interlaced vegetation, which caused the fall of the to the left, the same side where the tool was held. the rapid fall prevented the employee from leaning, causing a shock of the elbow with the ground. the employee continued the activity for another 3 points of sample collection until he felt the arm bothering.",Others,I
"during the reduction activity in the tube, the employee attached the tube to the walrus, and when he hit the tube with the hammer, he untied the walrus by reaching his finger.",Metals,I
"during the activity of settling of concrete blocks for the ventilation plug wall in the cx-943 of level 3590, in circumstances that the worker made the setting of the union between concrete blocks, a polyethylene pipe of 2 ""diameter was picks up the spike and when it hits it hits the top of the worker's protector.",Mining,I
"at level 3450, tajo area 2; after completing the drilling of drills for loading; the operator removes the bit from the jumbo arm and walks towards the crew cabin; from the crown of the work a fragment of rock that passes through the cocada of the mesh of 3 ""and impacts on its helmet and rebound hits the right shoulder of the operator, generating the described injury.",Mining,I
"upon approaching the furnace that was in the process of melting the zn ingot, it was struck by liquid metal projection.",Metals,I
"during routine slimming activity of the kiln 8 of the battery 1. the employee began to remove the waste inside the crucible with the aid of a skimmer, felt pain in the left shoulder.",Metals,III
"at 15:05 hours, mr. cesar tello-moinsac, was carrying out the work of assembling the water line, for that he climbs up the cat ladder and at an approximate height of 2.5 meters he vanishes and falls, hitting himself on the way, being transferred to the medical center for his attention.",Metals,IV
"when manipulating materials on the master drill truck, the operators decide to make space by moving a radiator, at that moment the driver of the truck is imprisoned the little finger of the left hand against the bar.",Mining,I
"employees engaged in the removal of material from the excavation of the well 2 of level 265, using shovel and placing it in the bucket. during the day some of this material fell into the pipes of the employees' boots and the friction between the boot and the calf caused a superficial injury to the legs.",Mining,I
"employees engaged in the removal of material from the excavation of the well 2 of level 265, using shovel and placing it in the bucket. during the day some of this material fell into the pipes of the employees' boots and the friction between the boot and the calf caused a superficial injury to the legs.",Mining,I
"being 4:15 a.m. on the 179th block of nv 1880 ob 2, at the moment that messrs. and roger (injured), cleaned the 14th drill of the radial mesh that was in an inclined shape in the right gable, moment that detaches fragments of rock of 5x5x2 cm. impacting the shoulder.",Mining,I
"employee was transiting the grs area when he came to slip, suffering a twist in his left knee.",Metals,I
"on 01/24/2017, at 12:25 a.m., during the activity of collecting soil, the collaborator milton ran into a branch and was attacked by maribondos. he was bitten twice in the head. no pain, swelling and no allergic symptoms continued with their activities.",Others,I
"during the process of loading drills in the carmen pit of level 3450, the operator positions the basket of the anfo loader 186 equipment at a height of 3m from the floor to carry out the loading of the production drills; at this moment, a stone slab of 1.4x0.7x0.2 m is detached from the front of the pit, which is tilted and lodged inside the basket, trapping the right leg of the collaborator.",Mining,V
"being 00:10 am at times when the collaborator was passing a tubo ""pvc pipe to the loader to uncover the fifth hole that was obstructed by a piece of rock. the operator of the jetanol accidentally activates the air valve, causing the loading pipe that was in the floor to rise suddenly throwing prils of anfo (excess in pipe) on the cheekbone and eyelid of the right eye of the victim.",Mining,II
"in circumstances that the tipper mv-01 of the ee mceisa, moved of the nv. 3120 to nv. 3300, the operator sees a congestion of equipment in front of his unit in the ramp 990 - at a distance of 80 meters. of access to the nv. 3300, which is why he decides to get off the cab by turning off his vehicle, when suddenly he slides off the second rung that is 0.70 m from the ground, hitting the right forearm region against the fender and the same rung.",Mining,I
"at the moment of entering through the mouth of tunel 3600, the employee moves on the left side of the locomotive lt-18 (locomotive of personnel transfer that was stationed at the entrance of the mouth) without noticing the protruding abutment of said locomotive at the bottom hitting his right knee with the metal stirrup. it should be noted that the operator continued his duties during the watch without reporting what happened. at 2:30 a.m. the extraction supervisor, upon noticing the discomfort of his partner in the knee, immediately evacuated him to natclar after reporting to the control center.",Mining,I
"during the assembly activity of polypropylene pipe with 4 ""diameter, the employee stepped on the pipe flange, it twisted his right foot.",Metals,I
"upon entering the mine interior; the bodeguero is located only in the litorina n ° 13, last of the convoy; during its displacement, the litorina derails and advances approximately 15 meters; it is when the operator observes this event and before entering through the entrance gate paralyzes the displacement of the convoy. the winemaker had his full epps on.",Mining,I
"on 01/02/2017, at 10:15 a.m., when performing the soil activity, the collaborator alex used a pickaxe to assist in the opening of the collection hole. as he struck the ferranta on the ground, he had a fragment of rock projected on his forehead causing a small cut. the activity was paralyzed for a few moments and it was not necessary to go to the doctor, the employee continued the activities normally.",Others,I
employee was performing drilling activity with the lm17 probe at level 585 gps and when positioning the needle stem came to hit the left hand ring finger against the retraction box causing superficial injury.,Mining,I
"on 05/02/2017, at 10:40 p.m., when performing geological mapping activity, the geologist manoel da silva accompanied by the geologists luciano dos santos and dayme had to make the crossing to the other side of a fence barbed wire, known in the region as a goat. it is a fence that from the base up to about 60cm in height is made by rods interlaced horizontally and upwards made with little barbed wire barbed, around 15 to 20cm. i jumped on the fence, and still on the fence i managed to ""sweep"" the vegetation with the left foot but even so while supporting the foot on the ground a stump of approximately 10cm x 1cm came to break the sole of the boot and cause the perforation in the left foot at the height of the fingers.",Others,I
"the collaborator completed the misalignment of the nut on the left side of the chute scraper of strip no. 9-2, when he gets up he turns and hits the head guard with the railing, hitting the lenses generating the injury.",Mining,I
"in level 2900 - op 5 the worker performed the chuteo ore from the hopper to the second car, perceived a slip of water and mud through the hopper, decided to leave the platform and when he was already down the second rung of the ladder of access, the water increases and a fragment of rock slides and hits the back of the worker causing it to fall and hit the right forearm and left knee.",Mining,II
"being 12:20 hours approximately, in circumstances that the administrative ssomac, was arranged to move the guillotine of the right side towards the center of the table to make cuts of enmicadas pages, when trying to raise the guillotine the middle finger of the right hand it rubs against the edge of the guillotine blade, causing the cut in the yolk of the third finger of the right hand.",Mining,II
"during the preparation for the office cleaning activity, the employee made use of the stair railing, it had contact with the clamp used to lock the signaling board.",Metals,I
"during the activity for packaging the cylindrical piece on the easel, the employee carried the pieces to the designated place where he had his finger pressed between the metal pieces that were being moved.",Metals,I
the injured collaborator and one of his colleagues wanted to move a rim of a scoop tire for which using their own strength they threw the rim to the floor to make it roll and in that instant the eyelash hits the fifth finger of the right hand against the ring producing the injury.,Mining,II
"when averaging 04:30 am, the operator daniel removed cleaning accessories under the mobile channel of line 01, for which he supported his left hand on the rail that was in motion. at that moment the crushing of the 2nd finger of the left hand occurs; the injury occurs. the collaborator is referred to the medical for care.",Metals,I
"the spillway circumstances where the worker was cleaning, with the use of an absorbent cloth, oil residues from the right edge of the atlas axs-186 compressor, with the bonnet open and in functioning; the rag falls inside the ompressor and in the attempt to remove it, it is hooked on the fan's propeller, pulling the worker's left hand toward the propeller causing the injury.",Mining,IV
"performing carpentry work, the collaborator hit the second finger of the left hand with the hammer, which he held with his right hand, causing a bruise at the height of the nail. the evaluation was carried out at the medical center of the unit, the final diagnosis being contusion on the finger.",Metals,I
"while preparing to mount polypropylene tubing, the employee pulled the pickup from the truck and positioned it in place, pressing the finger between the tube and the concrete wall.",Metals,II
"during the maintenance of the peristaltic pump 02bp0166 to change the internal hose, the rupture tubing of the reserve pump 02bp0167 ruptured after it started to operate, designing solution heated towards the employee, reaching his left forearm causing irritation in the skin.",Metals,I
"during the maintenance of the peristaltic pump 02bp0166 to change the internal hose, the rupture tubing of the reserve pump 02bp0167 was disrupted, after it started to operate, designing solution heated towards the employee, reaching his left forearm, causing a burn .",Metals,III
"in the nv. 3370, cx 212 - south, when the mechanic loosens a through bolt of the intermediate cardan protector of the dumper 01, the protector is released and imprisons the first finger of the left hand against the connector of the hydraulic steering cylinder (position 2) .",Mining,IV
"on 02/15/2017 at 3:27 pm, when performing the magnetometric using gps, the collaborator antônio bumped the top of the field hat on a branch and was attacked by maribondos. he was bitten behind the ear and another on the shoulder, but he continued his activity because he felt no pain or swelling.",Others,I
"by averaging 8:23 am at the offices of ajani, liliana prepares to store folders in the warehouse, to go to the place it comes out of the iglu, when going down the two steps it does so diagonally so it sits the left foot on the edge of the second step causing the foot to bend left inward, it stabilizes quickly avoiding falling to the ground.",Mining,I
"the moment of extracting the bolts of the chuck of rotation unit vsd 01; in the instant that is made hits with the rope of 6lbs. the base of the support bolts, a fragment of the metal structure is projected, impacting the face of the mechanic freddy the described injury.",Mining,I
"once the painting of the pumping pipe has been completed, the person involved involuntarily touches his face, with his hand (with gloves) full of paint, and to clean himself he makes use of a dry industrial cloth and begins to rub his face, for a period of time from 30 to 40 seconds continuously, until finally the paint on the face is cleaned, this friction generates the described injury.",Mining,I
"at the conclusion of the unloading of ore with the amp-819 plate tipper, in the pit 01, the driver notices that a stretch of support mesh is stuck in the hopper hatch; then the driver gets off his equipment (with the hopper lifted) to remove with his hands this mesh, when generating force, fine particles of rock fall and one of them is impregnated in the eye of the injured. at the time of the incident, the injured person used his measuring glasses and did not have any surcharges.",Mining,I
"mr. walter was putting his tools in the hopper of the atlas truck that was parked on the cruise 320 of level 1850 ob2b, then the mining operations van arrived driven by engineer parked behind the truck of atlas to approximately 3 meters and without having placed the safety block went to request the data of the drilling, later the assistant of the simba 04 opened the gate, dropping the bit into the hopper of the mine truck and untimely the vehicle he moved forward, pinning the mechanic's right leg.",Mining,IV
"during the transport of pieces of wood with the aid of a wheelbarrow, the employee felt a prick in the right leg, at that moment stopped the activity, removed the leggings and when shaking the pants noticed that it was a small scorpion.",Mining,I
"during the mining cycle at the chimney 410; before starting with the drilling work to anchor the lane of the alimak system, the collaborator squat to pick up a manual tool that is on the platform; it is at this moment that the jackleg team loses its position and projects towards the back of the collaborator generating the injury.",Mining,IV
"in the support process, in circumstances that the assistant performs the last cut in the transverse length of the mesh; the mesh generates a movement towards the operator and hits the face causing the described injury.",Mining,I
"on 02/25/2017 at 13:05 p.m., when assisting with gps in the magnetometric collaborator gilvânio bumped the top of the field hat on a branch and was attacked by maribondos. the moths went towards his eyes, but due to the use of sunglasses, the attack in that region was prevented. the insects moved to the side of the face, getting caught between the ear and the back of the field hat, making the helper get two bites behind the ear. gilvânio is allergic to marimbondos bites, soon the activity was immediately paralyzed, we drove to the car, where the accident took his medicine (antiallergic already used in other situations out of work, indicated by another doctor) to avoid further swelling. marcelo responsible for the project was also on the field in the mapping activity, was called on the radio immediately. the assistant felt good, but was taken to the emergency of the hospital of lavras do sul, where he consulted the doctor, took antiallergic and was released around 15:20.",Others,I
"in moments when the staff of the impromec company was heading towards the 447 pique to support shotcrete casting jobs; one of the electricians does not identify a lane and water in the road, so his right leg enters the gutter of 0.8 m depth causing the injury. the service of the litorina was paralyzed for the entrance of this personnel.",Mining,I
"the employee was descending the ladder after inspection of the milling cyclones, which gives access to the floor behind the mill 10 by platform # isc-mg26 when the floor gave way and it fell from a height of approximately 1 meter and 70 meters (there is material / ore below the platform, decreasing the height of the fall impact).",Mining,I
"in the area of ​​lloclla 50 meters from the sub-station nro 4, under circumstances that the worker was preparing to pick up the rope from the floor, several fragments of rock slide down the slope of the hill, one of the 5 cm fragments of diameter approximately impacts the face of the worker producing the aforementioned injury",Mining,II
"when performing cleaning activity of the area near the 042-tc-06 - grinding the employee was handling a block of triangular shaped rock measuring (b = 53cm x h = 42cm x e = 12cm). during the movement, he lost his balance by falling with the rock on the thumb of his left hand, injuring him.",Mining,III
"when carrying out refractory brick chopping activities, in order to place the support of the bus bar in section 70, a particle is detached, hitting the assistant's right arm that was one meter away from the work area, provoking him a wound in the arm, was treated at the medical center and returned to his usual duties.",Metals,I
"on 02/03/17 during the soil sampling in the region of sta. the employees rafael and danillo da silva were attacked by a bee test. they rushed away from the place, but the employee rafael took 4 bites, one on the chin, one on the chest, one on the neck and one on the hand over the glove. the employee took 4 bites, one in his hand over his glove and the other in the head, and the employee danillo took 2 bites in the left arm over his uniform. at first no one sketched allergy, just swelling at the sting site. the activity was stopped to evaluate the site, after verifying that the test had remained in the line, they left the site.",Others,I
"on 02/03/17 during the soil sampling in the region of sta. the employees rafael and danillo da silva were attacked by a bee test. they rushed away from the place, but the employee rafael took 4 bites, one on the chin, one on the chest, one on the neck and one on the hand over the glove. the employee took 4 bites, one in his hand over his glove and the other in the head, and the employee danillo took 2 bites in the left arm over his uniform. at first no one sketched allergy, just swelling at the sting site. the activity was stopped to evaluate the site, after verifying that the test had remained in the line, they left the site.",Others,I
"on 02/03/17 during the soil sampling in the region of sta. the employees rafael and danillo da silva were attacked by a bee test. they rushed away from the place, but the employee rafael took 4 bites, one on the chin, one on the chest, one on the neck and one on the hand over the glove. the employee took 4 bites, one in his hand over his glove and the other in the head, and the employee danillo took 2 bites in the left arm over his uniform. at first no one sketched allergy, just swelling at the sting site. the activity was stopped to evaluate the site, after verifying that the test had remained in the line, they left the site.",Others,I
"the employee, who was hitchhiking, on the cep 403 truck, equipment, he crossed the central canterio of the track to catch the key of the wheel loader with another operator who was stopped in the opposite direction. upon returning to the truck, it was hit in the arm left by the loader tire that was traveling along the road and passed the cep-403 on the right.",Mining,I
"being 5:40 pm approx. when the collaborator mr. duval (sampler), was preparing to change and remove the buckets from the pulp samples of the plant courier, he slipped and fell to the ground supporting himself with the right hand generating the lesion described.",Mining,I
"on 08/03/2017 at 3:30 pm, when performing mag activity, the employee murilo da silva, when moving in the acquisition line, came across a small drainage (approximately 40cm wide), with small gap. as he traversed the drainage, the employee rested his right foot on the ravine that came to rest, causing the right ankle to twist. soon after the twisting, the activities were paralyzed and the employee was taken to the local hospital, where an x-ray was taken and an examination made by the physician. no serious injury was found, only a small swelling, then released to normal activities.",Others,I
"at level 3970 (before -100) when the f6m 801 license plate went from level 3570 to surface, when the pilot trying to locate his radio to answer a call from the concrete plant is distracted and crashes his vehicle against the left gable and the vehicle turns to the right side. when this happens, the copilot hits his right hand against a fragment of broken glass in the window on the right side of the vehicle.",Mining,I
"when the scoop was heading from rpa 910 to the cut-off point of the cro 861 south to be unloaded, it visualizes a truck that was parked with the lights and the engine ignited inside the thrust - where the scoop found accumulating dismount-; the operator stops the scoop and gets off to tell the driver of the truck to leave and when he finds no one he decides to go and look for the driver at the top of cro 861 south, where he can not find it; then he returns to his scoop and at 15 to 20 meters visualizes the light of a lamp shining in the direction of the gable, when approaching, he finds the deceased lying on the side of the scoop and proceeds to give immediate notice to the supervisory of the shift, control center and emergency center.",Mining,V
"employee was performing maintenance on filter press, in the filtration area (grs). when he dismantled the hose clamp in a turning motion, he had contact with the burr of the tip of one of the screws that was exposed, causing him a cut in his glove and wound in the 3rd quirodactilo of the left hand.",Metals,I
"in the nv. 2930 - chamber of accumulation of aggregates: when the worker, made the cast of shotcrete towards the crown of the work, at 2:00 p.m. he perceives discomfort and fogging of the full face, then decides to take it off and chooses to use only his safety glasses for comfort to continue with the thrown shotcrete, at 3:45 p.m. suffers the projection of shotcrete rebound particles in the left eye.",Mining,II
"team of the vms project performed soil collection on the xixás target with 3 members. when the teams were moving from one collection point to another, mr. fabio was ahead of the team, stinging behind robson and manoel da silva. near the collection point were surprised by a swarm of bees that was inside a i play near the ground, with no visibility in the woods and no hissing noise. fabio passed by the stump, but robson and manoel da silva were attacked by the bees. robson had a sting in his left arm over his uniform and manoel da silva had a prick in his lip as his screen ripped as he tangled in the branches during the escape.",Others,I
"team of the vms project performed soil collection on the xixás target with 3 members. when the teams were moving from one collection point to another, mr. fabio was ahead of the team, stinging behind robson and manoel da silva. near the collection point were surprised by a swarm of bees that was inside a i play near the ground, with no visibility in the woods and no hissing noise. fabio passed by the stump, but robson and manoel da silva were attacked by the bees. robson had a sting in his left arm over his uniform and manoel da silva had a prick in his lip as his screen ripped as he tangled in the branches during the escape.",Others,I
"during the preparation for the solubilization activity of the sample in the chapel, the maid when moving the vial of nitric acid, the same detached from the doser, causing projection in the region of the face and upper limbs.",Metals,II
"during the activity of changing conveyor belt 11b feeding the primary mill no. 2; the mechanic entered the discharge chute (0.75 x 0.75 x 0.80 m.) to clean the material, at which time the automatic sampler (0.30 x 0.25 m) that was inside the chute was activated, trapping the mechanic at the height of the chest. at the time of the accident the mechanic was alone in the work area.",Mining,V
"being approximately 20:57 hours of 03/22/2017; during the change of cables between the z-332 power cell (locked cabinet) and the z014 transformer; there is a loud noise followed by an oscillation of the electrical system. at that moment the collaborator queneche of the company eissa is found on the floor with his head inside an adjoining cell z-132 (cabinet not blocked - where he was not assigned to do any work), after having received an electric shock .",Metals,V
"when the mixer 01 of the e.c.m incimmet s.a, moved by the positive south ramp, with direction to surface (unicon concrete plant), at the height of the 3630 (before 440), the operator observes that untimely lights and the engine go off, the control controls do not respond and the equipment starts to reverse. at 3 meters the operator jumps out of the cabin and at 20 meters the team hits the right gable and turns to its side left. in the area, in the circumstances of the event there was no presence of personnel or equipment that could have been affected.",Mining,II
"the technician was doing the magnetometric survey when he stepped on a thorn. his reaction was to immediately retreat, losing his balance and so the magnetometer's antenna broke.",Others,I
"employee reports that he assisted the maintenance activity in tower 09, in electrolysis, when he stepped on the grp grid (polymer with glass the floor moving, causing it to fall. the event took place in 3 stages: 1) displacement and fall of the floor in the span when receiving the effort; 2) employee fall to about 1.60m below the grp floor, on the side of the gutter below the floor, supporting the structure; 3) employee fall to the lower level, about 2.35m below the grp floor.",Metals,I
"employee reports that he was supervising an activity in the ustulation, near the ball when a projection of hot humped dust from the upper floor reached his cervical (""neck"" region), causing a first degree burn.",Metals,I
employee performed the task of hoisting big-bags containing waelz oxide and after performing several hoistings the employee suffered a low-voltage electric shock when contacting the hoist when attaching the handle of a big-bag on it.,Metals,I
"employee moved toward the structure of post 10, when it came to step in false, suffering twisting in the left ankle.",Mining,I
"on 04/04/2017, around 13: 30hs, during the current sediment activity the collaborator warley took a bee sting in the neck, the same was using the screen, but the bee entered the bottom of the screen . after the sting the team decided to leave the workplace due to the presence of other bees. the collaborator had no reaction and continued to work normally.",Others,I
"the industrial cleaning worker cristian was performing the cleaning activity of the gutter, striking with a walls of the same, to remove the solid solution that is formed. in that at the moment the operator's hands slide and impact on the edge of the gutter, causing a blow on the little finger of the left hand.",Metals,I
"at level 3790 (formerly level -280), the hydraulic filling personnel performed the installation of 4 ""diameter hdpe pipe through the ventilation chimney with the help of a 4-yard scooptram that held and pushed the end of the pipe. pipe (100 meters in length). at that moment the pipe gets stuck on the edge of the chimney causing the pipe to form an arc at the height where the injured worker was, who signals with the light of his lamp to the operator of the scooptram to stop and when trying to retire from the line of fire, the worker loses balance by light contact with the pipe causing fall at the same level.",Mining,I
"employee to perform painting of the floor of the fuel tank area, he needed cleaning, and by pouring water-thinner on the floor, the bucket slipped out of his hand and the mixture projected onto his left shoulder and lower lip, causing redness and burning.",Mining,I
"during the execution of the soil sampling task at the potions area, around 1:15 pm, luis - wca, was opening with a machete and was bitten by a wasp on the back of his right hand, the same was using at the time of the incident all the epis needed for activity. the employee was evaluated by the technician who found it to be a mild and localized swelling wound. the employee reported that he did not feel any pain and that he could continue the activity.",Others,I
"in the tower n ° 6 of the old 50 kv lt (disabled and de-energized and 90% dismantled) located in the city of pasco, the last profiles of the base of the tower previously disassembled were cut, using oxyfuel equipment , at 11:45 am, the proingcom security supervisor and the foreman, who were on the outside of the fenced area supervising the activity, indicate the stoppage of activities and evacuation to the refuge due to the orange alert indicated on the detector of storms. during the evacuation of the last 02 employees who were inside the fenced area, a loud sound was heard, provoking a fright, which caused the staff to throw themselves to the floor inside the area, then proceeded to leave the work area by his own means through the ladder. apparently the loud sound would correspond to an electrical discharge in the cable guard that passes over the old towers.",Mining,I
"in tower n ° 6 of the old 50 kv lt (disabled and de-energized and 90% disassembled) located in the city of pasco, the cutting of the last profiles of the base of the tower previously disassembled was carried out, using oxyfuel equipment, at 11:45 a.m., the safety supervisor of proingcom and the foreman, who were in the external part of the fenced area supervising the activity, indicate the paralysis of activities and evacuation to the refuge due to the orange alert indicated on the detector of storms. during the evacuation of the last 02 employees who were inside the fenced area, a loud sound was heard, provoking a scare, which caused the staff to throw themselves to the floor within the area, then proceeded to leave the work area by their own means through the staircase. apparently the loud sound would correspond to an electrical discharge in the cable guard that passes over the old towers.",Mining,I
"at the end of the concreting activity, the employee turned off the concrete, and when rolling the handle to make the return of the equipment warehouse the same bumped the tip of the mangote in the inferior lip causing hematoma.",Mining,I
"during the marking of the management points, the supervision and the breeders enter the work to carry out the ventilation inspection, for which the surveying work stops to turn on the fan and proceed with the air flow measurements. when the fan is turned on due to pressure, it breaks the fastening points of the toe and the sleeve falls to the floor generating a chicoteo from gable to gable, product of the chicoteo a fragment of the aggregate of the shocrete is projected on the face of the injured person producing the injury.",Mining,I
"during the execution of the service of opening of pricked for the future works of ip, around 15:30, the employee pedro second in the line of the equipment, was stung by a wasp in the right portion of the neck. the beetle, being of small size, was not seen by the employees in the bite, causing the employee's shock against the insects that were manifested. the employee used all the ppe's required for the activity to be developed. the bite occurred over the collar of the shirt and over the face shield. the technician responsible for performing the work evaluated the sting and, together with the injured employee, found that because it was a localized swelling and that there was no allergy, there would be no need to paralyze the activity, which it followed normally.",Others,I
"in moments that mr. william carried out the inspection of the cut of the block 781 level 1850 ob6a, so that the loading platform could be realized, in instants that observed the drills positive radial ones that were covered and shotcreteados, he hears a noise from the upper part of the pit (detachments of banks at the center of the pit), to which mr. william goes back to leave work, but his metatarsal boots makes contact with a rock that was on the floor which causes it to lose balance and stumble on the gable.",Mining,I
"on 04/19/2017, the employee de lima da silva was composing the team of opening of bite to survey of ip. the team consisted of one mining technician and three assistants. when was moving in the bite he touched his left foot on a stump of tucum that was on the ground covered with dry leaves of vegetation near drainage. when he felt the thorn piercing on his foot, he told the mining technician what had happened and the teammate removed the thorn that pierced the top of the boot. after removal of the spine the foot was washed and it was verified that there was no other injury. after the event the technician waxed the activity and returned to the city of porangatu / go. it was not necessary to take the employee to the health unit.",Others,I
"approx. 10:00 pm. mr. victor at the time he made a visual inspection of scaffolding, suffered a slight blow to the level of the right ear with the metallic extension of the chute of the conveyor chain.",Metals,I
"during the execution of the soil sampling task, in the potions area, around 3:00 pm pablo was moving on the bite and was bitten by a right elbow wasp over the sleeve uniform. he was using at the time of the incident all the ppe needed for the activity. the employee was evaluated by the team who found it to be a mild injury with localized swelling. the employee reported that he did not feel any pain and that he could continue the activity.",Others,I
"activity: front sanitation (slaughter of choco with scaller) local: underground mine, level 350 - front 45 upper jka the operator performed front sanitation when a rock block from the roof hit the equipment. the accident victim was promptly rescued by the unit's emergency brigade and transported to the outpatient clinic where he received the first care, and was then transferred to the municipal of paracatu.",Mining,IV
"performing the cleaning of material (mineral) that accumulates between the steel plate and the concrete base on which it rests; as shown in the photograph (steel plate thickness = 1/2 in.), in order to complete this cleaning, the workers decide to weld on the steel plate a support eyelet type and at the other end as a fixed point and fastening a pin helical (support), in such a way to lift the plate with the help of a key and remove all the accumulated material. in the instant that they were pulling the chain of the tecla, the injured one had his left hand resting on the concrete wall (the line of fire), product of the tension exerted by the tecle, the helical bolt breaks and the chain lashes on the index finger generating the injury. at the time of the accident, the accident victim used all his epps, including his gloves.",Mining,IV
"in circumstances that mr. efraín osorio felix - mina 2nd. he entered the interior of pocket 2 at level 2865 (before -1205). it activated the compressed air gun that is installed in the lower part of the structure with a nozzle that communicates the air lung with the internal part of the pocket, projecting a violent flow of air that blows the left leg of the worker and generates a stun by the noise produced.",Mining,I
"the employee reports that he performed his routine activities in the foundry area when it was necessary to fit the last zamac ingots of one of the packages. at this point, the ingot slipped and hit the back of his right foot, causing pain. the safety footwear worn by the employee has a steel toe and a metatarsal protector.",Metals,I
the employee used a lever to remove the sealing ring from the front tire of the wheel loader (lhd 05) when the lever came to release from the fulcrum in the ring and press the left ring finger against the loader shell causing traumatism at the tip of the said finger.,Mining,II
"the employee reports that he performed his routine activities in the area of ​​electrolysis when, when trying to position one of the cathode sheets on the easel, it hit his sleeve and caused a cut in the same and superficially in the left hand.",Metals,I
"employee was engaged in adjusting metallic shapes using a tether, and striking the shape, the tether cable hit the lifeline, projecting its hand into the metal structure of the shape, causing a superficial injury to the ring finger of the right hand.",Mining,I
"in circumstances that the staff was performing the rhyming of caving hw, the 1.5 m hw pipe was suspended approximately 5 cm from the floor, the assistant placed the stilson key no. 36 on the hw pipe to fit the pipe at a height of 10 cm from the base of the rod holder, which the operator operates the chuck to slide this back, causing the pipe to slide causing the tip of the fourth finger of the assistant's right hand to be caught between the stilson key and the base of the rod holder. at the time of the event the collaborator used all his epps.",Mining,III
"the employees márcio and sérgio performed the pump pipe clearing activity fz1.031.4 and during the removal of the suction spool flange bolts, there was projection of pulp over them causing injuries.",Mining,IV
"the employees márcio and sérgio performed the pump pipe clearing activity fz1.031.4 and during the removal of the suction spool flange bolts, there was projection of pulp over them causing injuries.",Mining,II
"when performing shotcrete casting for resane on cruise 791 nv. 1940 at 02:50 p.m. approximately, the operator was placed on the left side of the equipment and started the release of 02 cubic meters, at that time decided to paralyze the task for a few minutes due to a leak of water in the roof box that did not allow the adhesion of the shotcrete to the rock (setting). when restarting the shotcrete launch the operator that was on the left side moved to the right side of the equipment, while the assistant and the operator mixkret to see that there was no pumping went to verify what happened and when they returned they realized that the operator was not, so they assume that he had fallen down the chimney, they left the job to ask for help immediately. the emergency response brigade and the medical service are activated, who verify the death of the collaborator. the accident investigation begins.",Mining,V
"the maid was handling a pipette for sample preparation for chemical analysis, while trying to place it on the three-way pear, the pipette came to break causing a superficial cut in her right hand.",Metals,I
"in the area of ​​machine tools of the maestranza the mechanic (injured) was operating the bench drill drilling a metal jacket of 25 ""x 26"" x 3/4 ""(lining) to install in the skip; this moment he was accompanied by the mechanic albino who manipulated the jacket and directed the maneuvers on the right side of the drill. mr. albino tells him to stop the drill to verify the depth of the drill, luis lifts the chuck and albino pulls the iron and verifies that everything is fine and communicates that they will restart with the drilling of the other holes. that moment, the victim without apparent reason crosses his left arm with the drill on and is caught by the drill in his work clothes causing the injury described.",Mining,IV
"the employee, as he passed the corner of the front door for not seeing the virdro, had a slight swelling in the frontal region due to the closing of the glass door.",Others,I
"activity: maintenance on scaller 07 - breaker arm extension cylinder local: underground mine (level 316) during the removal of the cylinder from the scaller arm, when releasing the fixing pin the cylinder ""came down"" and bumped into the tool used to press his hand between the tool and the structure of the equipment.",Mining,I
"being 10:20 hours on 05/18/2017; at the end of the concentrate truck cleaning, the driver is instructed to close the gate; at that moment, mr. carlos who was in the back of the vehicle, reported having an injury to his left hand. he is transferred to the medical center for his attention and later evacuation to the clinic.",Metals,IV
"at 04:00 h on 05/19/17, the mechanic on duty of section 40 antonio is observed in the activity of withdrawal check out of pom d071, at this moment he is impacted by a pulp of the line of discharge stuck, causing irritation in the right part of the neck and ear. the mechanic is referred to the medical center for evaluation.",Metals,I
"in moments when the 02 collaborators carried out the inspection of the conveyor belt no. 3 from the tail pulley when they were at the height of the load polymer no. 372, the maslucan collaborator heard a noise where note that the belt was moving towards the tail pulley, 4 ""fragmentos mineral fragments are projected towards the access of the ramp impacting the 2 collaborators, being evacuated to the medical post.",Mining,I
"in moments when the 02 collaborators carried out the inspection of the conveyor belt no. 3 from the tail pulley when they were at the height of the load polymer no. 372, the maslucan collaborator heard a noise where note that the belt was moving towards the tail pulley, 4 ""fragmentos mineral fragments are projected towards the access of the ramp impacting the 2 collaborators, being evacuated to the medical post.",Mining,I
"in circumstances that the worker was walking along the straight line of level 2790, step on a rock of approximately 10 cm x 5 cm, bending the right ankle, which caused the injury described. after the event occurred, the worker decided not to report the accident because he did not feel pain, at 3:30 p.m. approximately, he begins to feel discomfort when walking and progressive mild pain in the ankle, in that moment he communicates the event.",Mining,I
"upon entering the building, the maid slipped and fell just behind the automatic door, in front of the entry mat. the floor was wet and slippery.",Others,I
employee reports that when trying to unlock a cathodic sheet with the digger the same did not realize that the blade was pressed so that the cable projected and hit his face.,Metals,I
"at level 2930 in the guide wire chamber, during the preparation activity of mix for the shocrete the worker performs the emptying of a bag of cement towards a bucket to complete the dosage, at that moment the dust generated by the cement enters by the lower part of the lenses to the left eye causing irritation.",Mining,I
"mr. emerson was moving trays; when climbing the staircase that gives access to the former dining room and finding himself on the last step, he slips and falls to the floor; supporting the body forward, suffering blows to the right knee with the floor, as well as in the nose with the metal trays it was carrying, causing a cut in the nose and ematoma in the knee.",Metals,I
"in circumstances that the worker prepared food in the electric pot, by not ensuring the lid falls on his head causing the injury described.",Mining,I
"in circumstances where the worker and two partners were placing a killer bomb in the basket of a manitou team, the bomb hits the index finger of the right hand against the basket.",Mining,I
"approx. 18:40 hours, mr. luis maintenance team of mobile equipment, adjusted a bolt of the front loader j005a, at which time his face is impacted by the key used for this activity, producing a slight cut in the surface of the face. he is transferred to the medical service, attended and registered.",Metals,I
"in circumstances that the driver of the plate truck w5k-915 of the e.e. impromec, went from the garit plant chicrin to nv.3420, after entering an internal mine in the area of ​​santa where 200 m. approx. from the old dining room, stops the vehicle and informs the co-pilot that he can no longer drive, for which he turns off the vehicle and when trying to get off the van loses his balance and falls on his own seat, complaining intense pain in the lumbar area, citing pain due to overexertion due to routine activity (evacuation of residual oil and solid waste cylinders) that they previously performed. the collaborator at the time of the event used their corresponding epps.",Mining,I
"the employee performed insertion and adjustment of the joint in the blind flange of a 54 ""tubing, when one of the wedges shifted, causing movement in the flange, causing the 3rd and 4th fingers of the left hand to be pressed.",Mining,III
"the convoy of the locomotive 15 operated by mr. tito is located in hopper op2 positioning the 1st car under the hopper, the assistant does not observe anything out of the ordinary (dry load there is no presence of water) and initiates the chute, for this, the hydraulic module of the hopper is switched on and with the controls it slightly moves the hopper handle and an untimely flow of water and mud splashes the operator generating the described injury, in addition the collaborator was 7 meters from the line of fire",Mining,I
"when the master additive was taken from the afo-755 license plate towards the launching team no. 26, the collaborator bonifacio (robot assistant) at the moment he received the bucket emptiness of the operator enoc feels that he drops a drop of additive in the right eye, feeling a burning sensation, so he immediately goes to wash the affected eye in the team's eyes, then the collaborator is evacuated to natclar. at the time of the accident, the employee had glasses, but he was not using them correctly.",Mining,II
"being 9:40 a.m. the driver of the aeq-819 plate dump truck (35 ton) was heading to the loading area nv.1850, ob5, tj 007, bp.105, parking and proceeding with the ore loading with the scoop (11 ydrs) , at that moment, lift the first scoop towards the hopper and a large bank falls, causing the tipper to shake violently and the operator to be hit with the gear lever, communicate with the supervisor and evacuated to the medical center .",Mining,IV
"the injured and his collaborators at the time of making the 4 ""hdpe pipe, which was to be used for hydraulic filling, is released, causing one of the ends of the pipe to impact on the lip, causing an injury . apparently the support 1 deconcentrates and releases a little the pipe, this action generates that the pipe presented with the rubber of the victaúlica copla, is released generating the impact previously described. the pipe was empty without hydraulic load.",Mining,II
"in circumstance, the ahk-903 license plate (empresa which serves the supervision of cma, carried out the field inspections in the upper bank 4288, when unexpectedly when climbing through the operational access (positive ramp), it slides in an excavated area of ​​approximately 3 meters high, remaining in position with the front part on the floor. the occupants of the vehicle made use of the safety belt and all the complete epps.",Mining,I
"in circumstance, the ahk-903 license plate (empresa which serves the supervision of cma, carried out the field inspections in the upper bank 4288, when unexpectedly when climbing through the operational access (positive ramp), it slides in an excavated area of ​​approximately 3 meters high, remaining in position with the front part on the floor. the occupants of the vehicle made use of the safety belt and all the complete epps.",Mining,I
"on the surface, comedor the worker of the company c & c made the cut of lemon at that time imprisoned the knife generating a movement and impacting on the first finger of the left hand causing a slight cut.",Mining,I
"employee reports that by removing the zinc sheet from the cathode to take it to the easel, it slipped from his hand, fell and hit his left foot.",Metals,I
"during the execution of the task of assembling the box of testimony boxes, in the area of ​​bonsucesso, around 10:40 am orlando research driller - geosol, trying to fit two parts of the trestles, a third piece fell on his hand, which was on the piece he held, causing a small trauma to his left thumb. the employee was referred to são lucas hospital - paracatu ltda and attended and released without leaving work soon after.",Others,III
"the technician was returning from his activities on the bite, when he stepped on a loose rock over a sloping region. she released herself unbalancing the employee who stepped on false, twisting her ankle.",Others,I
"during the field activity in the amg project, target são luiz, the reconnaissance team was boarding the car, which was parked with the windows closed. when they entered the mr. paulo putting the seat belt inside the vehicle, pressed a wasp between the shoulder and the neck, causing a sting. it is believed that, possibly, the bee was nailed to the clothes because the car was properly closed.",Others,I
"after maintenance on boltec 03 at level 285 gts of rampa xxx, the mechanic and operator of the equipment performed tests on the equipment magazine. when the magazine carousel was turned on, the operator had his left middle finger pressed against the equipment frame.",Mining,I
"being approximately 5:00 a.m. approximately, when lifting the kelly hq towards the pulley of the frame to align it, the assistant marco that is in the later one is struck the hand against the frame generating the injury.",Mining,I
"the collaborator moved from the infrastructure office (julio to the toilets, when the pin of the right shoe is hooked on the bra of the left shoe causing not to take the step and fall untimely, causing injury described.",Mining,I
"during the environmental monitoring activity in the area, the employee was surprised by a swarming swarm of weevils. during the exit of the place, endured suffering two stings, being one in the face and the other in the middle finger of the left hand.",Metals,I
"the employee performed the activity of stripping cathodes, when pulling the cathode sheet his hand hit the side of another cathode, causing a blunt cut on his 2nd finger of the left hand.",Metals,I
"at 10:00 a.m., when the assistant cleaned the floor of module ""e"" in the central camp, she slipped back and immediately grabbed the laundry table to avoid falling to the floor; suffering the described injury.",Mining,I
