MINE_ID,total_accidents
1000006,122
100003,191
100004,21
100005,50
100006,79
100008,129
1000082,1297
1000083,101
1000085,50
1000086,34
1000088,1074
1000089,1342
100009,43
1000091,9
1000093,65
1000094,40
1000095,17
100010,19
1000100,23
1000101,2
1000104,11
100011,496
100012,12
100013,27
1000142,33
100015,16
1000158,16
100016,282
1000168,1
1000189,9
100020,3
100021,39
100026,13
100027,412
100028,41
100030,5
1000307,1
1000310,8
1000313,1
1000317,17
1000318,44
100032,17
1000326,2
100033,2
100034,203
1000343,1
1000344,1
1000349,1
1000350,2
1000352,15
1000356,5
100036,36
1000360,7
1000365,7
100037,12
100038,35
100039,19
100040,265
1000402,155
1000409,31
1000411,2
1000414,2
100042,2
100043,388
100045,13
1000458,1
1000467,2
100047,14
1000479,230
100048,1
100050,83
1000509,2
100052,76
1000531,448
1000533,3
1000556,4
1000562,7
1000581,1
1000604,1
1000634,1
1000635,3
1000639,1
1000648,28
1000655,116
1000676,19
1000740,1
1000763,2
1000772,8
1000791,1
1000801,4
1000866,1
1000877,1
1000884,3
1000886,9
1000892,1
100093,84
100094,1
100096,5
100098,10
100099,31
100109,2
100114,1
100122,11
1001234,1
1001269,7
1001299,11
100130,11
1001308,2
1001326,38
1001328,17
1001357,24
1001358,8
1001363,2
1001375,22
100141,1
1001415,1
1001422,25
1001458,2
1001460,4
1001469,1
1001475,12
1001476,13
1001483,1
1001500,13
1001529,3
1001552,49
1001558,4
1001559,1
1001564,107
1001565,2
1001574,21
1001585,1
1001590,226
1001593,4
1001605,1
1001608,1
1001609,15
100163,94
1001634,35
1001643,3
1001644,2
1001647,1
1001655,29
1001657,2
1001658,6
1001665,23
1001666,34
1001667,20
1001668,1
1001669,1
1001672,55
1001694,2
1001696,1
1001697,2
1001699,3
1001702,75
1001704,3
1001707,1
1001710,25
1001712,1
1001713,3
1001714,11
1001715,3
1001717,1
1001720,9
1001721,29
1001723,1
1001725,9
1001726,4
1001727,5
1001728,2
1001729,2
1001730,1
1001731,9
1001735,21
1001736,49
1001737,4
1001738,13
1001740,8
1001742,3
1001749,2
1001753,5
1001756,5
1001759,7
1001767,3
1001770,2
1001772,1
1001773,1
1001776,10
1001777,6
1001794,2
1001795,6
1001798,6
1001803,2
1001804,10
1001808,1
1001813,1
1001818,20
1001822,8
1001824,7
1001826,8
1001827,4
1001828,2
1001829,2
1001831,16
1001836,1
1001839,16
1001842,11
1001846,1
1001849,2
1001854,7
1001855,2
1001857,5
1001861,3
1001866,5
1001867,32
1001868,3
1001873,39
1001874,23
1001875,2
1001880,1
1001884,10
1001887,3
1001889,1
1001892,41
1001893,7
1001896,1
1001898,7
1001900,10
1001901,16
1001902,6
1001905,7
1001906,14
1001909,1
1001911,2
1001912,1
1001913,1
1001915,5
1001921,2
1001922,2
1001924,2
1001925,1
1001928,1
1001934,2
1001936,28
1001938,6
1001940,8
1001944,7
1001949,11
1001950,2
1001952,3
1001960,6
1001961,2
1001974,5
1001977,2
1001993,23
1001994,4
1002008,1
1002018,2
1002019,2
1002026,1
1002035,11
1002036,1
1002038,2
1002045,1
1002050,3
1002064,1
1002070,5
1002076,1
1002081,1
1002088,2
1002089,11
1002090,2
1002106,6
1002112,3
1002121,1
1002124,3
1002125,1
1002131,1
1002141,2
1002144,1
1002145,2
1002154,1
1002155,5
1002169,2
1002170,1
1002171,1
1002177,22
1002178,1
1002183,2
1002184,2
1002187,1
1002189,2
1002200,3
1002202,1
1002208,2
1002209,2
1002221,8
1002223,3
1002228,5
1002255,2
1002264,1
1002265,3
1002283,2
1002291,1
1002299,1
1002303,1
1002322,4
1002331,1
1002332,3
1002336,1
1002337,5
100315,1
100322,14
100323,323
100327,1
100328,345
100329,106
100330,10
100336,11
100339,2
100340,100
100341,52
100347,236
100394,203
100396,6
100406,30
100433,5
100515,1204
100525,1
100526,21
100558,1
100560,50
100563,84
100575,15
100578,2
100580,1
100584,24
100590,2
100593,1
100605,15
100616,9
100617,12
100622,19
100626,28
100627,96
100629,379
100634,36
100636,2
100640,128
100643,46
100644,8
100650,5
100676,11
100678,11
100689,17
100697,6
100703,5
100713,8
100714,60
100719,3
100722,32
100723,1
100742,92
100758,1898
100759,1361
100766,13
100770,26
100787,7
100790,4
100793,2
100821,463
100841,15
100851,1868
100853,16
100894,8
100903,1
100959,4
101034,4
101037,38
101086,105
101090,22
101091,1
101096,7
101112,89
101118,2
101138,31
101247,2921
101248,7
101254,1
101256,4
101264,59
101266,1
101270,133
101322,1756
101353,11
101362,20
101401,3469
101422,1
101552,34
101565,6
101660,2
101695,1
101720,1
101769,1
101790,1
101791,8
101816,2
101883,19
101893,30
101894,13
101903,10
101910,1
101923,2
101938,3
101985,58
101986,30
102002,2
102013,32
102014,64
102039,11
102044,4
102076,1
102086,1
102087,10
102093,1
102096,14
102122,1
102125,1
102140,33
102145,11
102149,3
102150,32
102161,6
102168,1
102169,2
102182,4
102196,1
102208,3
102216,28
102224,5
102225,6
102231,3
102232,3
102239,10
102243,4
102270,5
102282,3
102285,2
102330,1
102343,296
102346,27
102354,30
102362,1
102372,3
102388,1
102396,2
102398,15
102409,1
102410,5
102428,4
102438,3
102443,1
102449,11
102450,10
102457,1
102471,2
102472,1
102478,9
102489,2
102498,1
102503,1
102509,1
102512,1
102513,2
102514,1
102515,361
102517,1
102518,2
102523,7
102527,1
102528,26
102529,24
102530,1
102534,4
102536,6
102537,2
102545,4
102553,1
102556,7
102557,2
102558,11
102562,1
102563,6
102565,3
102568,10
102569,1
102575,7
102581,1
102582,1
102583,6
102596,1
102602,7
102605,1
102606,3
102611,2
102616,12
102617,4
102620,2
102621,3
102623,16
102632,2
102633,1
102639,15
102641,1
102645,1
102646,1
102648,8
102650,17
102651,2
102654,2
102655,1
102657,8
102658,1
102660,89
102666,7
102669,5
102671,2
102673,1
102678,1
102687,86
102688,3
102690,1
102694,13
102696,1
102706,4
102707,9
102718,13
102727,29
102729,1
102732,1
102738,1
102743,5
102744,1
102748,1
102751,1
102753,3
102756,2
102757,2
102762,2
102772,8
102776,49
102779,1
102781,7
102782,1
102789,1
102791,3
102792,1
102802,1
102809,6
102814,20
102817,2
102822,3
102826,2
102835,1
102840,9
102846,9
102849,8
102850,1
102852,41
102858,2
102860,6
102865,1
102867,6
102868,6
102869,1
102871,15
102872,1
102880,19
102881,4
102884,7
102888,1
102891,1
102893,2
102894,2
102899,1
102901,2405
102905,2
102907,2
102908,174
102911,2
102919,4
102933,9
102934,19
102936,1
102940,1
102947,30
102950,4
102952,1
102956,10
102959,19
102965,1
102972,2
102976,23
102985,74
102992,1
102996,47
102999,1
103001,1
103002,24
103003,11
103004,2
103006,2
103008,1
103013,19
103015,2
103016,4
103019,12
103022,18
103023,7
103024,2
103025,2
103034,1
103037,8
103041,1
103043,3
103047,6
103052,9
103053,1
103055,16
103056,1
103058,6
103059,1
103060,1
103067,11
103068,17
103069,1
103076,21
103077,2
103080,1
103081,6
103083,32
103084,7
103086,4
103087,21
103088,1
103089,2
103090,2
103091,1
103093,1
103094,1
103096,2
103099,3
103100,14
103101,5
103102,18
103104,3
103105,2
103106,3
103114,4
103116,10
103117,11
103121,1
103124,1
103125,2
103126,13
103128,2
103130,6
103131,3
103132,2
103135,8
103137,1
103142,1
103143,5
103145,4
103146,3
103147,1
103149,2
103150,7
103151,1
103154,3
103155,14
103159,3
103162,4
103164,22
103172,12
103175,2
103176,7
103178,8
103179,11
103180,4
103181,1
103182,14
103185,6
103186,2
103187,5
103190,6
103192,5
103193,3
103196,46
103199,6
103201,5
103205,1
103206,8
103207,3
103215,3
103217,59
103218,2
103224,1
103226,14
103227,49
103231,1
103234,9
103235,1
103237,9
103240,1
103241,4
103244,1
103245,6
103246,1
103248,3
103258,2
103259,1
103260,16
103262,19
103264,3
103270,13
103271,13
103272,6
103273,4
103274,1
103276,6
103278,6
103279,1
103285,9
103290,5
103292,4
103293,2
103295,2
103299,1
103301,2
103302,2
103303,48
103304,6
103307,9
103316,15
103319,5
103321,19
103323,4
103324,1
103326,1
103327,4
103331,1
103332,4
103333,1
103334,4
103336,4
103337,2
103341,1
103342,5
103346,2
103347,1
103350,1
103353,1
103356,1
103358,2
103359,3
103360,2
103361,2
103362,9
103363,1
103364,2
103365,5
103370,2
103372,1
103374,5
103375,2
103376,11
103380,3
103381,20
103384,2
103389,24
103390,5
103393,4
103398,2
103406,5
103411,1
103413,3
103417,7
103419,31
103422,65
103424,1
103425,1
103426,1
103436,11
103437,17
103438,1
103444,3
103448,30
103461,10
103462,2
103463,5
103469,1
103477,9
103479,2
103480,2
103482,3
103494,4
103496,2
103500,1
103503,11
103506,1
103507,1
103508,1
103514,1
103516,1
103517,10
103523,4
103528,1
103529,3
103539,2
103542,1
103544,2
103545,1
103552,2
103554,1
103557,1
103565,1
103573,2
103577,2
103599,1
103609,2
103612,1
103614,1
103627,1
1100003,274
1100004,15
1100009,11
1100010,8
1100017,3
1100019,46
1100022,18
1100023,5
1100024,31
1100025,5
1100026,9
1100027,35
1100030,4
1100031,5
1100032,10
1100033,18
1100034,19
1100036,6
1100037,1
1100038,38
1100039,46
1100040,13
1100050,22
1100052,19
1100055,48
1100059,2
1100061,16
1100066,161
1100068,67
1100069,43
1100070,92
1100073,7
1100078,3
1100081,3
1100093,2
1100094,14
1100096,17
1100098,14
1100100,38
1100102,29
1100103,15
1100105,20
1100111,7
1100112,14
1100114,272
1100116,2
1100118,142
1100121,106
1100122,190
1100123,130
1100124,42
1100125,13
1100131,24
1100132,51
1100134,36
1100135,73
1100136,21
1100137,15
1100149,11
1100154,28
1100157,12
1100158,3
1100166,5
1100168,2
1100173,31
1100176,20
1100182,29
1100184,53
1100186,3
1100189,22
1100203,1
1100206,4
1100211,24
1100213,34
1100214,28
1100216,1
1100219,1
1100220,3
1100221,21
1100225,238
1100227,22
1100230,2
1100232,4
1100244,15
1100246,1
1100247,12
1100291,22
1100298,4
1100394,2
1100397,4
1100398,2
1100400,5
1100474,2
1100478,1
1100491,1
1100494,157
1100549,24
1100585,1458
1100586,360
1100588,610
1100589,1050
1100590,1084
1100591,9
1100594,35
1100596,9
1100598,1247
1100599,904
1100600,6
1100601,1205
1100605,18
1100607,15
1100609,526
1100610,65
1100611,132
1100612,436
1100613,1
1100614,14
1100617,141
1100621,90
1100625,236
1100628,211
1100631,46
1100725,458
1100726,1287
1100766,6
1100784,431
1100786,362
1100788,61
1100791,20
1100876,86
1100877,2312
1101008,899
1101013,261
1101015,72
1101016,30
1101023,13
1101035,2
1101065,4
1101074,18
1101081,6
1101091,8
1101101,3
1101102,56
1101103,9
1101105,74
1101106,19
1101107,4
1101108,5
1101113,14
1101116,9
1101117,24
1101120,2
1101131,2
1101133,8
1101137,6
1101142,1
1101151,8
1101153,1
1101163,18
1101166,4
1101167,41
1101170,36
1101172,2
1101175,1
1101176,11
1101177,26
1101179,2
1101197,9
1101219,2
1101220,1
1101228,37
1101239,19
1101241,6
1101245,5
1101248,1
1101306,6
1101311,6
1101319,5
1101343,2
1101357,7
1101511,1
1101526,60
1101546,24
1101558,93
1101565,10
1101567,9
1101572,1
1101575,6
1101578,235
1101579,126
1101580,72
1101599,3
1101603,1
1101626,15
1101641,2
1101657,37
1101661,11
1101663,2
1101692,5
1101696,2
1101698,17
1101705,3
1101740,7
1101757,1
1101779,23
1101789,4
1101805,68
1101814,72
1101815,9
1101827,5
1101834,8
1101835,15
1101845,159
1101847,4
1101848,78
1101849,5
1101884,4
1101886,2
1101889,3
1101891,5
1101915,20
1101922,94
1101980,2
1101981,141
1101999,117
1102017,29
1102018,19
1102022,18
1102024,169
1102027,6
1102028,2
1102033,2
1102043,1
1102051,62
1102057,1
1102077,7
1102161,170
1102174,16
1102197,4
1102236,1074
1102259,1
1102264,1
1102323,12
1102338,74
1102345,2
1102349,16
1102366,4
1102371,1401
1102372,22
1102374,4
1102379,3
1102382,2
1102383,1
1102387,335
1102389,180
1102392,1164
1102403,275
1102406,4
1102408,1065
1102416,21
1102440,989
1102544,1
1102545,2
1102546,121
1102550,1
1102551,2
1102568,2
1102578,12
1102598,3
1102604,1
1102608,2
1102610,10
1102616,2
1102621,38
1102624,1
1102627,171
1102632,751
1102636,1065
1102640,30
1102646,3
1102647,12
1102648,3
1102655,1
1102656,25
1102658,11
1102662,751
1102664,1355
1102666,8
1102667,30
1102668,111
1102673,4
1102683,1
1102684,15
1102692,3
1102696,4
1102697,1
1102701,9
1102707,30
1102713,7
1102716,2
1102725,33
1102742,5
1102744,1
1102751,89
1102752,3144
1102754,3
1102759,1
1102763,1
1102764,1
1102766,3
1102769,23
1102770,59
1102774,4
1102775,4
1102778,2
1102780,41
1102782,1
1102783,10
1102784,1
1102785,1
1102786,14
1102790,119
1102794,1
1102799,8
1102800,6
1102801,11
1102805,5
1102806,1
1102813,3
1102814,21
1102815,69
1102816,2
1102820,2
1102823,1
1102831,24
1102833,2
1102835,49
1102836,22
1102837,2
1102839,2
1102841,3
1102842,3
1102843,70
1102844,7
1102846,625
1102848,46
1102849,1
1102850,1
1102852,3
1102857,8
1102859,1
1102862,1
1102864,36
1102866,2
1102868,2
1102870,4
1102871,2
1102872,3
1102873,1
1102877,13
1102878,5
1102879,218
1102880,5
1102881,3
1102882,1
1102885,10
1102886,186
1102887,1
1102889,2
1102890,5
1102893,1
1102895,4
1102898,6
1102902,4
1102904,1
1102906,12
1102908,12
1102910,2
1102912,30
1102914,21
1102917,5
1102920,1
1102929,6
1102930,1
1102931,24
1102936,1
1102939,2
1102940,1
1102941,1
1102943,6
1102944,1
1102945,1
1102946,1
1102948,34
1102950,1
1102954,1
1102960,2
1102961,1
1102962,12
1102964,1
1102971,207
1102972,4
1102973,2
1102978,25
1102979,1
1102980,4
1102981,1
1102983,2
1102986,3
1102990,1
1102997,138
1102998,3
1102999,6
1103000,1
1103001,1
1103002,4
1103004,1
1103012,1
1103013,1
1103017,53
1103020,34
1103021,1
1103025,13
1103028,5
1103029,21
1103033,10
1103035,3
1103038,2
1103043,1
1103045,19
1103051,1
1103054,602
1103055,2
1103056,1
1103057,4
1103058,469
1103060,275
1103061,2
1103062,21
1103064,29
1103067,5
1103068,2
1103069,1
1103072,1
1103074,1
1103075,2
1103083,13
1103084,20
1103087,8
1103089,3
1103092,1
1103094,1
1103096,6
1103098,7
1103099,37
1103100,6
1103102,1
1103107,1
1103108,1
1103111,14
1103115,16
1103121,5
1103124,1
1103125,2
1103130,2
1103131,2
1103134,1
1103139,1
1103140,14
1103141,541
1103143,63
1103144,13
1103145,1
1103147,342
1103149,7
1103153,9
1103156,237
1103157,3
1103158,1
1103159,1
1103160,2
1103162,18
1103168,1
1103171,1
1103176,2
1103182,233
1103186,4
1103189,572
1103190,2
1103191,2
1103192,1
1103193,430
1103203,318
1103205,33
1103208,5
1103210,3
1103212,28
1103213,3
1103217,1
1103218,4
1103221,7
1103224,1
1103225,14
1103226,2
1103230,4
1103232,219
1103233,1
1103235,121
1103236,12
1103242,9
1103244,1
1103248,6
1103250,1
1103253,9
1103254,1
1103264,1
1103268,7
1103270,1
1103274,11
1103283,1
1103285,1
1103294,3
1103296,2
1103302,1
1200002,93
1200003,4
1200004,27
1200005,10
1200007,9
1200008,13
1200010,51
1200013,16
1200015,7
1200016,33
1200017,26
1200020,9
1200022,32
1200023,80
1200028,38
1200029,21
1200030,17
1200037,23
1200038,9
1200039,10
1200046,15
1200047,10
1200049,3
1200051,1
1200052,74
1200053,62
1200054,12
1200058,7
1200063,413
1200064,318
1200065,226
1200066,508
1200067,2
1200068,107
1200069,24
1200071,30
1200072,16
1200073,45
1200074,16
1200081,26
1200083,3
1200084,227
1200087,3
1200088,23
1200089,22
1200090,16
1200094,38
1200099,14
1200100,13
1200102,69
1200103,9
1200104,17
1200107,25
1200109,75
1200115,36
1200123,17
1200124,48
1200128,22
1200136,31
1200139,7
1200141,20
1200142,30
1200194,9
1200248,1
1200254,141
1200262,1
1200300,35
1200304,7
1200312,17
1200322,131
1200324,15
1200325,8
1200326,196
1200329,175
1200330,209
1200332,199
1200333,48
1200335,2
1200336,207
1200337,436
1200339,37
1200341,6
1200354,37
1200355,13
1200371,11
1200384,8
1200424,55
1200426,201
1200427,114
1200429,76
1200435,172
1200442,34
1200451,2
1200455,1
1200582,11
1200589,1
1200615,4
1200618,8
1200619,6
1200620,18
1200621,11
1200624,2
1200626,1
1200630,1
1200634,2
1200635,5
1200641,14
1200642,3
1200646,11
1200652,1
1200654,37
1200655,12
1200656,4
1200657,1
1200665,1
1200670,244
1200676,9
1200680,12
1200681,7
1200686,4
1200692,9
1200693,2
1200696,10
1200698,7
1200707,8
1200708,4
1200709,5
1200716,12
1200721,13
1200722,13
1200725,12
1200726,4
1200735,6
1200736,2
1200738,3
1200739,4
1200754,4
1200755,8
1200756,1
1200758,1
1200768,2
1200769,9
1200773,5
1200774,2
1200779,1
1200839,24
1200840,42
1200841,5
1200884,3
1200890,8
1200892,3
1200894,30
1200914,2
1200937,17
1200939,2
1200945,13
1200964,9
1200966,22
1200992,26
1200993,1
1200994,1
1201009,4
1201010,29
1201014,10
1201018,66
1201019,4
1201020,10
1201022,2
1201031,195
1201034,13
1201039,38
1201061,107
1201080,8
1201141,3
1201150,172
1201151,16
1201173,63
1201194,1
1201258,1
1201263,29
1201296,6
1201336,10
1201389,45
1201391,33
1201392,33
1201395,7
1201398,7
1201400,40
1201437,2
1201438,33
1201450,4
1201453,2
1201455,37
1201509,6
1201523,6
1201544,10
1201565,2
1201590,38
1201596,2
1201599,21
1201616,33
1201617,3
1201623,9
1201636,4
1201645,2
1201652,69
1201656,3
1201661,15
1201672,2
1201677,3
1201680,8
1201692,1
1201700,2
1201708,6
1201710,50
1201712,78
1201718,12
1201720,66
1201732,162
1201742,5
1201743,1
1201744,20
1201757,23
1201761,3
1201762,102
1201763,8
1201784,55
1201795,1
1201806,1
1201811,9
1201812,4
1201813,3
1201814,1
1201817,1
1201821,1
1201823,1
1201827,1
1201841,2
1201853,1
1201855,5
1201857,4
1201862,1
1201863,29
1201868,19
1201871,4
1201876,1
1201881,1
1201883,4
1201891,5
1201893,16
1201895,27
1201896,6
1201897,62
1201898,11
1201901,14
1201902,1
1201903,17
1201904,28
1201909,7
1201911,34
1201912,2
1201914,2
1201916,3
1201931,1
1201932,35
1201933,3
1201936,18
1201940,2
1201942,3
1201943,1
1201944,3
1201946,123
1201951,4
1201961,18
1201963,3
1201965,15
1201966,25
1201967,1
1201969,2
1201970,2
1201971,3
1201974,133
1201975,24
1201977,1
1201978,13
1201980,26
1201982,7
1201983,1
1201985,1
1201988,48
1201990,5
1201991,1
1201992,10
1201993,47
1201994,34
1201996,5
1201997,4
1201999,1
1202000,1
1202005,19
1202008,44
1202010,817
1202011,8
1202012,3
1202014,3
1202017,12
1202019,1
1202021,5
1202022,1
1202025,2
1202026,10
1202027,18
1202028,1
1202031,3
1202032,7
1202033,298
1202035,3
1202037,17
1202038,6
1202041,1
1202042,3
1202043,4
1202046,2
1202047,1
1202050,2
1202052,59
1202053,2
1202055,1
1202057,3
1202060,19
1202063,24
1202064,1
1202067,5
1202071,1
1202073,28
1202074,23
1202075,2
1202076,17
1202078,5
1202082,10
1202084,8
1202088,1
1202094,5
1202095,3
1202096,31
1202097,34
1202098,23
1202100,11
1202101,1
1202103,195
1202105,8
1202107,9
1202108,2
1202111,1
1202112,7
1202113,3
1202115,7
1202117,12
1202120,1
1202121,1
1202122,3
1202123,5
1202124,16
1202125,1
1202126,1
1202127,10
1202128,4
1202129,10
1202132,2
1202133,4
1202134,7
1202138,3
1202140,2
1202141,18
1202147,71
1202151,2
1202152,2
1202154,1
1202155,6
1202159,1
1202160,12
1202165,26
1202166,1
1202167,43
1202168,1
1202169,1
1202170,6
1202172,1
1202173,1
1202174,86
1202175,8
1202176,45
1202178,20
1202179,10
1202181,3
1202184,1
1202185,4
1202186,2
1202189,14
1202190,1
1202192,24
1202193,12
1202196,30
1202197,2
1202203,3
1202206,2
1202207,69
1202208,1
1202209,5
1202210,7
1202211,7
1202212,3
1202215,782
1202218,6
1202219,20
1202220,8
1202222,3
1202224,1
1202225,3
1202227,1
1202231,8
1202233,8
1202234,39
1202236,83
1202240,3
1202241,1
1202242,2
1202243,5
1202244,1
1202245,6
1202247,2
1202248,1
1202249,604
1202251,1
1202256,5
1202258,83
1202259,2
1202260,3
1202261,7
1202262,3
1202264,11
1202265,3
1202269,8
1202270,2
1202273,2
1202278,1
1202280,5
1202282,7
1202286,1
1202290,1
1202292,1
1202294,8
1202295,347
1202296,25
1202301,1
1202303,1
1202305,2
1202309,1
1202310,2
1202311,2
1202316,68
1202317,4
1202318,2
1202319,6
1202320,23
1202322,10
1202324,49
1202328,7
1202339,1
1202341,3
1202343,1
1202344,2
1202347,5
1202349,305
1202351,6
1202354,31
1202356,4
1202357,6
1202358,4
1202359,6
1202362,20
1202363,1
1202366,8
1202367,1
1202369,6
1202371,2
1202372,62
1202374,78
1202378,6
1202379,16
1202380,1
1202383,1
1202385,1
1202386,1
1202388,269
1202389,3
1202391,2
1202393,4
1202394,387
1202396,5
1202397,6
1202404,1
1202407,12
1202409,10
1202410,7
1202416,7
1202418,226
1202422,112
1202423,23
1202424,2
1202425,1
1202428,19
1202429,12
1202430,1
1202431,17
1202437,9
1202441,12
1202443,10
1202445,7
1202446,3
1202450,10
1202452,4
1202454,1
1202455,1
1202457,7
1202460,9
1202462,10
1202465,4
1202467,4
1202470,6
1202472,2
1202473,2
1202474,1
1202479,3
1202486,1
1202488,1
1202494,2
1202496,1
1202498,1
1202504,2
1202505,3
1202507,3
1202511,3
1202523,1
1202524,1
1202531,1
1300003,1
1300006,1
1300010,1
1300012,17
1300014,120
1300017,5
1300018,16
1300019,10
1300021,1
1300022,1
1300032,72
1300036,3
1300037,1
1300038,1
1300039,1
1300049,61
1300052,3
1300053,6
1300058,33
1300061,1
1300063,19
1300094,10
1300095,486
1300097,212
1300112,16
1300113,2
1300120,21
1300121,1
1300122,16
1300123,2
1300124,19
1300125,272
1300127,2
1300129,1
1300148,315
1300150,14
1300175,2
1300186,2
1300193,67
1300194,40
1300200,3
1300202,1
1300203,4
1300213,1
1300214,2
1300228,45
1300231,13
1300248,15
1300280,7
1300284,3
1300285,1
1300349,1
1300375,3
1300433,36
1300434,157
1300435,12
1300437,26
1300620,6
1300645,11
1300647,2
1300659,1
1300664,3
1300671,1
1300683,2
1300686,14
1300691,3
1300694,1
1300705,1
1300709,75
1300715,5
1300718,3
1300724,2
1300725,6
1300729,1
1300733,47
1300736,18
1300739,1
1300742,3
1300747,1
1300749,8
1300750,1
1300758,4
1300766,9
1300771,1
1300772,1
1300776,2
1300777,2
1300779,1
1300780,11
1300814,6
1300865,1
1300912,7
1300919,3
1300921,23
1300929,28
1300932,21
1300974,1
1300996,3
1300999,11
1301000,9
1301019,17
1301050,7
1301053,2
1301109,8
1301118,1
1301202,31
1301208,7
1301225,53
1301261,4
1301292,10
1301298,1
1301358,1
1301395,2
1301403,1
1301415,19
1301514,49
1301568,8
1301615,12
1301617,210
1301626,2
1301671,1
1301701,4
1301702,4
1301706,26
1301714,48
1301720,1
1301722,51
1301753,9
1301754,61
1301768,1
1301770,1
1301774,3
1301775,3
1301776,1
1301778,5
1301783,1
1301821,3
1301825,22
1301834,1
1301839,33
1301840,1
1301854,44
1301867,7
1301880,1
1301893,1
1301916,1
1301917,1
1301920,1
1301946,1
1301953,1
1301986,1
1301998,2
1301999,22
1302000,1
1302001,4
1302008,8
1302019,2
1302022,7
1302024,2
1302030,9
1302031,22
1302032,3
1302033,13
1302034,2
1302035,8
1302037,8
1302044,1
1302045,13
1302047,1
1302048,19
1302049,11
1302050,17
1302051,9
1302058,2
1302059,4
1302061,15
1302062,20
1302063,17
1302066,1
1302067,15
1302068,1
1302069,1
1302070,12
1302071,2
1302072,2
1302073,5
1302074,6
1302075,13
1302076,29
1302077,2
1302079,1
1302085,1
1302086,19
1302087,21
1302088,11
1302089,15
1302090,25
1302091,30
1302092,53
1302093,19
1302094,17
1302095,1
1302096,4
1302098,3
1302100,1
1302102,1
1302103,7
1302104,6
1302106,1
1302110,1
1302111,7
1302112,8
1302113,7
1302114,1
1302115,1
1302116,1
1302117,1
1302118,2
1302119,4
1302120,2
1302121,7
1302122,9
1302123,18
1302126,13
1302127,5
1302128,3
1302129,2
1302132,5
1302133,2
1302134,14
1302135,15
1302138,12
1302139,3
1302140,5
1302142,1
1302144,2
1302145,11
1302147,3
1302148,7
1302149,15
1302151,3
1302152,1
1302153,3
1302154,4
1302157,6
1302158,8
1302159,1
1302163,12
1302166,4
1302169,2
1302170,2
1302173,27
1302175,1
1302176,5
1302177,1
1302178,26
1302180,4
1302183,1
1302184,2
1302187,1
1302188,16
1302189,2
1302190,3
1302192,15
1302195,13
1302196,15
1302198,1
1302199,1
1302200,1
1302203,14
1302204,1
1302205,1
1302206,29
1302208,3
1302211,4
1302213,2
1302216,15
1302217,30
1302219,1
1302221,1
1302222,1
1302224,2
1302228,9
1302231,1
1302232,2
1302237,1
1302241,3
1302243,4
1302244,4
1302245,2
1302248,4
1302251,27
1302252,1
1302253,1
1302256,5
1302259,1
1302262,2
1302266,2
1302268,1
1302275,3
1302278,1
1302280,1
1302290,8
1302296,1
1302297,238
1302300,6
1302308,5
1302314,2
1302315,3
1302317,2
1302318,1
1302320,2
1302337,5
1302338,1
1302341,2
1302342,1
1302346,3
1302348,1
1302353,1
1302355,2
1302360,2
1302364,4
1302367,4
1302370,7
1302371,1
1302378,6
1302382,1
1302394,1
1302397,1
1302408,1
1302412,1
1302417,1
1302429,1
1302432,2
1302446,1
1302452,1
1302459,1
1302461,3
1302470,1
1302471,1
1302475,1
1302481,1
1302485,2
1302489,1
1302497,1
1302504,1
1302505,1
1302506,1
1400001,3
1400034,715
1400037,1
1400039,19
1400060,10
1400061,31
1400062,2
1400068,35
1400071,37
1400072,3
1400073,375
1400081,13
1400085,28
1400102,3
1400103,5
1400111,64
1400115,12
1400124,591
1400126,15
1400139,1
1400145,2
1400149,7
1400156,6
1400159,61
1400160,3
1400161,9
1400162,511
1400163,1
1400164,75
1400172,3
1400184,31
1400190,1
1400212,86
1400213,5
1400214,6
1400221,6
1400235,54
1400308,10
1400309,57
1400355,1
1400411,194
1400412,273
1400413,344
1400419,7
1400426,9
1400435,2
1400450,2
1400453,1
1400458,1
1400464,14
1400466,9
1400467,3
1400469,6
1400473,7
1400476,32
1400481,15
1400483,3
1400484,1
1400490,37
1400492,31
1400494,37
1400499,1
1400501,19
1400503,24
1400506,4
1400508,3
1400512,8
1400514,5
1400519,9
1400522,7
1400543,89
1400551,3
1400555,1
1400597,2
1400606,1
1400612,2
1400624,1
1400630,1
1400638,9
1400660,1
1400695,2
1400699,107
1400746,1
1400754,6
1400761,2
1400767,7
1400803,169
1400804,1
1400811,2
1400823,9
1400836,7
1400868,36
1400869,3
1400879,5
1400880,2
1400886,4
1400888,3
1400894,12
1400895,6
1401036,1
1401040,15
1401116,6
1401119,5
1401125,50
1401127,2
1401129,1
1401141,2
1401153,1
1401159,32
1401180,29
1401184,2
1401218,2
1401223,2
1401228,5
1401240,11
1401263,3
1401271,2
1401276,2
1401277,4
1401282,18
1401286,7
1401293,7
1401294,1
1401299,9
1401302,21
1401303,1
1401323,16
1401326,21
1401333,1
1401334,54
1401338,3
1401340,4
1401347,3
1401365,1
1401377,1
1401400,1
1401408,12
1401413,5
1401414,1
1401417,1
1401426,2
1401427,2
1401430,1
1401431,3
1401432,9
1401435,1
1401451,6
1401454,5
1401455,33
1401456,60
1401457,18
1401458,6
1401459,9
1401460,22
1401461,2
1401462,28
1401463,12
1401464,22
1401465,19
1401466,5
1401467,8
1401468,33
1401469,7
1401470,12
1401471,15
1401472,13
1401473,3
1401474,4
1401475,5
1401476,12
1401477,3
1401478,3
1401479,2
1401480,24
1401481,1
1401482,14
1401484,61
1401485,2
1401486,1
1401487,4
1401488,1
1401489,7
1401490,2
1401492,2
1401495,2
1401496,2
1401499,6
1401501,1
1401505,1
1401506,13
1401507,3
1401509,10
1401510,10
1401511,3
1401514,1
1401517,4
1401518,2
1401520,2
1401524,10
1401525,20
1401531,2
1401533,4
1401534,17
1401537,26
1401539,1
1401543,50
1401544,5
1401547,4
1401548,6
1401549,2
1401553,5
1401556,16
1401560,3
1401561,1
1401562,1
1401564,5
1401565,4
1401566,2
1401568,1
1401569,16
1401570,10
1401571,1
1401572,36
1401574,6
1401576,3
1401577,11
1401578,8
1401583,3
1401584,7
1401587,18
1401590,15
1401591,11
1401592,2
1401593,5
1401595,3
1401597,3
1401598,1
1401599,2
1401600,3
1401604,1
1401605,1
1401607,8
1401609,4
1401613,2
1401615,2
1401619,6
1401620,1
1401622,5
1401626,7
1401629,3
1401630,12
1401636,1
1401640,1
1401646,4
1401647,2
1401648,6
1401651,1
1401653,2
1401654,1
1401658,3
1401666,8
1401667,11
1401675,7
1401678,3
1401682,1
1401687,3
1401694,3
1401696,1
1401702,3
1401704,4
1401708,1
1401709,2
1401712,2
1401719,5
1401723,1
1401726,2
1401728,1
1401742,2
1401746,1
1401747,6
1401751,1
1401756,10
1401758,4
1401767,1
1401779,1
1401787,4
1401792,1
1401801,1
1401807,1
1401827,1
1401828,1
1401831,1
1500001,6
1500003,37
1500004,24
1500005,14
1500006,71
1500008,68
1500009,16
1500010,3
1500012,2
1500013,22
1500014,13
1500016,85
1500017,1
1500018,18
1500019,7
1500020,57
1500021,4
1500022,73
1500025,37
1500026,7
1500028,44
1500030,89
1500031,18
1500034,60
1500035,26
1500037,25
1500040,53
1500043,34
1500044,14
1500045,5
1500048,6
1500049,43
1500051,20
1500053,18
1500054,13
1500056,31
1500059,17
1500062,376
1500063,11
1500065,14
1500067,13
1500068,3
1500069,14
1500071,33
1500072,78
1500073,27
1500074,6
1500075,32
1500076,5
1500079,24
1500080,7
1500081,124
1500082,11
1500084,20
1500085,10
1500086,41
1500087,284
1500091,16
1500092,3
1500094,21
1500095,20
1500096,23
1500098,7
1500099,19
1500100,223
1500101,7
1500102,1
1500104,24
1500106,6
1500107,31
1500109,19
1500111,20
1500112,39
1500113,14
1500114,1
1500115,5
1500137,6
1500149,3
1500153,2
1500155,2
1500167,2
1500169,7
1500187,117
1500188,6
1500195,1
1500213,47
1500237,9
1500365,128
1500590,64
1500672,479
1500827,84
1501362,61
1501367,3
1501394,4
1501554,1
1501646,1
1501692,2
1501968,7
1501969,73
1501982,132
1502002,87
1502003,1
1502005,17
1502007,57
1502008,57
1502009,22
1502013,126
1502021,110
1502046,104
1502047,12
1502052,3
1502055,502
1502057,133
1502060,79
1502063,40
1502065,174
1502066,1
1502067,3
1502068,1
1502069,25
1502077,142
1502079,34
1502080,17
1502082,391
1502083,17
1502085,625
1502091,85
1502092,25
1502096,239
1502106,1
1502107,75
1502114,3
1502115,60
1502117,19
1502129,23
1502132,1937
1502134,62
1502156,389
1502157,1
1502162,13
1502212,15
1502218,1
1502240,15
1502263,373
1502288,21
1502290,1
1502301,3
1502307,1
1502363,332
1502384,1
1502408,3
1502410,87
1502455,18
1502483,5
1502500,11
1502502,623
1502539,15
1502540,1
1502613,45
1502614,46
1502615,71
1502697,3
1502705,651
1502706,447
1502709,1975
1502727,5
1502755,3
1502810,1
1502943,1
1503013,4
1503087,1
1503120,3
1503160,8
1503161,142
1503178,443
1503221,15
1503320,39
1503328,233
1503544,1
1503587,8
1503627,98
1503746,17
1503752,129
1503779,3
1503845,1
1503888,1
1503934,15
1503985,17
1503987,195
1503998,1
1504000,1
1504009,4
1504020,708
1504033,1
1504051,4
1504079,11
1504119,2
1504177,4
1504181,2
1504194,7
1504195,2
1504222,8
1504236,2
1504244,62
1504253,1
1504255,16
1504261,3
1504262,4
1504263,8
1504264,6
1504266,68
1504272,9
1504288,2
1504311,1
1504312,18
1504314,11
1504322,16
1504331,38
1504338,3
1504350,6
1504368,9
1504371,3
1504383,3
1504405,1
1504407,3
1504424,4
1504442,29
1504455,2
1504469,456
1504479,4
1504485,1
1504511,78
1504512,13
1504537,5
1504564,3
1504565,8
1504633,24
1504655,4
1504670,825
1505086,10
1505102,2
1505106,50
1505141,64
1505151,10
1505152,1
1505162,2
1505183,4
1505184,33
1505200,3
1505207,1
1505208,1
1505209,4
1505215,58
1505230,1
1505238,2
1505245,30
1505250,1
1505253,4
1505274,2
1505275,3
1505301,9
1505315,1
1505324,6
1505325,2
1505333,13
1505335,60
1505337,6
1505339,13
1505357,7
1505358,10
1505375,73
1505387,33
1505394,5
1505395,2
1505406,57
1505407,26
1505414,5
1505417,3
1505423,150
1505426,5
1505427,92
1505436,12
1505461,1
1505483,33
1505484,386
1505485,121
1505491,29
1505502,2
1505503,2
1505515,3
1505520,52
1505526,3
1506214,3
1506229,1
1506243,10
1506264,57
1506268,180
1506275,33
1506279,16
1506285,14
1506287,31
1506290,11
1506296,12
1506350,3
1506353,17
1506365,37
1506375,7
1506378,1
1506388,84
1506390,11
1506397,3
1506401,3
1506403,5
1506426,1
1506519,7
1506702,5
1506728,9
1506733,30
1506746,2
1506750,1
1506758,1
1506760,3
1506778,19
1506792,1
1506807,2
1506833,4
1506863,10
1506867,2
1506904,1
1506919,26
1507010,55
1507011,19
1507032,8
1507044,4
1507055,4
1507056,5
1507078,11
1507082,514
1507088,1
1507092,82
1507101,328
1507118,1
1507132,38
1507133,59
1507139,106
1507162,3
1507166,226
1507192,1
1507194,14
1507201,249
1507212,1
1507230,3
1507232,45
1507253,17
1507257,14
1507262,2
1507293,2
1507295,313
1507305,2
1507327,1
1507334,3
1507350,4
1507351,1
1507357,3
1507383,1
1507407,2
1507408,1
1507453,12
1507461,2
1507475,219
1507476,4
1507631,27
1507634,2
1507724,16
1507727,13
1507763,139
1507782,8
1507907,20
1507975,7
1507986,193
1508001,6
1508019,7
1508027,2
1508038,71
1508079,801
1508105,15
1508119,1
1508166,6
1508172,3
1508177,19
1508195,8
1508210,3
1508211,3
1508216,31
1508255,5
1508256,54
1508257,58
1508293,156
1508332,8
1508333,2
1508337,36
1508356,7
1508357,933
1508360,3
1508367,3
1508375,2
1508382,9
1508399,3
1508405,1
1508413,450
1508414,50
1508415,44
1508431,5
1508462,14
1508515,2
1508540,5
1508567,6
1508610,2
1508626,7
1508676,5
1508682,10
1508700,1
1508701,1
1508749,1
1508782,4
1508793,3
1508800,1
1508801,3
1508909,7
1508919,7
1508935,2
1508965,3
1508976,152
1508977,407
1508978,157
1509306,5
1509311,2
1509320,1
1509322,1
1509340,10
1509351,41
1509399,2
1509410,11
1509444,17
1509461,4
1509500,37
1509533,17
1509546,12
1509556,2
1509568,129
1509571,665
1509595,1
1509620,9
1509625,2
1509626,1
1509628,4
1509636,493
1509646,4
1509652,1
1509655,3
1509667,7
1509695,6
1509704,1
1509724,100
1509725,20
1509727,15
1509740,186
1509747,2
1509756,1
1509757,15
1509763,1
1509769,2
1509779,1
1509781,1
1509784,24
1509790,1
1509811,3
1509830,41
1509856,10
1509866,26
1509876,68
1509910,7
1509925,1
1509926,3
1509935,3
1509938,33
1509960,2
1509963,49
1509965,30
1509982,35
1510001,6
1510029,2
1510030,2
1510042,19
1510062,1
1510076,16
1510081,1
1510082,1
1510087,2
1510137,1
1510141,32
1510159,1
1510180,48
1510198,2
1510212,57
1510226,2
1510236,17
1510241,3
1510248,1
1510256,2
1510271,23
1510274,1
1510282,9
1510296,4
1510306,47
1510311,16
1510330,5
1510332,1
1510339,5
1510342,1
1510343,23
1510350,1
1510353,3
1510358,37
1510365,1
1510390,10
1510391,20
1510392,3
1510396,16
1510415,5
1510418,1
1510427,1
1510428,1
1510445,44
1510449,38
1510465,2
1510470,1
1510474,1
1510476,1
1510491,8
1510500,3
1510508,8
1510516,1
1510527,6
1510529,1
1510531,3
1510536,1
1510554,7
1510573,3
1510575,19
1510614,1
1510615,4
1510622,1
1510645,1
1510657,40
1510672,5
1510673,5
1510685,4
1510707,9
1510714,6
1510729,1
1510734,3
1510736,21
1510753,467
1510773,3
1510789,4
1510801,5
1510803,3
1510804,2
1510808,12
1510818,42
1510847,7
1510865,5
1510872,6
1510904,2
1510909,8
1510910,2
1510919,16
1510956,1
1510968,7
1510969,2
1510989,3
1511001,1
1511005,122
1511012,145
1511018,4
1511027,22
1511028,14
1511030,6
1511032,13
1511035,100
1511039,9
1511055,2
1511060,10
1511061,6
1511065,632
1511072,19
1511079,1
1511103,11
1511121,47
1511127,1
1511140,1
1511150,1
1511152,16
1511155,41
1511162,34
1511168,6
1511184,1
1511186,4
1511192,10
1511197,1
1511203,2
1511211,2
1511232,6
1511233,5
1511250,5
1511260,2
1511263,7
1511265,232
1511269,1
1511276,4
1511281,9
1511285,1
1511287,4
1511292,26
1511296,1
1511302,1
1511304,12
1511324,4
1511331,16
1511341,7
1511348,51
1511364,2
1511384,8
1511394,2
1511404,5
1511408,26
1511411,2
1511417,9
1511421,1
1511422,12
1511423,4
1511426,3
1511452,2
1511483,15
1511484,24
1511493,1
1511501,4
1511506,5
1511508,8
1511510,22
1511516,10
1511523,1
1511528,7
1511529,11
1511545,23
1511547,23
1511548,132
1511551,13
1511564,24
1511569,12
1511571,1
1511579,2
1511584,2
1511594,16
1511596,40
1511598,1
1511602,10
1511605,56
1511607,10
1511612,14
1511615,1
1511620,69
1511631,2
1511654,50
1511662,2
1511663,2
1511664,2
1511669,34
1511689,1
1511701,2
1511702,18
1511703,1
1511704,91
1511719,2
1511725,18
1511726,342
1511739,3
1511745,1
1511749,14
1511757,26
1511787,6
1511793,142
1511798,2
1511799,1
1511804,1
1511811,2
1511824,5
1511832,1
1511835,49
1511841,1
1511843,1
1511853,2
1511855,22
1511870,23
1511877,4
1511878,2
1511887,7
1511898,106
1511903,5
1511904,7
1511905,47
1511906,41
1511926,3
1511928,1
1511935,109
1511940,9
1511949,2
1511951,6
1511961,1
1511964,29
1511968,1
1511978,68
1511983,5
1511986,23
1511988,4
1511989,3
1511991,6
1511993,3
1511994,1
1512011,2
1512018,2
1512032,1
1512042,21
1512047,32
1512049,2
1512057,161
1512065,3
1512069,2
1512080,3
1512081,2
1512082,4
1512083,22
1512085,2
1512086,16
1512087,37
1512090,2
1512096,2
1512101,10
1512105,8
1512113,35
1512116,11
1512121,25
1512124,3
1512132,10
1512134,2
1512137,2
1512139,2
1512151,1
1512153,5
1512154,13
1512167,21
1512170,1
1512176,5
1512177,2
1512185,10
1512194,1
1512199,48
1512206,2
1512208,3
1512209,15
1512210,1
1512215,2
1512216,2
1512233,4
1512238,11
1512256,8
1512272,500
1512278,6
1512279,1
1512288,1
1512295,9
1512296,1
1512299,1
1512302,2
1512303,4
1512304,3
1512311,10
1512313,3
1512322,1
1512324,1
1512325,41
1512326,5
1512328,6
1512333,3
1512334,38
1512341,58
1512343,5
1512346,4
1512349,1
1512352,2
1512353,3
1512356,4
1512359,33
1512371,1
1512384,1
1512388,1
1512391,3
1512397,28
1512398,33
1512399,2
1512403,7
1512412,1
1512416,1
1512419,11
1512421,5
1512427,4
1512428,15
1512435,2
1512454,216
1512457,1
1512462,1
1512463,1
1512469,3
1512470,2
1512471,10
1512472,10
1512473,31
1512474,5
1512475,116
1512478,12
1512482,38
1512491,8
1512492,2
1512498,7
1512506,2
1512517,5
1512518,1
1512525,1
1512528,2
1512531,16
1512536,3
1512542,1
1512544,5
1512546,2
1512547,5
1512548,8
1512561,2
1512564,148
1512569,1
1512581,1
1512587,7
1512597,2
1512599,3
1512602,78
1512603,15
1512605,1
1512609,5
1512618,77
1512622,26
1512623,1
1512628,2
1512632,7
1512637,10
1512639,3
1512647,1
1512649,18
1512654,1
1512669,21
1512670,3
1512672,3
1512680,24
1512682,41
1512684,23
1512699,23
1512700,5
1512705,1
1512707,4
1512712,1
1512726,60
1512734,50
1512735,2
1512738,19
1512741,5
1512746,2
1512753,216
1512772,37
1512776,3
1512781,2
1512785,1
1512792,1
1512798,4
1512807,2
1512809,20
1512811,20
1512819,1
1512822,1
1512825,1
1512827,1
1512832,3
1512845,34
1512860,13
1512869,22
1512874,4
1512875,14
1512882,13
1512887,3
1512888,1
1512894,16
1512896,19
1512898,7
1512905,49
1512908,2
1512909,5
1512914,79
1512915,5
1512916,22
1512917,95
1512920,2
1512940,3
1512941,460
1512958,86
1512961,16
1512963,90
1512966,10
1512973,10
1512975,1
1512977,2
1512982,7
1512985,2
1513001,1
1513008,6
1513014,6
1513019,1
1513022,6
1513025,10
1513033,35
1513036,1
1513049,17
1513050,3
1513055,1
1513056,3
1513060,3
1513061,1
1513067,3
1513068,2
1513069,4
1513073,1
1513074,23
1513076,5
1513083,11
1513085,6
1513086,7
1513087,11
1513102,44
1513103,70
1513106,1
1513107,1
1513112,4
1513114,1
1513122,3
1513126,15
1513127,3
1513132,3
1513133,5
1513135,30
1513137,1
1513139,5
1513142,1
1513149,8
1513150,1
1513151,2
1513161,4
1513164,2
1513165,3
1513167,1
1513173,4
1513181,8
1513185,1
1513191,15
1513193,48
1513195,1
1513200,22
1513202,6
1513208,1
1513214,8
1513224,3
1513227,5
1513231,9
1513233,1
1513235,1
1513239,2
1513243,1
1513248,4
1513254,19
1513258,41
1513275,15
1513283,95
1513286,11
1513293,1
1513294,77
1513295,11
1513300,50
1513302,13
1513303,5
1513306,10
1513307,2
1513308,45
1513311,2
1513316,1
1513318,3
1513326,6
1513331,15
1513336,17
1513337,2
1513358,3
1513359,16
1513362,83
1513376,4
1513380,16
1513382,20
1513403,2
1513404,1
1513406,2
1513407,2
1513413,3
1513414,8
1513416,17
1513417,8
1513418,1
1513426,1
1513428,6
1513431,22
1513433,1
1513439,21
1513451,1
1513455,19
1513461,19
1513463,5
1513469,455
1513474,7
1513475,14
1513478,1
1513479,1
1513480,40
1513482,1
1513483,20
1513484,25
1513487,22
1513490,2
1513491,1
1513492,2
1513494,2
1513495,43
1513496,1
1513497,8
1513498,3
1513500,43
1513506,5
1513508,1
1513514,55
1513519,1
1513520,3
1513523,1
1513524,8
1513527,6
1513529,1
1513531,2
1513537,37
1513540,30
1513541,11
1513547,2
1513552,2
1513559,56
1513560,1
1513563,7
1513567,3
1513569,21
1513573,2
1513575,2
1513587,43
1513595,10
1513596,6
1513601,27
1513606,4
1513607,3
1513615,1
1513618,8
1513622,2
1513629,3
1513631,1
1513637,1
1513657,3
1513673,1
1513677,79
1513683,15
1513686,1
1513689,10
1513696,8
1513697,3
1513701,1
1513719,6
1513720,145
1513721,1
1513722,6
1513724,32
1513729,11
1513730,4
1513736,1
1513741,9
1513745,14
1513750,5
1513755,6
1513766,6
1513767,3
1513769,4
1513770,14
1513772,14
1513777,13
1513784,49
1513787,5
1513800,2
1513801,1
1513803,14
1513805,1
1513812,69
1513814,1
1513817,4
1513819,1
1513827,7
1513830,94
1513831,1
1513838,17
1513842,1
1513857,22
1513861,2
1513862,2
1513866,1
1513873,3
1513874,3
1513875,8
1513876,4
1513879,1
1513880,29
1513881,634
1513888,1
1513889,6
1513890,1
1513895,1
1513902,1
1513905,6
1513906,49
1513918,14
1513920,849
1513930,1
1513936,267
1513937,139
1513943,3
1513945,4
1513946,32
1513960,17
1513961,1
1513962,42
1513963,23
1513970,2
1513976,1
1513977,2
1513978,1
1513981,1
1513988,1
1513991,1
1513995,1
1514003,1
1514006,43
1514009,1
1514013,24
1514015,2
1514018,2
1514021,1
1514022,36
1514028,1
1514035,7
1514041,1
1514044,4
1514052,5
1514057,112
1514058,1
1514065,1
1514073,1
1514074,686
1514076,4
1514084,32
1514087,1
1514090,4
1514100,1
1514101,2
1514102,3
1514126,1
1514135,2
1514136,1
1514142,7
1514145,1
1514151,16
1514152,42
1514155,2
1514156,1
1514160,44
1514161,2
1514164,1
1514165,1
1514167,6
1514178,60
1514184,6
1514186,8
1514187,7
1514189,1
1514194,3
1514204,1
1514206,15
1514213,3
1514218,1
1514222,1
1514228,2
1514229,3
1514235,55
1514238,1
1514240,1
1514247,3
1514261,2
1514263,9
1514267,28
1514271,13
1514272,17
1514279,4
1514287,3
1514288,1
1514291,6
1514295,2
1514296,13
1514301,3
1514311,9
1514315,5
1514323,8
1514324,32
1514327,1
1514330,1
1514335,196
1514337,1
1514344,1
1514352,14
1514357,1
1514362,1
1514365,2
1514372,1
1514374,1
1514375,7
1514381,5
1514382,3
1514383,5
1514392,3
1514395,10
1514401,2
1514408,3
1514410,10
1514414,1
1514416,11
1514421,7
1514422,10
1514429,1
1514432,8
1514448,1
1514455,28
1514456,1
1514457,2
1514464,1
1514467,3
1514468,62
1514474,3
1514475,1
1514480,2
1514487,12
1514489,4
1514490,5
1514491,6
1514492,1404
1514496,2
1514499,10
1514503,15
1514506,1
1514508,21
1514510,2
1514514,1
1514515,3
1514518,1
1514522,2
1514528,1
1514532,1
1514533,15
1514535,1
1514537,3
1514540,5
1514547,2
1514552,40
1514555,4
1514568,2
1514569,1
1514572,12
1514573,14
1514574,1
1514577,1
1514583,10
1514587,11
1514589,1
1514605,21
1514608,2
1514610,1
1514615,4
1514616,89
1514618,10
1514619,1
1514628,4
1514630,3
1514631,2
1514633,12
1514635,4
1514639,2
1514642,6
1514646,3
1514652,2
1514658,3
1514661,5
1514663,1
1514675,2
1514687,31
1514688,13
1514694,1
1514701,5
1514708,9
1514711,1
1514712,17
1514719,2
1514722,52
1514725,1
1514728,36
1514729,3
1514730,52
1514734,1
1514748,1
1514756,1
1514758,7
1514762,7
1514763,12
1514789,10
1514795,5
1514798,1
1514799,8
1514804,6
1514814,5
1514819,3
1514822,1
1514823,1
1514838,3
1514843,1
1514847,12
1514849,39
1514854,11
1514856,5
1514863,1
1514867,17
1514868,1
1514870,2
1514897,2
1514898,2
1514902,5
1514915,1
1514927,9
1514930,6
1514937,6
1514940,6
1514942,9
1514943,5
1514944,2
1514950,1
1514953,19
1514957,2
1514959,21
1514977,25
1514986,6
1514989,1
1514990,11
1514993,1
1515001,1
1515010,3
1515015,7
1515023,1
1515024,6
1515025,4
1515031,3
1515033,3
1515035,1
1515040,3
1515042,6
1515052,14
1515054,3
1515073,1
1515077,1
1515078,1
1515079,2
1515080,3
1515084,2
1515085,1
1515090,1
1515091,2
1515103,1
1515106,3
1515120,8
1515121,1
1515125,4
1515126,1
1515134,48
1515138,12
1515145,2
1515149,2
1515152,1
1515153,10
1515160,6
1515163,1
1515165,1
1515166,22
1515169,4
1515175,2
1515180,10
1515181,32
1515185,3
1515187,1
1515189,2
1515192,1
1515197,1
1515215,18
1515217,1
1515219,36
1515221,1
1515224,26
1515225,14
1515231,7
1515232,2
1515240,3
1515243,13
1515248,1
1515249,2
1515250,10
1515251,8
1515257,2
1515259,1
1515267,16
1515270,1
1515274,6
1515276,1
1515283,1
1515284,12
1515285,2
1515286,1
1515287,1
1515288,41
1515289,68
1515291,5
1515293,1
1515294,7
1515295,2
1515299,5
1515307,10
1515309,2
1515322,9
1515323,1
1515335,1
1515337,2
1515340,6
1515342,5
1515348,21
1515352,5
1515353,6
1515354,2
1515355,16
1515357,6
1515359,1
1515361,6
1515362,13
1515364,12
1515365,3
1515375,10
1515376,1
1515378,15
1515380,1
1515385,9
1515386,12
1515391,3
1515392,1
1515393,1
1515396,9
1515398,2
1515400,18
1515405,4
1515410,9
1515411,9
1515414,6
1515416,4
1515417,2
1515423,2
1515424,2
1515429,1
1515432,1
1515441,10
1515443,17
1515448,5
1515452,37
1515455,161
1515460,3
1515461,1
1515462,1
1515464,1
1515472,1
1515473,18
1515479,1
1515480,13
1515482,1
1515484,2
1515488,5
1515497,2
1515498,10
1515505,7
1515506,14
1515509,18
1515512,29
1515513,1
1515514,6
1515517,1
1515518,5
1515519,40
1515524,56
1515526,4
1515532,3
1515533,1
1515538,2
1515543,13
1515548,1
1515549,6
1515550,2
1515552,7
1515557,12
1515558,156
1515560,33
1515561,14
1515564,8
1515566,3
1515569,5
1515574,1
1515577,1
1515585,4
1515587,3
1515590,4
1515592,87
1515594,1
1515596,2
1515599,8
1515605,133
1515608,5
1515609,71
1515612,1
1515616,1
1515619,3
1515620,1
1515622,1
1515623,19
1515628,1
1515632,51
1515636,9
1515637,3
1515640,11
1515641,1
1515648,33
1515653,5
1515655,25
1515656,2
1515657,3
1515658,27
1515659,1
1515665,19
1515669,2
1515670,14
1515671,7
1515673,31
1515676,2
1515680,1
1515682,14
1515684,42
1515686,4
1515687,25
1515689,14
1515691,117
1515692,4
1515693,5
1515694,6
1515697,1
1515698,4
1515700,1
1515704,1
1515705,1
1515706,1
1515711,92
1515712,7
1515713,26
1515714,3
1515717,17
1515719,6
1515720,1
1515723,13
1515727,1
1515730,115
1515732,2
1515735,3
1515736,49
1515745,36
1515746,57
1515748,2
1515749,3
1515751,3
1515752,5
1515754,1
1515755,2
1515756,1
1515762,1
1515763,1
1515764,1
1515766,3
1515772,2
1515776,14
1515780,1
1515805,5
1515811,8
1515814,11
1515824,2
1515831,19
1515833,3
1515838,2
1515839,1
1515840,12
1515845,70
1515846,2
1515849,7
1515851,1
1515853,2
1515855,1
1515856,3
1515859,15
1515863,8
1515865,16
1515869,40
1515880,1
1515885,6
1515887,68
1515899,29
1515908,10
1515912,5
1515915,2
1515918,3
1515921,2
1515924,5
1515928,29
1515932,3
1515937,1
1515938,8
1515939,20
1515940,3
1515941,5
1515942,3
1515944,31
1515947,16
1515948,1
1515957,1
1515964,42
1515978,55
1515983,19
1515987,14
1515988,5
1515993,48
1515994,1
1515997,2
1515999,24
1516001,6
1516008,12
1516011,21
1516013,13
1516014,6
1516017,1
1516019,2
1516020,324
1516024,2
1516028,23
1516030,3
1516031,13
1516034,8
1516036,22
1516040,1
1516041,11
1516042,11
1516043,1
1516044,4
1516047,9
1516053,18
1516054,72
1516057,19
1516067,2
1516069,11
1516073,2
1516074,17
1516075,3
1516077,3
1516080,4
1516083,1
1516084,75
1516085,7
1516086,1
1516090,2
1516095,3
1516096,1
1516098,54
1516099,21
1516100,4
1516102,1
1516104,12
1516105,23
1516106,1
1516108,3
1516109,7
1516114,3
1516116,3
1516117,1
1516118,1
1516119,1
1516120,5
1516121,29
1516122,21
1516123,8
1516126,16
1516127,10
1516135,8
1516138,13
1516142,2
1516143,1
1516144,2
1516147,2
1516149,16
1516150,2
1516151,1
1516153,1
1516154,9
1516155,1
1516156,1
1516157,2
1516161,1
1516162,111
1516166,15
1516170,3
1516171,5
1516173,8
1516174,1
1516177,23
1516180,1
1516181,13
1516183,7
1516187,3
1516188,7
1516190,4
1516191,1
1516193,1
1516194,1
1516195,7
1516198,5
1516201,5
1516204,11
1516208,92
1516209,3
1516210,2
1516211,6
1516213,5
1516214,11
1516215,1
1516218,36
1516219,2
1516220,1
1516223,52
1516225,11
1516226,2
1516231,80
1516233,2
1516235,4
1516236,9
1516238,2
1516239,19
1516240,1
1516241,3
1516243,1
1516247,24
1516253,74
1516257,5
1516260,3
1516261,3
1516262,155
1516263,1
1516270,11
1516273,7
1516274,14
1516276,7
1516279,1
1516280,1
1516285,2
1516286,3
1516287,170
1516288,1
1516290,4
1516292,15
1516293,1
1516294,4
1516297,1
1516299,1
1516303,2
1516308,13
1516310,3
1516311,7
1516312,18
1516313,3
1516314,103
1516316,7
1516317,5
1516318,60
1516319,3
1516320,2
1516321,6
1516328,2
1516330,3
1516332,1
1516333,7
1516336,9
1516339,1
1516340,21
1516342,10
1516343,64
1516344,10
1516345,10
1516346,1
1516348,1
1516349,81
1516353,30
1516354,1
1516355,3
1516357,4
1516360,1
1516361,10
1516362,10
1516363,9
1516366,3
1516367,121
1516369,5
1516371,1
1516372,48
1516376,12
1516379,28
1516380,3
1516383,1
1516384,1
1516387,4
1516388,52
1516392,46
1516393,2
1516394,3
1516398,1
1516404,15
1516405,1
1516410,14
1516412,106
1516413,145
1516415,1
1516417,4
1516418,17
1516420,2
1516422,2
1516424,107
1516426,1
1516428,3
1516429,2
1516433,2
1516434,6
1516435,1
1516439,2
1516441,2
1516442,1
1516443,1
1516444,4
1516447,3
1516448,19
1516449,3
1516450,83
1516451,2
1516452,2
1516453,1
1516454,139
1516455,1
1516457,24
1516458,1
1516460,34
1516461,4
1516463,8
1516464,43
1516465,5
1516467,8
1516468,3
1516470,68
1516473,5
1516474,11
1516476,10
1516477,16
1516478,199
1516479,21
1516481,1
1516482,47
1516483,7
1516487,18
1516491,8
1516492,39
1516494,5
1516495,20
1516497,92
1516498,1
1516499,7
1516501,60
1516502,3
1516503,32
1516505,6
1516506,1
1516508,30
1516509,8
1516510,4
1516511,15
1516516,2
1516517,3
1516520,82
1516521,3
1516530,4
1516533,2
1516534,16
1516537,5
1516538,1
1516539,1
1516540,12
1516545,18
1516546,3
1516547,8
1516549,29
1516554,23
1516555,2
1516557,9
1516558,1
1516562,6
1516567,16
1516570,14
1516573,45
1516574,6
1516576,16
1516577,48
1516579,5
1516582,102
1516583,9
1516585,2
1516586,9
1516587,20
1516588,13
1516591,1
1516592,2
1516595,25
1516598,4
1516599,70
1516602,5
1516606,27
1516607,3
1516608,1
1516609,15
1516613,3
1516615,32
1516616,19
1516620,15
1516621,13
1516624,3
1516625,1
1516626,15
1516627,61
1516632,1
1516633,23
1516634,3
1516637,31
1516638,43
1516640,1
1516643,37
1516646,4
1516649,2
1516650,3
1516652,2
1516653,1
1516654,16
1516659,1
1516660,5
1516661,8
1516662,4
1516663,11
1516664,3
1516665,10
1516666,5
1516667,35
1516668,3
1516670,9
1516671,1
1516672,23
1516676,1
1516678,25
1516681,9
1516682,1
1516684,2
1516685,12
1516686,4
1516687,12
1516691,4
1516693,50
1516694,1
1516695,103
1516696,2
1516697,1
1516698,6
1516699,18
1516700,8
1516701,1
1516704,1
1516707,23
1516708,28
1516710,12
1516711,1
1516715,3
1516716,27
1516717,14
1516719,6
1516720,3
1516722,3
1516723,12
1516724,6
1516727,19
1516728,3
1516729,41
1516733,32
1516734,73
1516735,2
1516737,1
1516738,3
1516739,25
1516741,17
1516743,10
1516744,20
1516748,104
1516749,41
1516750,10
1516755,1
1516759,4
1516760,2
1516761,42
1516762,3
1516763,17
1516766,30
1516767,13
1516768,11
1516769,2
1516773,3
1516774,10
1516775,7
1516779,28
1516780,2
1516783,3
1516784,4
1516789,64
1516790,1
1516791,1
1516792,5
1516794,12
1516795,39
1516796,4
1516797,75
1516801,10
1516805,36
1516806,20
1516808,27
1516809,47
1516810,7
1516812,28
1516813,6
1516814,1
1516815,3
1516816,5
1516819,32
1516820,18
1516821,7
1516822,1
1516823,76
1516825,21
1516826,6
1516827,5
1516829,8
1516830,5
1516832,76
1516837,5
1516838,5
1516844,20
1516846,1
1516847,3
1516848,13
1516849,1
1516850,13
1516851,8
1516852,1
1516854,3
1516855,113
1516856,36
1516857,21
1516858,49
1516864,9
1516865,32
1516866,13
1516867,1
1516868,6
1516870,1
1516874,2
1516876,7
1516878,4
1516882,4
1516883,111
1516886,2
1516888,3
1516893,49
1516895,19
1516896,33
1516899,1
1516903,2
1516905,1
1516908,8
1516910,24
1516911,16
1516912,5
1516913,1
1516914,6
1516915,18
1516916,91
1516919,1
1516921,8
1516922,167
1516923,35
1516924,3
1516927,1
1516928,4
1516930,13
1516931,32
1516932,2
1516933,15
1516934,2
1516936,14
1516937,4
1516938,1
1516940,4
1516942,7
1516944,11
1516946,2
1516949,5
1516950,30
1516952,24
1516953,1
1516955,3
1516958,30
1516959,2
1516961,1
1516962,14
1516963,19
1516965,16
1516966,9
1516970,2
1516973,11
1516974,15
1516975,7
1516976,2
1516977,17
1516978,1
1516980,22
1516981,1
1516983,7
1516986,17
1516989,6
1516990,1
1516993,56
1516994,2
1516996,1
1516998,4
1517000,4
1517001,28
1517002,21
1517003,40
1517004,5
1517006,29
1517008,67
1517012,3
1517013,19
1517015,12
1517016,52
1517017,1
1517020,3
1517021,18
1517027,34
1517030,1
1517031,9
1517035,3
1517036,11
1517039,1
1517044,289
1517045,7
1517046,1
1517049,7
1517051,2
1517052,2
1517053,17
1517054,10
1517055,7
1517058,1
1517059,37
1517060,1
1517064,21
1517065,26
1517071,241
1517073,5
1517074,1
1517075,3
1517077,71
1517079,3
1517081,2
1517082,5
1517083,7
1517089,7
1517090,5
1517091,21
1517092,20
1517094,24
1517095,20
1517096,1
1517098,29
1517099,3
1517100,1
1517101,1
1517102,5
1517107,5
1517108,1
1517110,50
1517111,1
1517118,2
1517119,1
1517120,1
1517121,2
1517122,1
1517123,14
1517125,3
1517126,2
1517128,10
1517129,1
1517130,9
1517132,1
1517134,2
1517138,7
1517139,3
1517141,1
1517143,1
1517146,44
1517148,8
1517149,8
1517150,9
1517151,1
1517152,1
1517153,79
1517158,13
1517161,1
1517162,6
1517163,16
1517164,9
1517165,191
1517166,2
1517169,3
1517171,8
1517172,65
1517174,1
1517175,3
1517176,3
1517181,9
1517186,4
1517187,4
1517190,85
1517194,35
1517195,29
1517197,2
1517200,1
1517201,23
1517202,59
1517203,10
1517204,7
1517205,6
1517207,4
1517208,1
1517211,2
1517212,10
1517213,18
1517215,4
1517216,1367
1517220,5
1517221,1
1517224,60
1517225,1
1517227,22
1517228,37
1517229,1
1517230,54
1517231,28
1517232,229
1517233,3
1517234,390
1517236,8
1517241,13
1517242,8
1517245,1
1517246,23
1517249,1
1517250,24
1517251,2
1517252,60
1517253,10
1517254,47
1517256,2
1517259,5
1517260,31
1517262,5
1517265,10
1517266,8
1517267,9
1517271,3
1517272,14
1517275,2
1517276,1
1517277,20
1517278,11
1517279,7
1517280,26
1517281,15
1517282,1
1517284,2
1517287,165
1517288,20
1517289,7
1517291,14
1517293,1
1517294,45
1517295,9
1517296,10
1517298,13
1517299,41
1517301,1
1517302,5
1517303,5
1517304,1
1517305,7
1517306,3
1517307,17
1517309,17
1517311,16
1517312,11
1517316,17
1517317,1
1517321,26
1517322,15
1517325,27
1517326,8
1517327,9
1517328,10
1517330,45
1517332,5
1517335,2
1517336,8
1517338,9
1517339,6
1517344,2
1517345,2
1517347,9
1517349,6
1517350,78
1517353,6
1517354,8
1517355,48
1517356,13
1517358,7
1517359,9
1517360,14
1517363,1
1517364,33
1517365,2
1517366,3
1517367,1
1517370,11
1517371,4
1517372,106
1517373,4
1517374,3
1517375,30
1517376,7
1517377,18
1517378,3
1517379,7
1517381,3
1517382,25
1517385,5
1517387,5
1517388,2
1517390,24
1517391,6
1517394,2
1517395,1
1517396,3
1517398,3
1517399,3
1517403,8
1517405,1
1517407,17
1517408,13
1517411,2
1517413,7
1517416,1
1517417,3
1517418,3
1517419,17
1517424,4
1517427,33
1517428,1
1517429,3
1517432,81
1517433,9
1517434,4
1517437,66
1517440,1
1517441,23
1517443,10
1517444,13
1517445,5
1517446,1
1517448,34
1517449,4
1517450,11
1517452,21
1517456,1
1517458,10
1517460,8
1517462,5
1517465,2
1517466,1
1517468,2
1517470,3
1517471,1
1517472,2
1517475,16
1517478,357
1517481,12
1517482,2
1517484,1
1517487,24
1517488,3
1517489,11
1517490,5
1517492,56
1517493,4
1517494,3
1517495,40
1517496,23
1517497,459
1517501,5
1517503,4
1517504,5
1517506,6
1517507,10
1517511,16
1517512,3
1517514,1
1517515,297
1517516,14
1517517,6
1517518,1
1517519,1
1517521,2
1517522,1
1517523,4
1517525,5
1517528,4
1517529,2
1517530,1
1517531,18
1517534,17
1517535,9
1517536,6
1517537,2
1517539,10
1517541,52
1517542,1
1517543,5
1517544,5
1517547,39
1517548,12
1517549,3
1517550,16
1517553,1
1517557,2
1517559,23
1517561,3
1517564,3
1517565,4
1517568,2
1517569,5
1517570,1
1517571,44
1517572,3
1517576,3
1517578,16
1517579,1
1517582,1
1517583,11
1517585,6
1517586,3
1517587,261
1517588,1
1517592,30
1517595,20
1517598,11
1517599,2
1517600,1
1517603,4
1517605,35
1517606,26
1517607,43
1517608,1
1517609,10
1517610,3
1517612,28
1517613,19
1517616,10
1517617,30
1517619,1
1517620,5
1517621,2
1517630,1
1517631,4
1517632,4
1517633,18
1517635,11
1517636,1
1517637,2
1517638,1
1517639,10
1517641,3
1517643,1
1517644,1
1517645,5
1517646,3
1517648,2
1517651,334
1517652,7
1517653,12
1517656,1
1517657,33
1517658,1
1517659,67
1517660,3
1517661,12
1517662,15
1517663,3
1517667,20
1517669,8
1517671,1
1517675,10
1517676,1
1517679,3
1517684,7
1517685,2
1517687,27
1517688,1
1517689,35
1517690,1
1517691,36
1517694,3
1517695,42
1517696,18
1517697,3
1517700,2
1517704,4
1517706,2
1517707,25
1517708,2
1517709,2
1517712,8
1517716,11
1517717,5
1517718,6
1517720,91
1517721,1
1517722,2
1517723,4
1517724,7
1517727,58
1517728,1
1517729,3
1517733,28
1517734,6
1517737,15
1517738,12
1517739,2
1517740,5
1517741,937
1517742,11
1517745,8
1517746,50
1517748,3
1517749,2
1517750,11
1517751,2
1517752,2
1517758,1
1517767,7
1517768,18
1517772,1
1517779,11
1517780,1
1517781,6
1517784,20
1517785,1
1517786,163
1517787,15
1517788,2
1517789,13
1517791,1
1517792,2
1517793,30
1517794,16
1517795,90
1517796,2
1517797,1
1517798,1
1517799,35
1517803,1
1517806,1
1517807,3
1517810,1
1517811,50
1517812,5
1517813,11
1517814,10
1517816,25
1517821,41
1517823,1
1517824,18
1517826,14
1517828,9
1517830,2
1517833,9
1517834,35
1517835,1
1517837,5
1517838,9
1517848,8
1517849,5
1517853,7
1517855,33
1517856,3
1517861,12
1517865,15
1517866,4
1517869,1
1517870,35
1517871,4
1517872,3
1517873,7
1517874,21
1517875,11
1517880,8
1517881,3
1517882,1
1517884,1
1517885,9
1517887,4
1517888,10
1517889,3
1517891,2
1517892,4
1517893,18
1517894,60
1517895,2
1517896,106
1517898,12
1517901,18
1517902,51
1517903,67
1517904,2
1517907,14
1517908,22
1517909,5
1517910,6
1517911,31
1517912,2
1517913,16
1517914,1
1517915,1
1517917,7
1517920,2
1517922,13
1517923,32
1517924,5
1517925,1
1517928,1
1517931,9
1517933,1
1517934,1
1517935,2
1517939,6
1517941,27
1517944,34
1517947,5
1517951,22
1517952,6
1517953,1
1517954,17
1517955,16
1517957,6
1517958,1
1517959,1
1517960,46
1517961,36
1517962,7
1517963,10
1517964,16
1517965,12
1517966,16
1517969,10
1517970,11
1517971,3
1517972,3
1517973,3
1517976,6
1517977,6
1517979,91
1517980,2
1517982,17
1517983,1
1517984,9
1517988,8
1517989,13
1517990,29
1517993,63
1517994,2
1517996,2
1517998,1
1517999,1
1518000,6
1518001,9
1518002,10
1518003,4
1518004,14
1518005,3
1518007,1
1518008,33
1518009,9
1518012,5
1518015,51
1518017,2
1518019,4
1518021,5
1518022,122
1518023,7
1518024,1
1518025,27
1518026,18
1518027,2
1518028,47
1518029,7
1518030,5
1518031,5
1518036,3
1518037,2
1518039,6
1518040,31
1518041,11
1518043,40
1518045,24
1518048,37
1518049,2
1518050,2
1518052,1
1518054,4
1518058,90
1518059,14
1518060,1
1518061,18
1518064,1
1518065,56
1518066,4
1518067,1
1518068,57
1518073,7
1518075,20
1518076,2
1518077,2
1518079,1
1518080,7
1518081,1
1518082,1
1518084,1
1518085,34
1518088,30
1518091,3
1518093,2
1518094,4
1518095,19
1518098,14
1518100,18
1518102,6
1518103,13
1518104,5
1518105,5
1518109,5
1518110,3
1518111,2
1518112,13
1518113,3
1518114,9
1518115,3
1518116,10
1518118,1
1518119,8
1518120,5
1518122,1
1518124,3
1518126,5
1518128,32
1518130,3
1518131,3
1518134,37
1518136,2
1518137,2
1518138,20
1518139,3
1518141,14
1518142,1
1518145,5
1518147,16
1518150,6
1518151,1
1518155,2
1518156,1
1518157,43
1518160,10
1518161,41
1518166,1
1518168,1
1518170,2
1518172,4
1518173,2
1518175,4
1518176,6
1518177,18
1518178,5
1518180,10
1518181,12
1518182,14
1518183,1
1518185,28
1518186,6
1518187,4
1518191,6
1518193,15
1518196,36
1518197,180
1518198,232
1518201,1
1518202,31
1518205,3
1518206,1
1518207,3
1518208,4
1518209,18
1518210,3
1518212,25
1518213,18
1518214,1
1518216,17
1518218,4
1518219,1
1518222,57
1518224,11
1518229,5
1518231,2
1518233,48
1518234,30
1518235,22
1518236,6
1518238,18
1518239,2
1518241,154
1518242,14
1518245,6
1518247,14
1518249,10
1518250,47
1518252,2
1518254,5
1518257,7
1518258,11
1518259,3
1518261,2
1518262,2
1518264,15
1518267,20
1518268,2
1518276,1
1518277,60
1518278,9
1518279,3
1518280,31
1518281,5
1518282,1
1518285,19
1518287,4
1518288,4
1518290,2
1518291,1
1518292,3
1518296,4
1518298,14
1518301,12
1518302,8
1518303,11
1518304,1
1518306,52
1518307,13
1518308,4
1518313,16
1518314,1
1518315,1
1518316,4
1518317,4
1518319,1
1518321,1
1518322,5
1518323,10
1518324,3
1518326,17
1518329,13
1518330,3
1518331,3
1518333,1
1518335,219
1518340,159
1518345,24
1518352,9
1518353,8
1518354,1
1518356,50
1518358,2
1518359,2
1518360,8
1518361,33
1518363,24
1518366,4
1518368,58
1518369,3
1518370,66
1518371,11
1518372,6
1518374,2
1518375,5
1518376,266
1518377,2
1518380,11
1518381,76
1518384,23
1518385,4
1518388,10
1518389,4
1518390,23
1518391,1
1518392,14
1518393,28
1518396,10
1518398,1
1518403,1
1518407,3
1518409,5
1518410,2
1518411,3
1518412,5
1518414,1
1518415,9
1518417,3
1518418,10
1518419,2
1518420,1
1518421,2
1518422,26
1518423,24
1518426,9
1518427,7
1518430,4
1518431,3
1518436,11
1518441,1
1518443,1
1518444,12
1518446,8
1518448,5
1518451,3
1518452,13
1518455,4
1518458,10
1518460,5
1518466,25
1518469,78
1518472,3
1518474,1
1518477,3
1518478,4
1518480,11
1518481,1
1518482,4
1518483,1
1518485,26
1518486,2
1518488,1
1518490,1
1518495,2
1518498,1
1518500,46
1518504,4
1518505,38
1518506,14
1518507,93
1518516,14
1518517,4
1518519,1
1518520,7
1518522,45
1518523,1
1518525,1
1518526,12
1518533,21
1518536,3
1518539,1
1518541,5
1518545,1
1518546,1
1518547,349
1518549,8
1518552,121
1518558,16
1518562,4
1518565,331
1518567,47
1518568,5
1518569,24
1518570,9
1518571,14
1518574,10
1518575,338
1518577,1
1518578,4
1518581,25
1518584,3
1518587,3
1518589,53
1518591,1
1518593,5
1518594,11
1518595,8
1518598,2
1518600,19
1518603,8
1518604,13
1518606,2
1518612,1
1518613,4
1518614,1
1518615,1
1518616,5
1518618,4
1518622,2
1518623,13
1518624,1
1518626,5
1518627,9
1518628,2
1518629,1
1518630,22
1518635,8
1518637,2
1518639,70
1518642,5
1518643,23
1518647,108
1518648,6
1518653,1
1518654,16
1518656,1
1518658,2
1518659,4
1518660,15
1518661,1
1518662,284
1518671,4
1518674,2
1518687,16
1518688,1
1518692,1
1518694,32
1518695,2
1518697,1
1518698,2
1518699,1
1518701,5
1518702,3
1518703,5
1518704,1
1518705,23
1518706,2
1518707,26
1518709,12
1518710,15
1518711,2
1518712,2
1518713,3
1518716,12
1518717,4
1518721,57
1518726,1
1518728,5
1518730,2
1518732,68
1518733,5
1518734,57
1518738,4
1518740,2
1518741,3
1518746,5
1518747,3
1518748,4
1518750,5
1518752,4
1518753,6
1518754,1
1518755,1
1518759,3
1518760,1
1518765,8
1518766,37
1518768,1
1518769,23
1518771,22
1518772,2
1518775,130
1518776,3
1518777,8
1518779,3
1518781,4
1518782,37
1518783,2
1518784,11
1518787,3
1518788,21
1518791,1
1518792,5
1518793,7
1518794,7
1518805,18
1518806,3
1518813,4
1518814,13
1518816,3
1518817,1
1518818,7
1518823,15
1518826,588
1518827,2
1518828,6
1518829,3
1518830,2
1518831,2
1518832,1
1518838,5
1518839,135
1518843,1
1518846,1
1518850,30
1518854,27
1518857,1
1518861,12
1518862,3
1518864,8
1518867,7
1518869,107
1518870,5
1518871,3
1518874,5
1518880,7
1518881,2
1518882,5
1518884,5
1518887,2
1518889,6
1518892,3
1518893,9
1518897,3
1518898,2
1518901,1
1518903,1
1518905,1
1518908,2
1518910,2
1518911,108
1518912,2
1518914,3
1518915,6
1518917,1
1518922,3
1518924,16
1518925,5
1518927,8
1518929,24
1518931,8
1518932,1
1518933,6
1518936,3
1518939,23
1518940,5
1518943,9
1518946,18
1518947,18
1518948,4
1518949,31
1518950,12
1518952,1
1518955,1
1518960,1
1518962,1
1518963,11
1518964,21
1518966,51
1518967,1
1518968,1
1518969,1
1518971,2
1518972,1
1518973,7
1518976,1
1518977,10
1518978,5
1518979,1
1518980,13
1518982,4
1518984,8
1518986,45
1518988,1
1518991,68
1518994,4
1518996,13
1518998,6
1519000,2
1519002,4
1519004,1
1519006,2
1519008,5
1519011,7
1519013,4
1519015,267
1519018,1
1519021,6
1519022,1
1519027,1
1519029,6
1519032,2
1519033,3
1519035,1
1519038,1
1519039,2
1519043,5
1519045,1
1519046,4
1519047,15
1519048,3
1519050,2
1519051,9
1519054,1
1519055,1
1519059,1
1519061,2
1519063,20
1519066,1
1519068,7
1519069,2
1519070,22
1519071,4
1519072,2
1519073,1
1519075,5
1519076,19
1519078,3
1519080,20
1519083,2
1519086,7
1519087,8
1519088,1
1519092,7
1519094,10
1519097,107
1519098,2
1519100,8
1519102,14
1519103,1
1519105,8
1519106,8
1519107,2
1519109,1
1519110,1
1519111,2
1519114,11
1519115,4
1519116,83
1519117,2
1519119,1
1519123,1
1519126,1
1519127,3
1519129,22
1519131,1
1519132,57
1519135,11
1519145,10
1519146,18
1519153,7
1519159,3
1519161,2
1519163,12
1519165,10
1519167,8
1519169,3
1519170,9
1519176,1
1519179,2
1519180,24
1519181,8
1519182,13
1519186,1
1519187,1
1519188,5
1519189,46
1519191,10
1519193,30
1519195,1
1519196,3
1519198,2
1519199,7
1519200,3
1519201,1
1519202,3
1519203,2
1519205,11
1519206,5
1519208,1
1519209,1
1519215,3
1519216,14
1519217,16
1519223,1
1519224,3
1519226,3
1519227,1
1519228,8
1519232,1
1519234,3
1519235,2
1519240,2
1519242,61
1519245,1
1519246,2
1519248,3
1519249,2
1519253,2
1519255,11
1519256,14
1519258,3
1519259,1
1519260,39
1519261,2
1519262,2
1519263,8
1519266,4
1519268,3
1519269,12
1519270,17
1519272,4
1519280,9
1519281,7
1519282,13
1519283,1
1519288,1
1519290,21
1519292,2
1519296,13
1519297,21
1519298,1
1519301,19
1519302,2
1519303,6
1519308,6
1519309,1
1519310,2
1519313,11
1519314,9
1519315,6
1519316,3
1519318,20
1519322,1
1519323,18
1519324,6
1519325,28
1519327,12
1519332,1
1519333,8
1519334,2
1519335,2
1519336,44
1519337,1
1519338,2
1519342,2
1519344,19
1519345,23
1519347,1
1519348,4
1519353,1
1519354,1
1519356,11
1519357,5
1519358,107
1519360,3
1519364,7
1519365,1
1519368,4
1519371,3
1519372,1
1519374,818
1519382,1
1519384,9
1519390,3
1519392,2
1519394,1
1519395,6
1519396,6
1519400,13
1519402,1
1519404,1
1519405,55
1519407,3
1519408,15
1519410,10
1519411,3
1519414,1
1519416,4
1519418,51
1519419,4
1519422,4
1519424,72
1519426,13
1519430,4
1519432,9
1519433,13
1519437,12
1519438,2
1519441,15
1519447,12
1519451,3
1519453,4
1519455,5
1519459,5
1519460,5
1519462,9
1519466,3
1519467,2
1519469,2
1519472,5
1519474,3
1519475,16
1519481,2
1519488,37
1519492,6
1519494,16
1519497,4
1519498,3
1519501,11
1519503,9
1519509,18
1519511,13
1519512,1
1519514,12
1519515,116
1519516,1
1519517,1
1519525,1
1519531,11
1519532,15
1519533,12
1519534,9
1519535,183
1519537,1
1519538,1
1519539,1
1519541,10
1519542,8
1519543,4
1519544,1
1519549,4
1519550,15
1519551,3
1519552,1
1519553,1
1519557,2
1519559,7
1519561,4
1519563,2
1519565,2
1519566,2
1519567,5
1519568,4
1519571,1
1519574,7
1519575,2
1519579,2
1519586,3
1519588,8
1519595,2
1519598,15
1519601,1
1519602,1
1519604,9
1519608,1
1519611,3
1519614,3
1519621,1
1519622,3
1519627,4
1519629,1
1519632,1
1519633,5
1519638,2
1519644,3
1519645,2
1519656,3
1519657,2
1519660,2
1519667,1
1519669,23
1519678,1
1519679,2
1519684,5
1519689,1
1519696,4
1519700,1
1519701,1
1519702,31
1519711,4
1519714,4
1519715,2
1519718,13
1519721,1
1519722,4
1519724,3
1519726,3
1519728,2
1519730,1
1519735,1
1519737,3
1519741,4
1519744,164
1519749,8
1519757,4
1519758,1
1519762,2
1519766,14
1519768,10
1519770,1
1519774,1
1519775,2
1519776,4
1519779,1
1519784,5
1519791,4
1519792,1
1519796,6
1519798,2
1519799,2
1519802,3
1519806,11
1519808,1
1519809,2
1519812,1
1519815,5
1519818,1
1519819,1
1519820,2
1519823,2
1519825,3
1519827,27
1519828,2
1519832,1
1519833,3
1519834,4
1519835,3
1519837,1
1519838,125
1519842,24
1519844,2
1519846,1
1519847,1
1519848,1
1519852,6
1519854,1
1519855,1
1519858,10
1519859,13
1519860,12
1519869,10
1519884,9
1519885,2
1519890,7
1519891,4
1519894,1
1519895,3
1519897,8
1519900,2
1519903,1
1519905,4
1519906,4
1519909,3
1519911,1
1519916,1
1519920,1
1519922,2
1519925,1
1519928,1
1519931,3
1519933,1
1519939,6
1519945,5
1519947,1
1519948,1
1519954,2
1519957,4
1519963,2
1519974,2
1519977,1
1519978,1
1600021,22
1600033,93
1600052,7
1600188,7
1600190,18
1600222,10
1600245,16
1600246,20
1600255,4
1600256,27
1600257,62
1600305,16
1600321,8
1600333,6
1600334,24
1600335,9
1600336,14
1600337,31
1600338,1
1600346,2
1600348,2
1600349,3
1600352,1061
1600354,435
1600358,312
1600364,9
1600370,1
1600386,3
1600464,3
1600467,51
1600483,1
1600489,15
1600495,2
1600509,288
1600518,1
1600519,1
1600521,31
1600522,1
1600543,17
1600555,10
1600773,1
1600784,1
1600802,8
1600810,1
1600812,2
1600814,2
1600825,25
1600865,16
1600872,5
1600883,15
1600899,2
1600914,1
1600919,1
1600939,2
1600967,2
1600969,2
1600970,538
1600973,1
1600979,6
1600995,63
1600999,3
1601000,1
1601007,7
1601008,3
1601019,9
1601023,1
1601026,1
1601029,11
1601030,1
1601031,246
1601032,23
1601037,2
1601038,13
1601041,69
1601047,2
1601052,1
1601053,1
1601056,29
1601060,1
1601064,2
1601067,1
1601070,11
1601071,3
1601076,3
1601087,1
1601088,4
1601089,6
1601094,7
1601121,1
1601132,1
1601135,1
1601137,1
1601138,1
1601149,1
1601160,2
1601161,1
1601164,35
1601168,1
1601177,1
1601186,23
1601190,5
1601192,6
1601193,2
1601195,4
1601199,5
1601201,1
1601203,1
1601207,14
1601209,1
1601211,1
1601212,1
1601213,1
1601217,3
1601222,13
1601231,5
1601233,1
1601241,1
1601244,1
1601246,1
1601252,1
1601263,1
1601267,50
1601269,40
1601273,2
1601276,1
1601278,2
1601280,2
1601281,22
1601290,3
1601291,1
1601292,1
1601293,12
1601294,6
1601298,13
1601299,6
1601302,28
1601303,2
1601308,2
1601315,1
1601318,2
1601320,14
1601321,5
1601322,1
1601324,2
1601330,1
1601334,2
1601337,6
1601338,1
1601342,6
1601345,1
1601352,1
1601357,15
1601364,28
1601366,1
1601378,1
1601382,1
1601383,2
1601384,1
1601388,2
1601391,2
1601393,2
1601403,1
1601406,2
1601408,1
1601409,1
1601411,5
1601417,4
1601419,1
1601422,1
1601423,1
1601435,2
1601438,1
1601439,4
1601452,1
1601453,6
1601454,3
1601464,6
1601469,1
1601479,3
1601490,6
1601492,1
1601497,1
1601499,3
1601500,3
1601504,3
1601506,3
1601525,1
1601527,2
1601532,3
1601536,1
1601537,1
1601553,5
1601557,1
1601571,1
1601573,1
1601578,1
1601580,1
1601581,1
1601585,10
1601589,2
1601590,1
1601594,3
1601602,1
1601608,3
1601613,1
1601616,1
1601618,3
1700001,14
1700002,8
1700022,212
1700023,36
1700092,26
1700114,4
1700118,4
1700123,2
1700130,4
1700134,14
1700136,4
1700138,1
1700148,1
1700154,15
1700168,1
1700206,4
1700211,2
1700218,15
1700220,4
1700231,4
1700233,1
1700237,1
1700252,13
1700256,5
1700276,8
1700282,1
1700283,15
1700285,1
1700310,1
1700319,9
1700320,16
1700328,2
1700424,1
1700425,8
1700443,1
1700465,1
1700488,1
1700500,11
1700504,1
1700505,1
1700507,2
1700511,1
1700519,1
1700529,1
1700530,1
1700540,1
1700544,1
1700554,1
1700557,1
1700561,1
1700567,2
1700570,5
1700573,13
1700574,2
1700575,4
1700576,2
1700579,7
1700582,15
1700583,1
1700584,4
1700586,3
1700587,1
1700590,1
1700592,7
1700597,1
1700599,1
1700600,3
1700603,3
1700605,6
1700609,2
1700613,1
1700615,1
1700618,1
1700622,1
1700623,3
1700625,1
1700628,1
1700631,1
1700639,1
1700643,3
1700647,1
1700650,1
1700664,5
1700666,5
1700672,1
1700681,1
1700682,6
1700688,1
1700692,3
1700696,1
1700703,1
1700708,1
1700715,2
1700716,9
1700718,5
1700722,1
1700726,1
1700731,1
1700736,8
1700738,1
1700739,1
1700750,2
1700760,1
1700773,4
1700779,1
1700786,1
1700795,1
1700812,1
1700815,1
1700821,1
1700826,1
1700847,2
1700852,1
1700866,1
1700870,1
1700871,4
1700879,1
1700889,2
1700920,1
1700921,1
1700931,1
1700937,1
1700938,1
1700944,32
1700977,1
1700998,1
1701003,1
1701038,1
1701042,1
1701061,1
1701123,1
1800001,267
1800002,25
1800004,2
1800008,63
1800009,104
1800010,80
1800012,55
1800013,95
1800016,35
1800017,690
1800019,220
1800021,37
1800024,18
1800029,137
1800030,51
1800032,10
1800035,16
1800037,14
1800038,25
1800071,1
1800080,1
1800081,1
1800109,40
1800111,1
1800133,28
1800170,26
1800172,1
1800192,14
1800263,1
1800275,15
1800276,4
1800278,11
1800287,47
1800293,4
1800296,10
1800300,13
1800302,42
1800304,25
1800305,3
1800313,7
1800316,1
1800318,3
1800320,25
1800326,17
1800327,13
1800328,116
1800341,65
1800342,54
1800343,152
1800347,14
1800348,9
1800372,10
1800391,7
1800401,8
1800404,9
1800410,36
1800417,140
1800464,2
1800481,2
1800487,2
1800497,11
1800517,13
1800525,2
1800529,2
1800534,1
1800549,23
1800564,2
1800566,3
1800567,3
1800569,10
1800572,30
1800573,4
1800574,22
1800581,21
1800582,16
1800588,7
1800611,8
1800621,1237
1800625,36
1800630,1
1800632,3
1800635,4
1800640,1
1800651,1
1800652,20
1800655,36
1800657,156
1800661,1
1800667,10
1800668,2
1800671,263
1800676,15
1800678,9
1800679,7
1800680,1
1800681,20
1800684,9
1800686,9
1800691,2
1800692,1
1800693,6
1800695,1
1800697,1
1800703,2
1800705,18
1800709,1
1800710,27
1800711,1
1800712,2
1800713,32
1800715,1
1800718,3
1800719,19
1800721,11
1800723,1
1800724,61
1800728,32
1800729,22
1800730,1
1800731,1
1800732,2
1800733,1
1800735,9
1800736,1
1800737,4
1800738,20
1800744,3
1800745,25
1800748,44
1800749,12
1800750,2
1800754,1
1800756,1
1800757,2
1800761,63
1800762,1
1800765,5
1800767,7
1800768,42
1800769,10
1800770,1
1800772,1
1800773,1
1800776,1
1800780,110
1800786,7
1800787,5
1800790,1
1800794,1
1800804,1
1800812,6
1800813,2
1800814,1
1800823,1
1900001,20
1900004,17
1900006,7
1900007,20
1900008,127
1900012,9
1900013,12
1900014,107
1900015,5
1900016,5
1900017,6
1900018,85
1900019,42
1900020,77
1900033,1
1900035,293
1900039,7
1900040,30
1900042,17
1900045,25
1900046,57
1900075,25
1900076,59
1900097,50
1900098,1
1900254,4
1900275,7
1900277,1
1900281,1
1900283,1
1900286,4
1900287,4
1900288,3
1900289,4
1900290,6
1900298,2
1900299,8
1900304,8
1900308,1
1900311,1
1900318,1
1900321,2
1900322,6
1900328,17
1900330,2
1900333,1
1900335,1
1900339,1
1900347,9
1900348,17
1900350,1
1900358,1
1900359,54
1900365,1
1900368,7
1900369,3
1900371,33
1900372,2
1900373,2
1900378,7
1900399,4
1900461,2
1900469,9
1900470,2
1900472,23
1900503,17
1900504,5
1900506,4
1900512,3
1900553,70
1900554,1
1900557,8
1900558,11
1900577,2
1900582,10
1900588,17
1900597,1
1900598,1
1900650,6
1900661,5
1900663,4
1900681,1
1900689,1
1900724,2
1900767,2
1900952,20
1900956,7
1900957,4
1900967,6
1900969,14
1900970,1
1900992,2
1901004,3
1901007,6
1901011,3
1901016,3
1901030,1
1901031,7
1901036,2
1901039,6
1901043,11
1901047,1
1901051,2
1901054,2
1901058,7
1901059,1
1901061,4
1901072,3
1901074,1
1901080,1
1901092,1
1901113,2
1901117,1
1901119,3
1901120,1
1901128,3
1901133,2
1901136,4
1901147,1
1901155,4
1901166,1
1901167,2
1901170,1
1901172,14
1901186,1
1901202,1
1901207,1
1901227,1
1901241,3
1901284,3
1901288,1
1901302,2
1901315,1
200001,469
2000016,17
2000022,487
2000024,36
2000038,449
2000040,9
2000041,48
2000042,22
2000044,613
2000051,302
200006,29
2000061,201
2000062,459
2000065,119
200022,84
200023,1
2000234,7
2000237,10
200024,4489
2000362,157
2000365,97
2000371,1203
2000372,70
2000375,37
2000378,17
2000379,25
2000418,258
2000420,48
2000422,2264
2000552,41
2000608,59
2000651,2
2000652,13
2000654,1
2000657,9
2000662,21
2000665,17
2000668,53
2000670,2
2000676,18
2000678,1
2000682,21
2000683,3
2000692,2
2000695,2
2000696,3
2000698,4
2000705,1
2000710,2
2000727,2
2000729,8
2000731,1
2000733,1
2000738,7
2000741,44
2000756,1
2000764,2
2000767,8
2000768,38
2000773,58
2000776,7
2000780,20
2000783,3
2000784,14
2000788,5
2000793,21
2000794,30
2000798,1
2000801,91
2000802,6
2000806,1
2000808,1
2000811,3
2000815,1
2000831,6
2000846,10
2000847,9
2000878,1
2000880,32
2000985,195
2000990,8
2001008,96
2001012,1662
2001019,35
200103,12
2001037,3
2001041,1
2001046,1
2001047,4
2001051,23
2001053,1
2001055,1
200106,3
2001063,4
200112,483
2001166,2
2001171,2
2001174,4
2001189,24
2001191,4
2001192,2
2001230,3
2001231,3
2001232,17
2001254,31
2001295,1
2001297,7
2001298,34
2001315,30
2001333,2
2001337,3
200134,221
2001341,9
200135,907
200136,18
200137,869
200139,76
2001435,27
200144,1420
200150,1731
200151,1894
200152,299
2001532,1
200156,21
200157,43
2001575,8
2001584,11
200163,1
200164,11
200165,5
2001694,4
2001751,5
2001763,13
2001765,32
2001768,32
2001800,1
2001803,1
200181,14
2001821,8
2001830,2
2001887,2
2001900,6
2001919,18
2001951,2
2001972,16
2001999,1
2002030,3
2002241,39
2002253,14
2002331,1
2002340,7
2002344,13
2002355,1
2002356,1
2002357,1
2002371,20
2002383,27
2002394,2
2002397,6
2002402,1
2002403,1
2002404,4
2002413,19
2002421,11
2002434,244
2002436,53
2002439,1
2002449,6
2002453,2
2002461,141
2002464,1
2002472,8
2002477,2
2002484,1
2002499,4
2002509,1
2002523,37
2002524,11
2002526,1
2002529,26
2002538,1
2002551,1
2002574,133
2002578,9
2002581,1
2002595,8
2002601,5
2002615,10
2002619,5
2002623,18
2002658,7
2002662,1
2002663,6
2002664,4
2002666,44
2002675,5
2002679,1
2002684,2
2002685,35
2002688,72
2002699,14
2002704,7
2002709,3
2002716,1
2002717,1
2002718,13
2002723,2
2002725,1
2002726,20
2002727,5
2002733,1
2002742,2
2002744,6
2002745,1
2002746,1
2002749,1
2002750,1
2002755,1
2002757,8
2002758,2
2002761,5
2002768,1
2002769,1
2002776,2
2002777,1
2002780,18
2002781,6
2002783,1
2002787,1
2002797,2
2002798,1
2002803,2
2002805,1
2002807,3
2002809,5
2002810,4
2002811,1
2002812,2
2002815,2
2002817,4
2002820,7
2002823,9
2002827,1
2002834,3
2002835,29
2002836,2
2002837,20
2002838,3
2002840,8
2002852,2
2002860,16
2002862,2
2002863,1
2002867,13
2002868,1
2002869,7
2002870,3
2002873,4
2002875,1
2002878,1
2002879,1
2002886,6
2002887,12
2002894,9
2002901,18
2002902,9
2002908,4
2002915,1
2002924,1
2002925,3
2002927,1
2002928,4
2002932,6
2002934,15
2002935,3
2002937,1
2002939,2
2002940,1
2002941,10
2002942,25
2002948,2
2002949,7
2002952,1
2002954,4
2002959,1
2002963,3
2002964,35
2002965,28
2002966,8
2002967,5
2002968,1
2002976,1
2002978,1
2002980,1
2002981,3
2002982,1
2002985,1
2002986,22
200299,2
2002995,6
2003000,3
2003001,8
2003003,3
2003004,1
2003005,5
2003007,6
2003008,2
2003009,1
2003012,4
2003013,19
2003016,1
2003017,2
2003025,2
2003029,1
2003035,2
2003046,1
2003047,2
2003049,3
200305,46
2003051,3
2003053,10
2003054,1
2003057,1
2003060,1
2003062,2
2003069,1
2003077,2
2003079,2
2003081,4
2003085,2
2003090,12
2003093,1
2003095,1
2003096,4
2003100,1
2003106,2
2003115,3
2003118,2
2003121,4
2003122,1
2003131,1
2003147,9
2003150,1
2003158,2
2003160,2
2003162,2
2003177,4
2003190,1
2003194,3
2003199,9
2003205,1
2003212,1
2003213,1
2003215,5
2003253,1
2003256,2
2003257,1
2003265,5
2003266,1
200327,7
2003270,1
2003275,1
200328,1
2003285,1
2003288,1
2003292,1
2003293,1
2003294,3
2003307,1
2003310,5
2003312,2
2003314,1
2003316,1
2003323,1
2003356,15
2003358,1
2003366,1
2003377,1
2003406,1
2003407,1
2003427,2
2003429,1
2003447,2
2003448,1
2003449,1
2003450,1
2003454,94
2003468,1
2003469,2
2003479,1
2003484,1
2003496,3
200350,18
2003504,1
2003512,1
2003516,1
2003518,1
2003535,1
2003552,1
2003621,1
2003623,1
2003628,1
2003630,1
2003634,1
2003666,1
2003679,1
2003682,1
200411,55
200444,2
200484,8
200498,100
200533,174
200577,2
200620,7
200626,3
200627,4
200628,2
200630,14
200631,48
200632,41
200633,16
200639,11
200649,8
200653,1
200664,25
200678,2
200686,1
200689,2
200693,9
200699,5
200704,17
200708,3
200716,2
200717,12
200718,2
200719,1
200720,11
200722,15
200728,6
200732,2
200736,9
200740,5
200758,5
200791,27
200825,2
200826,303
200840,36
200842,236
200843,180
200845,29
200850,4
200851,20
200854,65
200855,317
200988,40
200989,3
200992,4
201008,6
201035,4
201037,9
201041,26
201047,43
201049,736
201054,6
201062,12
201064,4
201070,23
201072,1
201092,3
201135,2
201136,26
201138,356
201154,1
201195,429
201198,4
201200,7
201201,16
201203,36
201217,1
201221,5
201222,7
201239,1
201249,3
201261,10
201268,2
201315,3
201317,12
201334,1
201381,1
201391,3
201398,3
201405,7
201433,4
201457,158
201476,13
201483,20
201488,1
201502,4
201503,13
201510,8
201521,52
201565,2
201575,1
201585,9
201592,17
201608,1
201653,5
201656,61
201691,16
201719,6
201730,3
201738,144
201746,2
201763,1
201783,1
201804,6
201823,6
201845,6
201848,1
201870,32
201886,1
201892,40
201894,1
201900,2
201908,2
201913,2
201919,1
201921,1
201927,1
201936,3
201939,4
201941,38
201964,1
201971,4
201973,20
201982,3
201988,1
201992,2
202003,7
202013,6
202025,11
202033,5
202034,78
202043,2
202045,1
202049,7
202058,2
202062,6
202063,133
202066,16
202084,15
202086,11
202101,16
202108,2
202115,1
202116,17
202125,3
202126,10
202130,3
202132,32
202135,44
202145,13
202146,9
202154,13
202157,29
202160,3
202162,6
202163,1
202165,1
202166,44
202172,1
202177,1
202181,6
202185,3
202187,10
202189,1
202191,3
202194,2
202195,1
202196,1
202207,40
202210,1
202222,1
202224,1
202226,2
202227,32
202228,2
202232,6
202233,4
202235,2
202238,11
202240,1
202243,1
202244,2
202246,1
202251,77
202253,1
202255,2
202256,2
202259,15
202261,33
202264,10
202266,1
202268,2
202272,1
202283,9
202285,6
202286,21
202292,20
202300,4
202302,6
202316,8
202318,8
202320,13
202322,1
202324,5
202327,1
202329,3
202332,11
202335,1
202336,24
202337,17
202338,1
202340,36
202342,3
202346,2
202351,5
202353,16
202354,3
202355,4
202357,2
202361,2
202364,39
202365,1
202367,22
202368,28
202372,2
202377,9
202378,1
202379,1
202380,8
202384,7
202387,4
202388,24
202389,1
202394,2
202399,2
202402,1
202403,1
202404,10
202406,9
202407,2
202408,2
202412,12
202415,2
202416,19
202422,4
202424,1
202429,4
202436,2
202440,1
202441,1
202443,13
202445,22
202447,2
202450,5
202451,4
202454,1
202455,8
202457,1
202458,5
202459,1
202462,6
202466,4
202469,7
202470,25
202472,2
202473,1
202477,3
202479,20
202482,27
202485,1
202487,11
202493,2
202500,17
202502,2
202503,2
202507,12
202508,2
202509,16
202518,1
202520,2
202524,7
202528,3
202529,4
202533,9
202535,1
202536,12
202540,4
202545,5
202546,9
202550,1
202551,4
202555,6
202557,5
202564,1
202565,1
202566,5
202571,1
202573,1
202577,3
202579,44
202582,1
202584,1
202585,8
202586,1
202589,7
202593,1
202601,2
202602,1
202603,6
202606,6
202611,30
202612,4
202613,169
202614,30
202620,131
202622,1
202623,44
202624,2
202626,55
202629,4
202631,4
202633,5
202634,3
202640,1
202643,3
202646,28
202647,25
202653,53
202660,17
202663,4
202669,1
202670,4
202676,4
202677,4
202679,2
202680,2
202681,10
202682,2
202689,1
202693,8
202694,1
202696,3
202698,7
202701,1
202703,1
202708,33
202709,6
202710,13
202713,1
202716,1
202717,39
202721,12
202724,15
202726,5
202728,1
202729,1
202730,2
202732,1
202733,7
202738,6
202739,1
202742,20
202743,8
202746,164
202748,1
202749,1
202750,2
202753,11
202759,1
202761,4
202762,6
202763,1
202767,17
202774,8
202778,1
202783,7
202786,1
202795,1
202796,1
202797,9
202799,6
202803,6
202804,4
202807,3
202811,1
202813,2
202814,8
202821,20
202824,23
202825,1
202826,8
202827,8
202833,2
202835,3
202842,4
202843,27
202846,1
202848,1
202851,6
202852,1
202855,1
202861,1
202864,3
202865,1
202867,7
202873,10
202875,2
202877,2
202878,2
202880,1
202883,2
202884,7
202887,7
202888,2
202891,12
202894,1
202896,5
202897,2
202899,2
202912,2
202913,5
202917,2
202919,7
202921,5
202933,8
202934,7
202936,5
202939,13
202940,2
202944,2
202948,1
202949,1
202954,2
202957,1
202961,3
202962,8
202966,2
202969,1
202970,1
202993,1
202998,2
203000,25
203002,7
203007,1
203012,1
203016,15
203017,2
203020,1
203021,1
203022,2
203023,1
203025,1
203035,11
203036,3
203042,1
203044,1
203046,1
203047,1
203050,1
203060,7
203069,1
203071,1
203075,3
203079,2
203082,1
203084,2
203088,1
203091,2
203092,1
203095,2
203097,1
203103,4
203107,2
203109,2
203111,1
203113,4
203116,2
203118,6
203121,1
203122,1
203125,1
203131,485
203143,1
203145,1
203146,4
203147,1
203149,1
203156,2
203162,1
203166,6
203169,1
203170,1
203171,1
203172,1
203173,1
203183,2
203184,4
203185,5
203187,6
203189,2
203191,1
203192,6
203194,1
203199,22
203213,1
203215,1
203217,1
203219,1
203222,1
203243,79
203254,1
203256,10
203257,2
203262,4
203263,1
203270,51
203271,1
203280,2
203282,2
203289,1
203296,5
203305,12
203312,1
203313,1
203316,1
203318,7
203319,1
203323,7
203328,1
203329,1
203331,11
203333,2
203338,10
203342,5
203344,2
203350,3
203359,13
203360,1
203363,1
203367,2
203369,3
203384,1
203385,7
203387,1
203390,1
203398,45
203402,4
203405,1
203406,1
203407,5
203411,2
203413,5
203419,1
203428,1
203431,1
203434,1
203441,1
203453,1
203463,1
203493,4
203512,1
203519,1
2100004,2
2100005,5
2100009,11
2100010,8
2100013,7
2100018,29
2100020,8
2100022,36
2100023,34
2100028,1
2100029,55
2100033,19
2100037,1
2100050,5
2100054,59
2100056,6
2100057,14
2100071,5
2100079,8
2100080,35
2100081,54
2100083,9
2100086,46
2100088,1
2100091,1
2100096,6
2100098,35
2100102,1
2100136,1
2100154,1
2100178,9
2100200,494
2100209,215
2100249,536
2100256,1460
2100282,743
2100283,2
2100286,30
2100446,2
2100453,1
2100454,6
2100458,1
2100459,8
2100462,8
2100482,2
2100486,6
2100492,18
2100496,3
2100503,3
2100505,2
2100514,8
2100517,3
2100521,1
2100529,2
2100535,55
2100548,2
2100553,1
2100566,3
2100576,7
2100579,6
2100580,3
2100583,1
2100584,8
2100587,1
2100605,2
2100623,7
2100633,1
2100642,2
2100644,7
2100645,1
2100651,2
2100652,1
2100657,14
2100678,6
2100693,2
2100722,14
2100752,19
2100755,27
2100768,3
2100772,8
2100777,40
2100788,37
2100789,22
2100790,166
2100796,101
2100797,1
2100798,3
2100800,1
2100807,3
2100814,7
2100819,336
2100820,1124
2100828,803
2100831,401
2100845,3
2100856,8
2100875,3
2100876,1
2100880,6
2100905,5
2101035,1
2101110,4
2101112,13
2101117,3
2101118,9
2101123,2
2101152,2
2101218,12
2101228,2
2101257,9
2101274,2
2101277,40
2101287,2
2101320,9
2101324,3
2101326,1
2101389,2
2101392,1
2101406,12
2101419,1
2101448,27
2101493,3
2101515,9
2101516,2
2101572,13
2101578,1
2101593,6
2101600,1640
2101619,2
2101638,6
2101642,2
2101679,1
2101697,1
2101702,14
2101749,46
2101827,1
2101837,1
2101843,11
2102374,10
2102404,3
2102413,2
2102427,2
2102436,3
2102440,1
2102449,533
2102492,1
2102499,10
2102525,3
2102533,1
2102543,11
2102607,1
2102614,13
2102634,2
2102641,4
2102668,4
2102669,5
2102674,1
2102695,4
2102704,3
2102715,4
2102718,3
2102722,2
2102725,2
2102732,13
2102752,1
2102755,10
2102760,3
2102761,1
2102765,2
2102773,1
2102782,1
2102805,2
2102820,1
2102824,7
2102829,4
2102836,106
2102838,2
2102843,8
2102845,2
2102847,2
2102849,3
2102850,1
2102870,2
2102879,16
2102882,1
2102904,1
2102908,3
2102909,2
2102916,3
2102917,10
2102924,1
2102936,1
2102942,1
2102945,1
2102953,5
2102954,2
2102956,1
2102959,3
2102961,14
2102966,1
2102967,4
2102969,2
2102972,1
2102973,3
2102974,16
2102975,1
2102979,1
2102981,1
2102985,3
2102986,2
2102987,1
2102995,3
2102996,1
2102999,4
2103001,1
2103005,3
2103006,4
2103010,4
2103012,1
2103017,2
2103019,1
2103020,7
2103021,2
2103022,1
2103026,2
2103030,1
2103035,1
2103049,2
2103052,4
2103053,2
2103055,1
2103057,7
2103059,5
2103060,1
2103065,1
2103066,2
2103070,4
2103073,10
2103075,2
2103085,18
2103086,2
2103087,8
2103088,4
2103089,1
2103092,2
2103093,1
2103097,110
2103098,10
2103100,1
2103102,1
2103103,2
2103105,1
2103106,6
2103107,20
2103112,3
2103120,5
2103122,2
2103124,6
2103127,2
2103129,4
2103130,6
2103133,1
2103134,1
2103138,1
2103140,3
2103142,4
2103143,6
2103145,2
2103147,5
2103152,7
2103153,1
2103168,1
2103172,1
2103173,4
2103174,1
2103183,1
2103185,1
2103191,1
2103199,6
2103205,1
2103212,1
2103215,2
2103216,3
2103218,5
2103219,7
2103224,1
2103231,7
2103241,2
2103242,7
2103251,1
2103253,3
2103255,1
2103256,10
2103257,1
2103260,1
2103263,1
2103264,9
2103267,8
2103280,4
2103282,1
2103287,3
2103288,6
2103291,2
2103302,1
2103303,2
2103307,1
2103308,2
2103309,4
2103312,4
2103314,1
2103322,1
2103326,1
2103339,1
2103348,4
2103352,179
2103355,5
2103356,2
2103358,1
2103359,1
2103365,1
2103369,3
2103371,1
2103372,1
2103373,1
2103374,1
2103377,1
2103384,1
2103385,3
2103388,1
2103390,4
2103403,137
2103404,269
2103405,2
2103406,1
2103407,1
2103415,2
2103418,2
2103420,2
2103446,1
2103454,1
2103470,3
2103479,1
2103501,4
2103503,1
2103504,1
2103513,1
2103522,3
2103540,2
2103557,5
2103558,1
2103560,3
2103569,5
2103579,1
2103580,1
2103602,2
2103609,5
2103610,2
2103626,2
2103630,1
2103631,1
2103641,1
2103643,1
2103647,1
2103655,21
2103658,8
2103663,2
2103670,1
2103689,72
2103690,1
2103694,2
2103708,1
2103710,7
2103717,7
2103725,2
2103732,1
2103739,1
2103741,1
2103743,1
2103749,3
2103751,50
2103765,1
2103767,32
2103769,1
2103775,10
2103790,1
2103793,3
2103809,1
2103810,2
2103812,3
2103817,11
2103834,9
2103835,4
2103847,5
2103872,3
2103880,1
2103882,4
2103885,1
2103893,1
2103940,1
2103945,1
2103986,1
2103999,3
2104068,1
2200013,2
2200031,30
2200032,38
2200035,221
2200044,43
2200051,17
2200101,68
2200103,1
2200106,28
2200107,9
2200111,3
2200114,1
2200115,19
2200116,7
2200117,28
2200119,31
2200120,1
2200122,3
2200123,1
2200133,34
2200148,2
2200176,7
2200182,3
2200189,14
2200192,18
2200211,3
2200218,1
2200219,9
2200227,2
2200313,74
2200336,18
2200348,1
2200371,2
2200380,19
2200381,5
2200389,16
2200415,66
2200435,2
2200447,15
2200460,16
2200467,12
2200478,2
2200492,3
2200493,2
2200494,2
2200519,20
2200523,1
2200540,10
2200544,8
2200546,16
2200547,12
2200548,13
2200559,4
2200579,8
2200581,1
2200582,113
2200585,7
2200586,2
2200592,1
2200593,1
2200596,4
2200611,5
2200619,8
2200622,1
2200625,1
2200626,4
2200630,15
2200633,1
2200634,1
2200639,11
2200643,2
2200645,2
2200648,5
2200649,1
2200650,23
2200655,6
2200658,6
2200660,1
2200665,1
2200668,22
2200671,9
2200672,4
2200673,5
2200674,3
2200675,4
2200677,1
2200679,1
2200682,16
2200686,4
2200688,12
2200689,9
2200690,67
2200692,6
2200693,5
2200696,2
2200697,2
2200699,1
2200703,1
2200706,14
2200709,1
2200710,2
2200712,2
2200717,7
2200721,4
2200723,1
2200724,4
2200726,5
2200733,1
2200740,13
2200745,1
2200751,1
2200752,1
2200753,11
2200756,6
2200759,4
2200762,2
2200763,11
2200767,2
2200771,1
2200777,11
2200784,5
2200786,29
2200787,1
2200790,1
2200803,6
2200805,5
2200809,1
2200810,1
2200811,2
2200812,5
2200814,2
2200816,3
2200823,1
2200826,3
2200829,2
2200830,1
2200831,2
2200832,1
2200841,3
2200848,1
2300007,18
2300008,230
2300009,42
2300022,70
2300026,108
2300027,148
2300028,98
2300030,34
2300035,59
2300036,43
2300038,1
2300043,15
2300046,2
2300051,22
2300053,655
2300070,18
2300072,1
2300076,7
2300077,13
2300078,24
2300079,70
2300083,3
2300084,6
2300088,3
2300091,8
2300094,38
2300097,17
2300099,33
2300104,3
2300105,72
2300106,4
2300108,61
2300109,12
2300110,10
2300112,4
2300113,23
2300122,1
2300125,11
2300129,24
2300130,1
2300134,621
2300140,4
2300141,26
2300153,12
2300154,40
2300157,2
2300158,355
2300160,36
2300168,4
2300174,6
2300181,23
2300185,6
2300186,3
2300188,821
2300190,4
2300191,54
2300192,35
2300196,26
2300201,11
2300202,16
2300203,5
2300208,5
2300210,44
2300217,441
2300218,23
2300219,54
2300220,142
2300221,127
2300223,29
2300226,51
2300228,1
2300240,2
2300241,3
2300243,4
2300248,13
2300252,16
2300254,8
2300284,208
2300285,4
2300288,202
2300292,21
2300319,155
2300365,1
2300402,27
2300403,3
2300409,422
2300454,289
2300456,128
2300457,342
2300458,323
2300462,23
2300465,305
2300494,114
2300495,110
2300499,355
2300504,6
2300533,1
2300538,1
2300539,17
2300542,1826
2300543,1
2300544,108
2300550,1
2300559,1
2300562,19
2300563,7
2300587,1
2300615,2
2300654,1
2300658,2
2300662,10
2300679,23
2300681,4
2300683,4
2300684,2
2300687,6
2300690,3
2300695,108
2300696,29
2300697,1
2300698,30
2300701,4
2300704,6
2300706,26
2300708,6
2300712,11
2300720,2
2300727,2
2300728,4
2300731,2
2300734,2
2300735,75
2300741,2
2300745,116
2300746,9
2300747,19
2300748,16
2300749,7
2300752,1
2300758,46
2300759,1
2300762,46
2300765,16
2300768,4
2300774,3
2300781,371
2300788,15
2300789,1
2300863,5
2300865,1
2300875,18
2300881,75
2300889,1
2300916,11
2300925,28
2300926,97
2300928,4
2300947,4
2300951,3
2300954,30
2300977,1
2300978,5
2300993,3
2301005,11
2301007,17
2301038,6
2301059,11
2301065,42
2301066,3
2301094,10
2301095,2
2301102,25
2301103,5
2301119,1
2301124,10
2301148,30
2301163,23
2301169,1
2301170,3
2301176,5
2301184,2
2301194,11
2301253,32
2301266,1
2301276,7
2301277,20
2301278,21
2301280,1
2301301,2
2301321,2
2301325,1
2301326,2
2301348,5
2301352,2
2301361,4
2301363,4
2301364,2
2301372,77
2301385,2
2301390,8
2301413,43
2301420,5
2301422,17
2301423,11
2301432,6
2301447,13
2301448,1
2301452,1
2301461,10
2301484,3
2301530,1
2301545,107
2301546,2
2301565,3
2301566,22
2301586,4
2301589,5
2301596,35
2301597,69
2301601,4
2301602,254
2301628,33
2301642,5
2301647,4
2301670,7
2301675,1
2301687,10
2301689,43
2301694,3
2301695,13
2301700,8
2301701,53
2301706,6
2301709,8
2301710,6
2301717,3
2301719,5
2301727,5
2301743,3
2301765,6
2301769,1
2301770,2
2301771,19
2301778,10
2301779,20
2301785,13
2301787,151
2301793,2
2301800,229
2301801,1
2301802,3
2301807,1
2301836,34
2301840,1
2301848,1
2301861,2
2301863,11
2301871,11
2301876,1
2301880,5
2301883,27
2301889,58
2301892,24
2301894,4
2301896,5
2301898,2
2301903,2
2301906,1
2301908,2
2301910,7
2301911,8
2301913,10
2301915,3
2301916,3
2301917,4
2301918,47
2301920,2
2301921,25
2301922,28
2301923,5
2301924,15
2301926,22
2301927,1
2301928,33
2301929,29
2301930,29
2301932,5
2301933,5
2301935,11
2301938,1
2301939,13
2301941,9
2301942,7
2301943,2
2301944,7
2301948,2
2301952,1
2301957,20
2301958,1
2301959,1
2301961,10
2301967,13
2301974,1
2301975,1
2301978,3
2301979,1
2301981,1
2301982,14
2301983,2
2301985,9
2301988,1
2301989,1
2301990,7
2302000,1
2302001,2
2302002,21
2302003,13
2302004,40
2302008,1
2302009,48
2302010,23
2302011,5
2302014,1
2302015,1
2302016,3
2302017,43
2302018,4
2302019,1
2302023,8
2302030,9
2302031,1
2302035,115
2302038,1
2302043,39
2302046,1
2302048,2
2302049,2
2302059,25
2302063,9
2302064,3
2302067,1
2302068,20
2302069,12
2302071,6
2302072,4
2302076,1
2302077,9
2302078,7
2302079,7
2302080,1
2302086,5
2302087,1
2302090,17
2302092,1
2302094,1
2302096,6
2302099,15
2302100,1
2302103,2
2302105,3
2302107,1
2302109,13
2302110,2
2302111,5
2302113,6
2302114,11
2302115,5
2302117,7
2302118,2
2302119,8
2302120,109
2302124,12
2302127,28
2302128,24
2302131,12
2302136,5
2302138,10
2302141,6
2302142,4
2302143,13
2302148,2
2302153,9
2302156,2
2302157,51
2302159,2
2302163,26
2302165,2
2302168,2
2302169,4
2302171,154
2302173,1
2302175,3
2302176,79
2302178,2
2302182,12
2302183,3
2302185,5
2302186,1
2302187,6
2302188,1
2302190,3
2302194,5
2302196,1
2302197,2
2302200,2
2302201,2
2302205,1
2302206,2
2302207,1
2302209,1
2302211,9
2302213,8
2302220,1
2302221,1
2302228,1
2302231,9
2302232,23
2302233,1
2302237,1
2302239,13
2302241,3
2302244,8
2302250,5
2302251,8
2302259,1
2302260,2
2302262,5
2302271,2
2302273,106
2302274,4
2302276,1
2302277,1
2302278,3
2302280,5
2302286,6
2302289,20
2302295,7
2302296,5
2302303,5
2302307,4
2302308,34
2302312,1
2302317,1
2302318,3
2302319,2
2302324,1
2302325,2
2302327,11
2302328,1
2302330,4
2302336,5
2302338,7
2302340,2
2302349,1
2302352,4
2302354,6
2302356,8
2302361,1
2302364,22
2302365,1
2302369,1
2302371,40
2302374,1
2302376,1
2302377,15
2302378,3
2302379,1
2302381,1
2302386,2
2302387,4
2302399,1
2302401,1
2302403,5
2302405,9
2302407,2
2302408,5
2302410,8
2302419,8
2302423,1
2302425,7
2302430,2
2302431,8
2302434,98
2302435,4
2302440,7
2302446,2
2302447,3
2302459,3
2302468,2
2302469,9
2302471,19
2302475,10
2302477,19
2302479,1
2302480,9
2302487,2
2302489,1
2302494,2
2302495,3
2302496,1
2302499,1
2302504,1
2302508,4
2302509,3
2302513,2
2302517,11
2302523,5
2302533,1
2302542,2
2302551,1
2302558,1
2302562,1
2302563,1
2302576,1
2302578,2
2302583,2
2400006,31
2400014,272
2400015,283
2400016,5
2400077,3
2400106,27
2400107,30
2400108,59
2400145,5
2400146,169
2400157,168
2400160,22
2400161,2
2400162,117
2400163,83
2400164,1
2400165,47
2400242,4
2400338,553
2400420,2
2400448,2
2400453,1
2400459,6
2400462,7
2400470,2
2400474,3
2400477,2
2400478,12
2400482,3
2400483,3
2400485,1
2400487,4
2400489,1
2400492,1
2400497,4
2400499,19
2400512,63
2400660,9
2400667,1
2400701,1
2400775,3
2400785,3
2400793,2
2400839,298
2400867,2
2400910,177
2400936,15
2400943,1
2400959,1
2401007,2
2401015,2
2401030,4
2401079,36
2401145,224
2401147,22
2401150,31
2401220,1
2401227,5
2401229,5
2401302,3
2401306,1
2401355,1
2401360,27
2401384,19
2401385,17
2401400,1
2401401,2
2401410,1
2401412,6
2401416,3
2401417,154
2401422,1
2401424,1
2401425,10
2401427,1
2401437,1
2401450,71
2401457,154
2401458,14
2401460,2
2401462,6
2401467,378
2401490,2316
2401499,3
2401501,3
2401533,2
2401543,8
2401588,1
2401603,23
2401604,8
2401607,1
2401609,2
2401628,35
2401642,54
2401648,4
2401650,1
2401652,115
2401655,1
2401665,13
2401685,13
2401689,2
2401692,1
2401693,1
2401700,2
2401710,2
2401713,12
2401726,1
2401736,4
2401747,632
2401753,14
2401754,1
2401763,1
2401765,5
2401766,2
2401769,245
2401784,1
2401809,72
2401813,11
2401817,1
2401819,1
2401820,4
2401821,34
2401822,21
2401829,57
2401835,1
2401841,83
2401844,1
2401849,1
2401850,41
2401855,3
2401857,1
2401860,7
2401874,12
2401877,8
2401878,1
2401879,554
2401882,2
2401884,1
2401888,1
2401893,1
2401895,48
2401901,4
2401907,3
2401908,1
2401910,2
2401911,1
2401913,1
2401914,1
2401915,2
2401923,1
2401932,6
2401934,1
2401935,10
2401939,1
2401947,2
2401950,200
2401951,2
2401955,1
2401960,25
2401963,13
2401964,3
2401966,1
2401992,14
2401993,11
2401994,9
2401999,1
2402005,1
2402008,1
2402009,5
2402019,2
2402021,8
2402022,6
2402023,1
2402029,2
2402043,2
2402045,1
2402047,1
2402048,1
2402050,49
2402051,1
2402053,1
2402054,5
2402064,1
2402065,1
2402072,65
2402073,1
2402081,1
2402085,8
2402095,1
2402098,1
2402100,4
2402102,2
2402103,3
2402107,2
2402110,2
2402112,4
2402123,1
2402127,1
2402128,1
2402133,3
2402135,4
2402173,2
2402177,1
2402179,1
2402189,8
2402201,1
2402207,1
2402209,5
2402211,5
2402222,3
2402226,20
2402227,2
2402229,6
2402232,6
2402239,4
2402247,1
2402253,3
2402264,2
2402265,3
2402267,1
2402269,1
2402272,1
2402283,1
2402284,3
2402286,13
2402295,1
2402297,2
2402303,2
2402306,23
2402331,4
2402345,3
2402349,2
2402350,2
2402353,1
2402356,9
2402360,1
2402364,26
2402381,1
2402382,4
2402385,14
2402386,11
2402392,1
2402395,1
2402396,1
2402406,2
2402408,3
2402414,1
2402425,3
2402427,1
2402432,3
2402433,5
2402450,5
2402452,1
2402457,1
2402466,3
2402467,3
2402476,22
2402494,9
2402533,2
2402535,4
2402536,1
2402546,2
2402551,2
2402556,6
2402563,1
2402573,1
2402605,1
2402649,1
2402651,2
2402656,2
2402660,1
2402722,1
2402733,2
2402742,3
2402749,1
2402783,3
2402794,1
2500002,488
2500006,23
2500008,25
2500011,1
2500017,94
2500020,2
2500021,6
2500050,1
2500056,2
2500065,8
2500076,33
2500099,2
2500149,16
2500152,7
2500169,2
2500181,15
2500187,3
2500197,1
2500200,1
2500202,2
2500216,2
2500225,10
2500241,1
2500245,41
2500247,1
2500249,2
2500250,13
2500263,2
2500274,1
2500279,5
2500280,8
2500282,16
2500283,1
2500308,4
2500314,1
2500317,1
2500319,2
2500321,8
2500333,1
2500338,2
2500347,1
2500383,3
2500400,1
2500403,18
2500413,1
2500419,1
2500443,1
2500491,3
2500492,1
2500497,2
2500500,3
2500506,15
2500507,2
2500508,7
2500510,10
2500511,4
2500526,7
2500529,1
2500534,8
2500540,2
2500554,62
2500572,10
2500573,3
2500621,1
2500686,15
2500694,1
2500695,1
2500696,1
2500735,14
2500738,2
2500747,1
2500759,20
2500760,1
2500772,17
2500773,1
2500775,1
2500776,1
2500777,1
2500790,1
2500834,8
2500836,1
2500876,1
2500888,2
2500896,1
2500924,6
2500928,1
2500930,1
2500933,2
2500947,1
2500966,1
2500969,1
2500976,5
2500979,5
2500983,18
2500984,39
2500998,138
2501000,1
2501014,6
2501018,1
2501019,1
2501021,1
2501026,5
2501031,2
2501033,4
2501034,35
2501039,1
2501040,1
2501046,11
2501047,7
2501049,1
2501050,7
2501052,1
2501057,6
2501063,2
2501066,1
2501071,1
2501072,1
2501075,1
2501083,2
2501087,1
2501089,6
2501092,2
2501096,12
2501097,12
2501102,1
2501103,13
2501106,1
2501109,13
2501110,3
2501111,2
2501112,9
2501113,3
2501114,8
2501115,1
2501118,1
2501123,2
2501125,11
2501126,86
2501130,1
2501132,3
2501133,9
2501135,5
2501137,1
2501141,7
2501145,3
2501146,16
2501148,6
2501167,1
2501185,2
2501186,4
2501203,1
2501224,1
2501226,1
2501228,3
2501230,1
2501231,5
2501232,1
2501233,2
2501236,6
2501237,2
2501238,7
2501239,1
2501243,59
2501252,2
2501254,7
2501259,2
2501265,1
2501268,1
2501271,1
2501285,1
2501287,2
2501291,7
2501295,1
2501299,3
2501300,15
2501301,1
2501303,4
2501311,1
2600002,284
2600015,222
2600052,4
2600062,961
2600078,2
2600081,197
2600082,77
2600084,4
2600093,20
2600095,6
2600097,21
2600101,8
2600125,36
2600249,105
2600340,1
2600390,83
2600397,10
2600411,87
2600412,20
2600420,5
2600429,8
2600430,2
2600432,3
2600434,28
2600438,30
2600443,15
2600449,3
2600455,5
2600457,1
2600458,36
2600460,10
2600492,11
2600500,1499
2600501,59
2600524,1
2600550,260
2600576,15
2600578,28
2600594,695
2600615,12
2600639,52
2600646,16
2600668,32
2600672,56
2600677,195
2600679,2
2600680,307
2600682,3
2600734,2
2600785,39
2600789,15
2600803,28
2600804,11
2600815,65
2600816,31
2600826,6
2600827,635
2600828,76
2600864,6
2600867,45
2600891,1
2600901,3
2600964,3
2600974,8
2600985,1
2601006,5
2601030,128
2601043,104
2601089,1458
2601143,4
2601151,1
2601152,42
2601260,6
2601317,3
2601372,2
2601418,3
2601439,31
2601451,10
2601480,1
2601483,32
2601487,3
2601488,75
2601493,1
2601503,89
2601504,6
2601506,2
2601511,72
2601522,1
2601527,12
2601561,10
2601563,36
2601564,25
2601566,43
2601595,37
2601597,120
2601602,8
2601620,7
2601621,510
2601624,16
2601635,32
2601638,40
2601655,61
2601661,41
2601674,8
2601675,8
2601678,2
2601684,2
2601685,44
2601706,6
2601736,13
2601768,6
2601776,1
2601790,60
2601796,2
2601801,276
2601805,1
2601808,1
2601818,4
2601821,3
2601827,11
2601828,2
2601838,4
2601842,299
2601843,87
2601845,49
2601848,37
2601851,1
2601857,20
2601858,9
2601859,1
2601862,4
2601865,2
2601871,16
2601876,1
2601877,7
2601881,1
2601884,46
2601886,11
2601890,5
2601901,3
2601903,4
2601904,35
2601905,18
2601906,84
2601908,82
2601910,1
2601913,3
2601916,517
2601920,7
2601925,215
2601927,1
2601928,3
2601929,3
2601932,174
2601933,24
2601938,11
2601940,2
2601941,392
2601942,797
2601943,1
2601944,1
2601945,2
2601946,88
2601947,261
2601950,148
2601951,10
2601954,66
2601959,1
2601962,255
2601965,3
2601967,15
2601969,2
2601972,3
2601973,2
2601977,44
2601978,2
2601985,1
2601989,1
2601990,47
2601996,12
2602000,24
2602002,16
2602003,66
2602005,6
2602006,6
2602007,6
2602009,3
2602010,47
2602016,1
2602017,1
2602020,5
2602022,1
2602025,26
2602026,1
2602027,2
2602030,13
2602031,12
2602032,7
2602033,2
2602034,1
2602037,14
2602038,9
2602042,4
2602043,1
2602046,24
2602048,19
2602051,74
2602053,2
2602055,1
2602062,16
2602068,2
2602069,79
2602071,7
2602074,72
2602075,1
2602076,4
2602077,108
2602078,49
2602079,38
2602081,296
2602082,65
2602085,1
2602086,21
2602087,41
2602089,15
2602090,21
2602095,25
2602098,1
2602099,117
2602100,5
2602101,6
2602102,8
2602104,8
2602106,88
2602109,3
2602110,5
2602119,12
2602121,3
2602127,3
2602129,2
2602130,1
2602132,15
2602134,3
2602135,1
2602139,2
2602142,34
2602143,11
2602146,2
2602147,1
2602150,2
2602154,6
2602159,226
2602164,2
2602167,7
2602172,2
2602174,2
2602182,1
2602184,147
2602187,26
2602190,2
2602193,1
2602194,2
2602198,2
2602199,3
2602200,4
2602201,7
2602203,2
2602204,16
2602207,36
2602211,160
2602213,4
2602214,1
2602216,14
2602217,7
2602218,11
2602219,27
2602221,2
2602224,3
2602227,1
2602228,13
2602230,1
2602232,6
2602233,167
2602234,3
2602235,40
2602236,1
2602237,24
2602238,22
2602239,42
2602241,26
2602242,7
2602246,701
2602248,1
2602249,1
2602251,1
2602254,29
2602255,70
2602256,1
2602257,2
2602259,2
2602261,30
2602264,12
2602267,4
2602270,3
2602271,142
2602273,1
2602276,1
2602278,29
2602279,21
2602280,2
2602283,6
2602285,1
2602286,642
2602292,1
2602295,1
2602296,3
2602299,93
2602300,26
2602301,9
2602302,48
2602305,6
2602307,42
2602309,5
2602314,321
2602315,2
2602316,2
2602317,2
2602320,1
2602321,7
2602322,8
2602329,4
2602333,4
2602340,3
2602342,1
2602345,2
2602346,4
2602348,2
2602353,16
2602356,1
2602364,40
2602365,1
2602370,4
2602371,3
2602372,4
2602373,7
2602374,127
2602375,10
2602376,2
2602377,2
2602382,2
2602383,4
2602385,2
2602386,7
2602397,50
2602398,2
2602399,2
2602400,2
2602401,1
2602405,6
2602408,2
2602412,10
2602413,1
2602417,1
2602430,5
2602452,1
2602457,5
2602470,2
2602474,1
2602475,1
2602478,4
2602481,32
2602482,3
2602484,2
2602488,1
2602489,1
2602491,3
2602493,1
2602504,1
2602505,1
2602507,1
2602510,1
2602512,324
2602517,8
2602518,1
2602520,12
2602525,1
2602535,135
2602538,3
2602542,6
2602543,1
2602551,5
2602552,1
2602562,2
2602571,2
2602572,2
2602573,89
2602575,1
2602584,7
2602587,1
2602589,1
2602594,2
2602596,2
2602600,1
2602603,5
2602607,1
2602608,4
2602616,2
2602617,2
2602629,1
2602634,3
2602635,5
2602643,1
2602646,7
2602647,1
2602649,1
2602650,1
2602657,22
2602658,7
2602661,48
2602670,1
2602673,33
2602674,106
2602675,1
2602678,34
2602679,6
2602680,1
2602681,3
2602688,1
2602689,54
2602691,39
2602693,11
2602697,28
2602711,94
2602718,2
2602724,5
2602729,2
2602730,1
2602732,2
2602735,1
2602738,4
2602742,10
2602743,1
2602745,5
2602749,1
2602755,25
2602758,1
2602762,3
2602767,20
2602775,2
2602778,31
2602786,1
2602801,2
2602812,17
2602818,38
2602822,37
2602823,12
2602830,12
2602888,2
2602890,4
2602895,1
2602897,1
2602908,1
2602912,3
2602923,1
2700001,4
2700002,35
2700003,48
2700050,11
2700052,12
2700053,38
2700055,18
2700056,1
2700057,16
2700058,17
2700061,13
2700062,53
2700064,2
2700067,4
2700069,9
2700070,10
2700073,13
2700074,49
2700083,298
2700094,60
2700107,2
2700128,3
2700130,8
2700132,19
2700135,3
2700136,30
2700149,2
2700151,5
2700158,7
2700160,3
2700190,2
2700192,38
2700210,3
2700214,4
2700217,6
2700219,4
2700220,1
2700222,18
2700224,8
2700233,7
2700243,19
2700251,16
2700252,1
2700256,1
2700257,5
2700259,11
2700263,3
2700265,1
2700267,14
2700268,3
2700271,3
2700274,2
2700276,1
2700277,1
2700279,1
2700280,1
2700284,34
2700285,3
2700288,3
2700289,1
2700290,1
2700291,3
2700294,3
2700297,1
2700299,1
2700302,2
2700309,3
2700313,2
2700315,1
2700317,7
2700320,2
2700321,1
2700326,1
2700330,1
2700331,5
2700332,2
2700333,7
2700334,1
2700341,2
2700346,9
2700349,2
2700359,1
2700360,1
2700364,3
2700374,1
2700381,1
2700384,2
2700388,2
2700394,2
2700398,2
2700402,1
2700411,1
2700424,4
2700436,1
2700438,2
2700439,1
2700448,4
2700487,1
2700491,1
2700497,1
2700506,1
2700569,1
2800001,86
2800003,44
2800007,107
2800008,7
2800009,26
2800011,75
2800012,20
2800014,99
2800015,122
2800019,130
2800021,202
2800024,70
2800026,187
2800027,6
2800029,8
2800030,18
2800031,25
2800032,52
2800033,239
2800034,105
2800035,18
2800155,2
2800157,1
2800393,29
2800463,14
2800467,3
2800469,8
2800470,24
2800483,7
2800487,2
2800490,6
2800498,26
2800501,14
2800502,5
2800505,1
2800510,8
2800517,5
2800518,1
2800522,2
2800526,119
2800539,23
2800540,21
2800541,21
2800545,44
2800546,74
2800547,44
2800549,90
2800551,30
2800552,4
2800556,10
2800558,27
2800562,9
2800567,4
2800598,65
2800605,27
2800610,1
2800615,58
2800639,1
2800715,21
2800716,16
2800717,11
2800719,16
2800747,6
2800756,3
2800757,17
2800780,18
2800819,8
2800874,75
2800881,3
2800924,29
2800944,7
2800946,1
2800949,2
2800951,3
2800956,103
2800959,3
2800961,4
2800962,4
2800963,6
2800966,2
2800968,26
2800969,1
2800970,2
2800971,1
2800973,85
2800976,1
2800987,3
2800991,1
2800994,1
2801000,18
2801003,9
2801005,21
2801006,2
2801007,8
2801010,2
2801011,2
2801012,9
2801013,1
2801014,1
2801017,6
2801021,3
2801024,1
2801028,2
2801035,5
2801043,1
2801044,3
2801047,10
2801048,5
2900012,4
2900013,345
2900018,9
2900078,3
2900095,89
2900096,330
2900097,515
2900159,634
2900164,45
2900166,74
2900167,68
2900170,502
2900173,452
2900174,252
2900175,284
2900181,5
2900185,2
2900186,2
2900189,2
2900192,1
2900194,15
2900224,242
2900233,122
2900234,2
2900248,163
2900249,3
2900250,269
2900270,5
2900294,1
2900341,1
2900377,4
2900415,7
2900418,54
2900424,10
2900437,26
2900440,6
2900445,19
2900450,32
2900451,1
2900466,41
2900470,11
2900473,15
2900478,12
2900479,1
2900481,9
2900484,26
2900485,15
2900492,27
2900494,13
2900495,13
2900496,4
2900499,4
2900504,11
2900536,1
2900537,3
2900538,20
2900539,17
2900542,32
2900543,27
2900565,7
2900573,1
2900590,22
2900593,1
2900608,10
2900641,2
2900708,1016
2900725,65
2900729,6
2900731,24
2900751,63
2900752,5
2900762,66
2900767,2
2900772,1
2900775,23
2900776,64
2900781,16
2900782,6
2900785,1
2900802,924
2900812,24
2900822,2
2900825,1
2900845,219
2900869,10
2900885,14
2900906,2
2900917,16
2900936,12
2900944,17
2900982,1
2901042,31
2901043,87
2901062,3
2901071,4
2901073,10
2901104,1
2901105,4
2901107,5
2901129,5
2901130,27
2901147,3
2901148,1
2901162,7
2901168,228
2901231,7
2901248,1
2901258,7
2901267,707
2901268,1
2901314,29
2901327,14
2901331,1
2901352,2
2901356,1
2901370,1
2901375,84
2901380,7
2901386,1
2901392,1
2901433,118
2901455,3
2901460,7
2901467,1
2901475,27
2901543,11
2901558,2
2901580,3
2901582,8
2901597,10
2901634,34
2901637,1
2901644,1
2901645,1
2901648,4
2901667,5
2901678,10
2901679,9
2901683,1
2901688,1
2901693,4
2901711,3
2901712,22
2901714,7
2901734,1
2901736,1
2901739,1
2901740,3
2901745,1
2901753,2
2901767,1
2901770,2
2901771,1
2901776,3
2901785,9
2901797,1
2901802,1
2901823,15
2901825,118
2901854,95
2901856,6
2901868,8
2901869,6
2901879,123
2901880,2
2901882,286
2901886,2
2901891,1
2901894,2
2901898,1
2901899,46
2901900,2
2901901,2
2901902,1
2901906,47
2901907,1
2901916,1
2901919,12
2901920,3
2901924,3
2901931,12
2901949,43
2901952,1
2901958,1
2901960,37
2901961,4
2901962,1
2901968,50
2901971,4
2901974,1
2901978,2
2901983,1
2901984,3
2901986,14
2901987,4
2901990,2
2901991,3
2901999,7
2902000,3
2902002,1
2902005,7
2902016,16
2902021,2
2902027,2
2902028,33
2902030,7
2902032,5
2902034,1
2902043,1
2902047,1
2902050,1
2902051,1
2902059,7
2902060,1
2902069,1
2902071,6
2902076,1
2902081,9
2902097,10
2902098,6
2902099,6
2902107,6
2902116,3
2902118,15
2902122,7
2902125,10
2902128,18
2902129,5
2902131,8
2902132,3
2902137,3
2902142,2
2902143,1
2902145,1
2902152,7
2902154,2
2902158,7
2902160,1
2902165,5
2902170,454
2902171,2
2902174,1
2902181,1
2902182,1
2902185,1
2902186,3
2902187,2
2902191,1
2902193,2
2902194,1
2902198,3
2902201,11
2902205,3
2902212,2
2902213,1
2902222,4
2902223,2
2902224,5
2902226,2
2902228,2
2902236,1
2902237,1
2902243,3
2902245,1
2902250,1
2902252,1
2902257,53
2902260,1
2902262,4
2902263,3
2902266,2
2902269,16
2902273,2
2902274,1
2902277,7
2902278,36
2902295,10
2902296,2
2902303,3
2902304,1
2902311,2
2902323,6
2902331,3
2902333,2
2902336,3
2902340,7
2902354,1
2902356,20
2902357,3
2902359,2
2902380,1
2902396,1
2902408,1
2902409,2
2902410,1
2902411,3
2902418,1
2902426,1
2902428,1
2902430,3
2902434,1
2902435,1
2902450,11
2902452,5
2902456,1
2902465,1
2902469,1
2902482,1
2902498,2
2902519,1
2902521,1
2902528,3
2902547,1
2902562,1
2902564,1
3000003,7
3000006,582
3000007,40
3000009,21
3000012,39
3000013,33
3000014,42
3000017,3
3000018,31
3000020,63
3000022,16
3000025,15
3000026,50
3000027,36
3000032,13
3000033,25
3000034,22
3000035,28
3000037,19
3000038,28
3000039,3
3000040,61
3000041,23
3000042,17
3000043,18
3000044,26
3000045,70
3000048,53
3000049,24
3000050,37
3000051,3
3000052,19
3000053,33
3000054,18
3000055,23
3000056,1
3000060,33
3000063,18
3000066,53
3000068,50
3000069,17
3000070,168
3000073,219
3000074,67
3000075,133
3000076,1
3000077,35
3000078,3
3000079,3
3000080,12
3000082,177
3000083,130
3000085,26
3000087,52
3000088,1
3000089,51
3000092,8
3000093,4
3000095,35
3000096,31
3000100,33
3000101,9
3000105,16
300011,99
3000110,19
3000111,15
3000113,10
3000214,6
3000215,33
300028,151
3000287,104
3000292,254
3000296,1
300033,4
300039,28
300040,39
300042,5
300049,1
300050,116
3000585,302
3000589,19
3000591,28
3000593,70
3000610,148
3000611,99
300062,18
3000643,1
3000644,203
3000662,214
3000663,440
300069,15
3000794,6
3000804,8
3000806,2
3000807,2
3000811,22
3000812,10
3000819,6
3000820,18
3000821,19
3000822,1
3000830,1
3000834,17
3000835,6
3000837,17
3000838,3
3000839,1
3000840,9
3000845,32
3000846,1
3000850,62
3000856,4
3000857,5
3000861,13
3000863,10
3000865,2
3000867,1
3000871,13
3000879,19
3000881,1
3000883,3
3000893,5
3000897,14
3000911,3
3000923,2
3000925,1
3000927,4
3000930,4
3000935,8
3000938,8
3000947,29
3000949,12
3000950,5
3000953,4
3000954,5
3000956,20
3000963,32
3000964,11
3000966,5
3000973,6
3000974,12
3000975,14
300098,239
3000981,7
3000983,5
3000984,1
3000985,26
3000988,7
3000989,15
3000995,17
3001006,1
3001068,2
3001091,3
3001125,3
3001126,8
3001128,5
3001130,2
3001141,9
3001184,42
3001185,590
3001186,14
3001212,5
3001242,8
3001247,26
3001250,1
3001251,8
3001252,41
3001254,37
3001255,4
3001267,6
3001273,23
3001279,10
3001283,13
3001287,7
3001288,20
3001289,9
3001291,16
3001293,7
3001295,2
3001298,34
300132,16
300133,2
3001341,4
300136,68
3001367,1
300138,1
3001391,1
3001431,1
300151,12
3001520,53
3001525,10
3001526,6
3001529,9
3001537,5
3001539,20
3001545,3
3001577,6
3001581,5
3001582,14
3001589,1
3001610,1
3001682,1
3001686,23
3001688,27
3001692,2
3001693,1
3001708,1
3001711,12
3001712,9
3001716,3
3001833,1
3001875,1
3001983,1
3001998,26
3002002,1
3002007,1
3002014,2
3002034,1
3002035,3
3002066,1
300208,40
3002184,1
3002245,21
3002253,11
3002260,2
3002268,106
3002286,1
3002296,17
3002299,26
3002306,27
3002310,2
3002314,2
300233,11
3002330,4
3002337,2
3002339,1
3002350,9
3002386,2
3002408,1
3002409,7
3002416,7
3002426,15
3002427,1
3002475,21
3002491,7
3002504,2
3002507,4
3002513,1
3002519,13
3002522,4
3002526,2
3002540,1
3002547,1
3002550,22
3002551,3
300256,510
3002562,9
3002566,6
300257,1302
3002575,1
3002577,30
3002591,1
3002600,25
300261,43
300262,1
3002631,1
3002633,25
3002635,1
3002647,3
3002648,3
3002650,22
3002662,1
3002669,1
3002678,18
3002688,1
3002694,1
3002700,1
3002712,59
3002723,30
3002727,2
3002729,1
3002732,3
3002733,1
3002735,6
3002738,1
3002754,1
3002757,1
300276,51
3002764,5
3002765,1
3002769,3
300277,3
3002771,5
300278,3
3002783,1
3002786,7
3002792,17
3002793,4
3002794,16
3002796,11
3002797,21
3002800,12
3002801,1
3002803,198
3002809,12
3002813,1
3002817,1
3002819,7
3002825,3
3002841,6
3002842,1
3002847,30
3002851,1
3002856,2
3002858,1
3002863,7
3002865,1
3002867,7
3002868,2
3002869,7
3002877,1
3002879,1
3002882,1
3002889,29
3002890,15
3002896,3
3002898,1
3002902,1
3002910,8
3002912,1
3002924,1
3002930,1
3002931,1
3002943,1
3002949,13
3002951,1
3002954,9
3002966,1
300299,30
3002993,20
3002995,2
3002996,1
3003001,1
3003025,2
3003029,15
3003031,1
3003036,4
3003046,4
3003050,17
3003067,1
3003070,8
3003086,1
3003123,13
3003129,1
300313,89
3003130,3
3003132,1
3003137,6
3003138,36
3003140,1
3003143,7
3003144,7
3003158,1
3003160,1
3003169,1
3003185,4
3003195,1
3003197,1
3003205,2
3003207,1
3003215,2
3003217,9
3003219,3
3003221,2
3003225,5
3003254,1
3003255,244
3003261,5
3003264,1
3003289,1
3003295,2
300331,4
3003312,1
3003318,1
3003336,4
3003338,5
3003358,1
3003364,9
3003381,1
3003391,10
3003392,2
3003393,1
3003408,1
3003413,1
3003425,1
3003427,1
3003433,5
3003434,5
3003436,1
3003439,8
3003442,7
3003452,10
3003459,2
3003460,1
3003461,3
3003462,1
3003473,1
3003476,1
3003487,2
3003498,1
3003504,1
3003509,1
3003515,1
3003531,6
3003558,21
3003570,2
3003574,1
3003576,1
3003601,1
3003619,1
3003621,3
3003623,1
3003735,1
3003739,4
3003756,2
300376,1
300379,27
300381,18
3003821,1
3003822,2
3003840,3
3003846,2
3003848,1
3003850,1
3003868,1
300391,10
3003916,1
300394,4
3003988,1
300400,58
300404,1
3004049,1
3004069,1
3004073,1
300409,4
3004133,1
300414,9
3004141,1
300418,28
300426,594
300429,27
300430,1
300437,26
300464,110
300466,23
300470,19
300472,27
300479,135
300481,3
300506,7
300509,12
300513,2
300529,4
300537,30
300542,85
300566,35
300576,18
300600,2
300608,7
300610,14
300681,6
300715,2
300791,28
300854,1
300855,19
300872,41
300876,115
300878,3
300884,1
300890,40
300907,1
300910,35
300911,2
301128,3
301140,27
301146,6
301157,26
301173,2
301202,7
301231,2
301232,4
301233,4
301240,27
301278,1
301299,2
301324,26
301373,5
301375,17
301381,2
301387,5
301399,5
301412,3
301423,1
301449,6
301457,2
301462,21
301464,25
301475,13
301477,1
301495,30
301501,10
301504,40
301508,1
301513,2
301517,3
301519,1
301521,1
301526,2
301527,1
301535,2
301537,64
301540,13
301541,51
301545,9
301546,1
301547,2
301551,2
301570,11
301576,8
301578,5
301579,3
301582,8
301583,33
301585,2
301586,71
301587,10
301592,1
301593,9
301595,7
301597,25
301601,1
301603,83
301607,106
301608,10
301613,1
301614,99
301615,4
301618,8
301619,6
301628,1
301629,1
301631,3
301634,4
301637,4
301640,26
301645,5
301647,2
301648,1
301649,2
301650,3
301657,65
301658,1
301674,1
301681,44
301682,1
301696,5
301714,8
301717,2
301720,7
301722,17
301723,38
301726,1
301727,3
301730,24
301731,4
301736,126
301738,26
301741,16
301743,3
301745,2
301748,1
301749,3
301750,3
301753,1
301754,10
301759,1
301761,8
301762,8
301763,4
301765,1
301769,1
301771,2
301773,1
301778,3
301779,4
301782,2
301785,1
301786,8
301787,1
301790,2
301792,1
301793,3
301794,1
301799,2
301801,2
301804,7
301806,8
301807,4
301808,3
301810,4
301811,1
301813,18
301815,3
301818,11
301820,4
301822,1
301827,2
301841,5
301853,4
301862,3
301863,1
301867,1
301871,3
301872,14
301887,1
301890,1
301894,14
301895,3
301899,4
301901,2
301904,8
301908,4
301921,6
301930,1
301932,1
301936,1
301938,7
301941,5
301943,1
301944,1
301945,10
301948,2
301951,3
301962,1
301967,20
301970,2
301975,1
301976,19
301979,1
301980,1
301981,3
301985,9
301988,2
301995,1
301998,1
302010,1
302012,2
302016,9
302017,17
302023,28
302026,1
302028,2
302031,5
302033,1
302035,4
302041,2
302047,1
302050,11
302053,1
302057,1
302061,1
302062,4
302065,3
302090,1
302101,1
3100002,58
3100007,24
3100011,10
3100014,27
3100015,18
3100017,87
3100036,37
3100037,158
3100042,28
3100043,11
3100047,16
3100048,19
3100050,26
3100051,19
3100052,23
3100055,8
3100057,29
3100059,44
3100063,35
3100064,11
3100065,37
3100066,15
3100068,18
3100069,15
3100070,12
3100071,16
3100072,38
3100074,36
3100076,15
3100077,47
3100079,48
3100080,62
3100082,10
3100083,31
3100084,41
3100085,20
3100087,75
3100088,7
3100091,37
3100092,12
3100094,33
3100095,8
3100096,23
3100100,15
3100111,20
3100116,10
3100117,16
3100118,2
3100119,10
3100132,1
3100135,84
3100136,260
3100140,1
3100144,1
3100145,1
3100155,4
3100186,7
3100189,20
3100198,64
3100209,5
3100212,534
3100217,3
3100225,6
3100227,4
3100233,27
3100246,7
3100259,2
3100271,31
3100273,110
3100274,20
3100354,175
3100362,19
3100363,6
3100368,17
3100369,10
3100375,51
3100381,5
3100400,29
3100403,1
3100405,13
3100406,42
3100421,2
3100427,72
3100435,113
3100444,6
3100450,8
3100467,15
3100520,18
3100530,39
3100539,1
3100557,22
3100564,42
3100597,45
3100598,1
3100631,4
3100673,124
3100678,10
3100686,1
3100687,56
3100688,1
3100689,1
3100712,5
3100717,3
3100718,46
3100723,1
3100793,16
3100794,2
3100799,1
3101077,4
3101080,4
3101093,16
3101094,20
3101104,29
3101105,17
3101121,4
3101122,15
3101125,50
3101134,7
3101148,5
3101153,1
3101154,2
3101230,21
3101235,54
3101236,2
3101258,64
3101308,7
3101334,102
3101354,3
3101356,27
3101357,52
3101416,12
3101471,1
3101475,15
3101497,31
3101498,3
3101503,3
3101504,52
3101515,1
3101518,87
3101526,3
3101567,3
3101568,2
3101576,1
3101577,1
3101633,26
3101636,2
3101679,1
3101680,4
3101697,1
3101701,1
3101708,1
3101774,29
3101790,10
3101797,2
3101817,1
3101828,9
3101840,14
3101865,3
3101869,10
3101871,69
3101878,1
3101884,2
3101893,2
3101899,1
3101903,37
3101918,6
3101919,30
3101925,2
3101927,2
3101928,10
3101935,6
3101940,49
3101941,36
3101942,8
3101955,14
3101956,27
3101957,7
3101958,1
3101963,10
3101965,3
3101970,2
3101971,24
3101973,95
3101975,34
3101979,20
3101986,17
3101987,117
3101989,1
3101990,59
3101993,6
3101996,1
3102002,6
3102006,25
3102008,6
3102009,28
3102010,9
3102011,4
3102012,47
3102014,9
3102016,3
3102017,1
3102019,1
3102021,10
3102024,7
3102027,1
3102028,2
3102033,5
3102037,12
3102038,26
3102039,2
3102043,13
3102045,25
3102048,2
3102050,2
3102054,11
3102055,6
3102056,2
3102057,4
3102058,1
3102061,10
3102063,3
3102065,1
3102066,5
3102070,3
3102071,28
3102074,9
3102077,19
3102079,2
3102080,4
3102084,17
3102087,19
3102088,4
3102089,7
3102091,5
3102092,17
3102096,1
3102097,4
3102099,6
3102101,15
3102103,33
3102105,4
3102108,1
3102110,2
3102111,1
3102114,2
3102116,1
3102118,1
3102119,33
3102120,5
3102121,4
3102125,3
3102130,5
3102137,1
3102138,6
3102141,18
3102142,7
3102143,3
3102144,2
3102153,84
3102159,2
3102160,6
3102161,1
3102166,1
3102167,26
3102168,1
3102172,20
3102174,1
3102175,1
3102176,3
3102179,12
3102182,1
3102186,1
3102188,4
3102189,1
3102191,6
3102198,2
3102199,1
3102200,1
3102201,1
3102203,1
3102208,1
3102220,1
3102228,12
3102232,1
3102239,2
3102242,2
3102243,1
3102253,1
3102257,1
3102258,3
3102261,1
3102289,1
3102294,1
3102302,7
3102306,2
3102311,6
3102313,1
3102336,2
3102337,1
3200035,30
3200040,25
3200041,9
3200042,64
3200043,172
3200044,31
3200045,2
3200099,6
3200131,1
3200134,13
3200140,4
3200150,3
3200151,7
3200156,22
3200157,15
3200158,15
3200172,1
3200175,4
3200192,1
3200195,2
3200218,195
3200250,4
3200261,19
3200386,3
3200397,1
3200419,1
3200425,1
3200459,37
3200491,248
3200496,1
3200507,3
3200543,9
3200546,4
3200547,12
3200550,19
3200566,1
3200580,12
3200583,12
3200593,2
3200595,326
3200596,23
3200597,2
3200640,10
3200646,6
3200652,13
3200677,17
3200679,1
3200683,1
3200685,3
3200688,5
3200693,1
3200700,3
3200704,2
3200710,1
3200716,2
3200727,6
3200728,2
3200730,1
3200732,2
3200734,3
3200747,1
3200748,1
3200749,1
3200757,1
3200758,1
3200766,2
3200770,1
3200774,2
3200775,3
3200776,2
3200777,1
3200778,3
3200784,1
3200791,2
3200796,2
3200798,1
3200800,2
3200805,1
3200806,2
3200807,2
3200809,3
3200817,1
3200826,1
3200828,1
3200838,1
3200845,1
3200858,1
3200909,2
3200911,1
3200913,1
3200924,2
3200950,8
3200966,1
3200967,1
3200990,1
3201022,1
3201025,2
3201028,16
3201033,1
3201050,1
3201074,3
3201082,2
3201085,6
3201086,3
3300003,3
3300006,6
3300007,5
3300008,55
3300009,3
3300010,96
3300013,85
3300015,90
3300016,6
3300017,32
3300033,36
3300038,2
3300040,5
3300042,40
3300043,4
3300044,1
3300045,111
3300047,5
3300049,8
3300054,73
3300055,55
3300056,21
3300057,20
3300058,7
3300059,5
3300060,6
3300064,30
3300066,14
3300067,6
3300069,280
3300071,13
3300074,17
3300075,13
3300079,11
3300085,3
3300087,21
3300088,7
3300089,28
3300090,15
3300091,73
3300096,32
3300097,85
3300099,180
3300102,26
3300103,10
3300104,26
3300105,13
3300106,12
3300108,6
3300111,71
3300115,22
3300118,32
3300120,44
3300121,23
3300122,93
3300123,93
3300124,6
3300125,53
3300126,2
3300127,317
3300129,23
3300130,21
3300134,78
3300136,19
3300137,8
3300142,1
3300143,21
3300145,24
3300146,6
3300148,7
3300149,7
3300151,98
3300152,2
3300153,32
3300156,718
3300159,8
3300161,285
3300162,5
3300166,37
3300167,25
3300168,52
3300169,13
3300170,118
3300172,56
3300175,55
3300176,82
3300178,3
3300181,81
3300352,9
3300357,18
3300359,19
3300453,29
3300490,122
3300500,11
3300523,1
3300528,74
3300539,1
3300552,1
3300563,36
3300569,5
3300643,24
3300660,9
3300690,1
3300725,2
3300789,60
3300819,9
3300825,31
3300832,22
3300922,12
3300933,31
3300939,14
3300941,381
3300942,32
3300944,12
3300945,1
3300949,5
3300958,13
3300962,4
3300963,29
3300964,2
3300965,111
3300968,515
3300973,31
3300976,14
3300980,7
3300985,7
3300986,4
3300987,1
3300988,3
3300989,476
3300992,4
3300997,22
3301068,342
3301069,143
3301070,719
3301157,1165
3301158,113
3301159,1885
3301172,1479
3301173,1132
3301181,50
3301184,59
3301188,46
3301195,5
3301224,17
3301282,12
3301286,19
3301304,8
3301308,1
3301314,44
3301351,2
3301354,112
3301355,56
3301357,48
3301358,168
3301362,10
3301382,7
3301384,21
3301385,43
3301386,9
3301387,5
3301388,13
3301392,12
3301393,11
3301394,22
3301395,15
3301396,53
3301398,7
3301401,35
3301408,10
3301410,4
3301412,1
3301413,4
3301414,15
3301419,16
3301429,11
3301437,1
3301438,8
3301440,1
3301446,33
3301452,1
3301457,1
3301459,1
3301463,1
3301466,34
3301468,1
3301471,8
3301474,4
3301480,24
3301481,6
3301483,3
3301484,11
3301486,3
3301487,3
3301490,16
3301492,2
3301509,14
3301512,53
3301513,49
3301514,26
3301519,20
3301526,10
3301532,2
3301538,2
3301539,2
3301543,3
3301548,1
3301554,8
3301560,24
3301561,18
3301564,1
3301566,5
3301567,10
3301571,8
3301579,3
3301587,23
3301588,22
3301589,1
3301591,7
3301592,29
3301594,4
3301598,21
3301603,34
3301607,1
3301609,18
3301610,3
3301611,3
3301612,19
3301614,1
3301616,1
3301617,10
3301622,3
3301624,9
3301625,3
3301627,21
3301632,2
3301634,4
3301640,6
3301645,2
3301652,3
3301659,43
3301661,23
3301662,8
3301665,2
3301666,5
3301667,8
3301669,11
3301676,46
3301677,1
3301678,25
3301682,3
3301688,4
3301695,10
3301700,5
3301706,3
3301708,9
3301710,17
3301750,12
3301791,6
3301802,2
3301809,8
3301816,3
3301817,39
3301820,10
3301891,36
3301892,32
3301894,6
3301925,51
3301944,44
3301993,659
3301994,647
3301995,6
3302020,6
3302023,3
3302039,29
3302044,8
3302045,15
3302055,50
3302122,3
3302125,15
3302127,2
3302129,11
3302137,3
3302308,554
3302312,81
3302329,2
3302331,3
3302332,2
3302357,5
3302359,9
3302385,1
3302387,21
3302389,2
3302402,5
3302403,7
3302426,1
3302429,5
3302436,22
3302461,3
3302476,1
3302487,1
3302502,1
3302510,3
3302512,11
3302516,105
3302517,37
3302518,27
3302519,1
3302530,29
3302532,2
3302539,2
3302551,6
3302565,69
3302569,5
3302611,1
3302624,96
3302627,6
3302633,6
3302679,46
3302688,14
3302696,11
3302698,8
3302716,5
3302763,53
3302765,10
3302784,85
3302785,1
3302786,3
3302868,7
3302913,5
3302918,10
3302929,6
3302937,17
3302940,10
3302993,2
3303002,3
3303012,11
3303028,15
3303048,30
3303214,5
3303241,7
3303259,159
3303271,1
3303288,50
3303312,6
3303314,2
3303315,1
3303320,2
3303321,7
3303329,11
3303332,2
3303336,17
3303344,6
3303349,360
3303377,2
3303393,17
3303415,3
3303466,1
3303483,7
3303489,1
3303496,7
3303509,1
3303510,1
3303520,3
3303524,41
3303529,4
3303581,3
3303590,1
3303597,5
3303599,1
3303600,1
3303616,12
3303628,1
3303634,2
3303658,3
3303665,1
3303673,23
3303675,2
3303682,7
3303687,1
3303691,8
3303704,3
3303708,11
3303710,24
3303736,40
3303737,4
3303747,2
3303749,2
3303754,2
3303758,16
3303759,20
3303770,6
3303772,11
3303781,9
3303792,10
3303793,33
3303803,2
3303808,1
3303812,3
3303816,16
3303819,1
3303820,1
3303825,30
3303829,4
3303830,9
3303833,3
3303835,11
3303836,1
3303837,1
3303839,2
3303840,1
3303848,20
3303849,1
3303852,2
3303854,4
3303858,1
3303860,5
3303868,1
3303869,5
3303875,1
3303877,7
3303884,8
3303886,2
3303889,1
3303903,1
3303904,2
3303906,1
3303907,47
3303913,1
3303914,2
3303915,23
3303922,1
3303925,1
3303929,9
3303930,23
3303933,12
3303935,24
3303936,7
3303937,1
3303938,9
3303942,1
3303946,1
3303947,4
3303952,1
3303955,2
3303956,1
3303957,1
3303979,3
3303987,3
3303988,7
3303990,318
3303994,1
3303997,5
3303998,11
3303999,2
3304001,1
3304004,9
3304011,15
3304018,4
3304022,1
3304025,5
3304027,5
3304039,1
3304040,3
3304041,4
3304042,3
3304043,1
3304045,12
3304047,1
3304048,3
3304054,4
3304055,1
3304058,14
3304059,39
3304060,2
3304062,1
3304064,1
3304069,1
3304072,6
3304073,3
3304077,5
3304078,5
3304081,1
3304083,2
3304084,11
3304088,1
3304093,11
3304095,1
3304098,8
3304099,2
3304102,1
3304109,23
3304112,21
3304113,4
3304119,8
3304121,71
3304123,2
3304125,5
3304126,4
3304129,7
3304136,1
3304139,2
3304143,21
3304144,2
3304147,84
3304149,1
3304153,2
3304154,1
3304155,2
3304159,1
3304160,5
3304162,2
3304164,1
3304165,41
3304167,1
3304168,9
3304169,23
3304170,1
3304171,1
3304172,2
3304174,2
3304175,1
3304178,5
3304179,47
3304180,11
3304181,11
3304185,2
3304186,20
3304187,13
3304188,10
3304190,1
3304193,3
3304195,5
3304204,4
3304209,1
3304210,18
3304213,9
3304214,1
3304215,3
3304216,4
3304219,1
3304220,3
3304222,5
3304223,5
3304228,5
3304229,24
3304230,29
3304232,21
3304233,3
3304238,10
3304239,4
3304242,2
3304244,3
3304247,13
3304250,7
3304251,5
3304254,18
3304255,6
3304260,3
3304261,2
3304267,7
3304268,3
3304271,1
3304273,6
3304276,5
3304279,10
3304281,18
3304282,2
3304283,2
3304303,1
3304304,5
3304307,2
3304313,12
3304315,6
3304321,8
3304324,1
3304329,14
3304334,5
3304336,32
3304337,11
3304338,2
3304341,1
3304343,6
3304344,8
3304351,8
3304352,1
3304353,1
3304354,11
3304355,1
3304356,38
3304357,5
3304358,8
3304359,4
3304360,15
3304361,1
3304362,17
3304363,5
3304368,9
3304369,3
3304374,1
3304375,6
3304376,2
3304377,4
3304381,15
3304382,2
3304383,1
3304384,1
3304386,20
3304387,1
3304389,61
3304390,4
3304392,12
3304394,3
3304395,8
3304396,2
3304397,1
3304398,3
3304401,2
3304407,13
3304408,1
3304409,6
3304411,4
3304413,13
3304414,36
3304419,1
3304421,3
3304422,1
3304423,4
3304424,1
3304427,4
3304428,4
3304429,2
3304433,9
3304437,2
3304444,2
3304445,7
3304446,2
3304449,1
3304452,1
3304454,1
3304458,8
3304460,7
3304462,2
3304464,1
3304467,5
3304471,1
3304473,1
3304475,33
3304478,1
3304479,5
3304481,10
3304483,1
3304484,1
3304485,2
3304486,1
3304491,1
3304492,3
3304493,3
3304495,23
3304499,1
3304501,1
3304504,2
3304507,12
3304509,54
3304511,2
3304512,5
3304514,1
3304519,1
3304520,74
3304523,1
3304526,108
3304527,3
3304530,3
3304534,3
3304536,1
3304538,4
3304541,4
3304543,1
3304546,1
3304547,29
3304550,50
3304551,2
3304552,1
3304553,6
3304556,1
3304557,1
3304560,1
3304562,1
3304565,49
3304567,3
3304569,15
3304576,2
3304577,13
3304578,38
3304581,1
3304582,10
3304583,4
3304584,2
3304586,1
3304587,2
3304588,4
3304591,10
3304592,2
3304595,70
3304605,19
3304608,1
3304609,2
3304610,1
3304622,1
3304629,5
3304630,1
3304637,1
3304642,5
3304643,2
3304645,13
3304651,1
3304657,24
3304682,1
3304685,1
3304686,3
3304694,1
3304709,1
3304711,3
3304731,2
3304733,4
3304741,1
3304742,2
3304769,3
3304778,2
3304795,3
3304797,1
3304799,1
3400002,6
3400008,68
3400009,84
3400010,1
3400011,374
3400013,1
3400014,8
3400015,76
3400016,41
3400021,2
3400023,408
3400025,13
3400026,569
3400035,3
3400037,78
3400040,79
3400042,9
3400050,165
3400052,10
3400056,101
3400058,1
3400059,18
3400061,17
3400108,2
3400110,3
3400123,2
3400146,7
3400256,13
3400259,8
3400266,106
3400267,1
3400269,11
3400270,19
3400272,6
3400274,41
3400282,169
3400304,34
3400353,20
3400355,1
3400356,1
3400359,30
3400360,17
3400361,1
3400362,3
3400366,3
3400377,102
3400381,6
3400384,1
3400389,1
3400394,46
3400404,42
3400405,54
3400407,37
3400410,23
3400445,7
3400446,7
3400456,1
3400460,12
3400506,4
3400507,7
3400527,2
3400530,33
3400550,7
3400554,18
3400555,3
3400557,7
3400562,6
3400563,1
3400569,10
3400570,30
3400572,6
3400610,1
3400615,6
3400617,3
3400676,2
3400677,1
3400679,22
3400798,200
3400800,5
3400818,1
3400819,7
3400836,69
3400837,17
3400839,1
3400884,1
3400892,7
3400893,9
3400902,7
3400905,1
3400938,8
3400954,9
3400970,2
3400976,62
3400987,3
3400988,21
3401011,1
3401035,5
3401036,13
3401084,1
3401087,2
3401093,66
3401095,46
3401130,16
3401143,6
3401165,1
3401206,125
3401210,10
3401214,3
3401238,4
3401242,1
3401247,5
3401249,1
3401256,2
3401265,2
3401269,1
3401273,94
3401282,2
3401285,69
3401287,10
3401289,451
3401299,54
3401302,3
3401308,43
3401310,8
3401317,1
3401320,2
3401322,1
3401329,13
3401332,12
3401334,4
3401336,4
3401337,36
3401343,11
3401344,7
3401345,11
3401348,10
3401349,1
3401351,14
3401353,1
3401357,2
3401359,8
3401364,9
3401365,11
3401369,3
3401372,3
3401374,1
3401379,8
3401388,1
3401400,75
3401401,2
3401403,2
3401430,2
3401435,1
3401436,47
3401440,6
3401443,5
3401453,23
3401455,21
3401474,48
3401479,16
3401482,16
3401483,22
3401485,1
3401487,7
3401488,1
3401489,6
3401494,1
3401495,1
3401508,1
3401531,10
3401538,4
3401551,29
3401554,13
3401556,18
3401557,2
3401567,1
3401568,3
3401570,3
3401571,1
3401581,48
3401588,1
3401591,7
3401609,1
3401610,2
3401617,8
3401618,57
3401626,1
3401631,1
3401633,52
3401634,59
3401635,3
3401637,1
3401643,1
3401648,44
3401651,30
3401656,1
3401663,16
3401668,1
3401670,1
3401685,1
3401692,9
3401693,11
3401696,1
3401700,1
3401707,12
3401709,7
3401713,25
3401721,1
3401724,1
3401728,65
3401740,21
3401742,24
3401746,1
3401754,2
3401755,1
3401756,3
3401757,35
3401761,2
3401765,7
3401766,1
3401768,1
3401773,4
3401774,3
3401775,31
3401780,1
3401781,2
3401782,18
3401787,232
3401790,4
3401793,6
3401794,1
3401795,1
3401801,16
3401802,13
3401805,8
3401806,2
3401808,13
3401809,4
3401810,3
3401813,6
3401814,3
3401815,26
3401820,1
3401822,1
3401824,1
3401827,4
3401828,17
3401832,2
3401841,14
3401843,2
3401844,1
3401847,2
3401856,26
3401859,72
3401867,3
3401869,2
3401876,8
3401880,1
3401887,2
3401899,3
3401902,6
3401904,2
3401905,23
3401906,2
3401913,2
3401917,6
3401924,1
3401928,1
3401930,14
3401935,3
3401937,3
3401939,5
3401940,2
3401945,6
3401950,21
3401964,3
3401970,1
3401971,5
3401977,1
3401983,3
3401989,1
3401991,3
3401992,2
3401993,2
3401994,1
3402010,5
3402013,3
3402025,3
3402026,2
3402028,1
3402033,1
3402041,13
3402044,3
3402047,1
3402049,6
3402056,3
3402064,3
3402066,8
3402069,1
3402076,7
3402078,5
3402080,68
3402081,9
3402084,4
3402088,5
3402093,4
3402098,4
3402099,1
3402102,3
3402103,1
3402104,2
3402105,2
3402108,9
3402116,1
3402121,2
3402123,2
3402132,1
3402138,1
3402139,4
3402143,1
3402161,12
3402164,2
3402168,3
3402174,1
3402176,3
3402178,15
3402180,1
3402184,2
3402185,4
3402189,1
3402190,1
3402191,1
3402194,1
3402207,3
3402213,1
3402233,1
3402234,1
3402240,1
3402246,2
3402250,1
3500002,2
3500006,2
3500010,8
3500014,31
3500025,5
3500037,9
3500052,7
3500089,5
3500135,2
3500138,2
3500142,1
3500143,1
3500260,7
3500320,62
3500323,7
3500324,3
3500391,41
3500393,3
3500419,2
3500426,15
3500428,7
3500453,7
3500454,5
3500459,16
3500463,12
3500465,12
3500472,10
3500480,14
3500481,48
3500483,8
3500484,8
3500490,1
3500495,18
3500496,2
3500497,17
3500501,1
3500502,2
3500503,7
3500507,11
3500512,22
3500515,62
3500521,9
3500522,3
3500524,6
3500525,150
3500533,1
3500536,3
3500540,103
3500541,11
3500555,9
3500556,3
3500557,4
3500560,9
3500593,4
3500597,2
3500600,3
3500630,2
3500631,9
3500634,87
3500645,4
3500646,1
3500708,14
3500711,2
3500723,5
3500793,2
3500798,9
3500807,18
3500893,1
3500910,21
3500965,8
3500975,1
3500986,1
3501002,37
3501003,4
3501004,2
3501018,15
3501019,17
3501041,6
3501059,4
3501064,5
3501201,1
3501202,42
3501203,1
3501280,1
3501285,1
3501306,2
3501534,3
3501970,8
3502376,8
3502382,12
3502416,24
3502464,21
3502478,20
3502479,1
3502481,1
3502491,28
3502501,3
3502525,5
3502548,1
3502630,4
3502646,1
3502668,1
3502673,4
3502705,11
3502706,3
3502759,1
3502760,3
3502761,8
3502764,1
3502780,26
3502781,1
3502806,1
3502810,2
3502823,2
3502852,1
3502868,5
3502875,2
3502885,14
3502901,7
3502905,2
3502906,1
3502907,2
3502912,2
3502931,5
3502968,31
3502969,1
3502970,233
3502974,12
3502978,2
3502986,14
3503008,9
3503010,1
3503022,21
3503039,1
3503044,9
3503045,2
3503050,11
3503052,1
3503053,1
3503054,1
3503067,1
3503085,3
3503110,2
3503115,1
3503117,2
3503119,1
3503123,6
3503125,1
3503131,15
3503233,11
3503236,177
3503237,17
3503238,1
3503241,8
3503245,1
3503249,17
3503250,1
3503251,4
3503252,1
3503255,6
3503256,1
3503257,1
3503259,3
3503260,2
3503264,2
3503269,1
3503276,1
3503279,1
3503280,11
3503281,3
3503284,3
3503287,17
3503289,1
3503290,14
3503291,2
3503292,9
3503293,7
3503297,2
3503298,2
3503300,4
3503302,5
3503304,9
3503308,7
3503310,11
3503313,1
3503318,1
3503321,7
3503322,4
3503327,22
3503328,6
3503329,1
3503336,4
3503338,1
3503340,1
3503345,38
3503350,1
3503356,6
3503357,1
3503358,1
3503361,2
3503363,4
3503364,1
3503365,1
3503367,1
3503369,1
3503370,5
3503371,1
3503373,2
3503374,3
3503379,3
3503380,4
3503384,5
3503385,3
3503386,4
3503387,1
3503391,1
3503403,7
3503405,12
3503409,1
3503413,1
3503414,1
3503415,5
3503416,2
3503418,3
3503419,7
3503420,5
3503423,6
3503425,47
3503426,4
3503429,7
3503432,2
3503433,61
3503434,3
3503437,2
3503438,9
3503439,37
3503441,14
3503444,19
3503452,2
3503463,19
3503465,6
3503467,11
3503468,2
3503469,4
3503470,2
3503474,1
3503475,1
3503478,7
3503479,1
3503490,1
3503491,1
3503492,1
3503496,6
3503500,2
3503505,2
3503508,11
3503519,3
3503520,3
3503523,2
3503525,1
3503527,9
3503529,1
3503532,1
3503535,4
3503536,1
3503538,4
3503541,1
3503542,1
3503545,1
3503546,2
3503549,1
3503558,9
3503560,3
3503569,1
3503581,2
3503582,5
3503583,1
3503584,1
3503587,2
3503590,1
3503592,1
3503594,1
3503595,4
3503596,6
3503597,1
3503600,2
3503605,8
3503608,6
3503612,1
3503614,1
3503619,3
3503624,1
3503652,1
3503653,1
3503655,2
3503658,2
3503659,15
3503667,10
3503670,1
3503674,1
3503678,2
3503681,1
3503688,1
3503696,1
3503708,1
3503724,6
3503746,2
3503757,7
3503760,1
3503764,1
3503765,1
3503771,16
3503773,1
3503777,2
3503782,4
3503805,3
3503810,2
3503817,1
3503821,2
3503830,1
3503831,3
3503861,1
3503866,1
3503894,1
3503896,3
3503897,1
3503917,1
3503925,1
3503949,1
3503953,3
3600003,69
3600004,3
3600005,60
3600006,633
3600009,230
3600011,1
3600012,55
3600015,163
3600017,284
3600018,11
3600020,73
3600023,26
3600027,9
3600029,171
3600032,3
3600033,25
3600036,27
3600038,44
3600039,28
3600044,4
3600047,129
3600048,18
3600051,9
3600052,188
3600053,19
3600054,46
3600056,26
3600058,41
3600060,58
3600062,21
3600063,37
3600064,71
3600065,52
3600066,45
3600067,14
3600069,1
3600070,25
3600074,37
3600075,10
3600077,20
3600079,27
3600090,1
3600091,114
3600092,8
3600098,40
3600100,78
3600104,14
3600105,49
3600111,15
3600114,70
3600116,43
3600117,77
3600119,2
3600120,17
3600122,1
3600124,1
3600125,335
3600128,20
3600129,43
3600130,33
3600131,106
3600134,6
3600135,69
3600136,374
3600137,19
3600139,13
3600140,20
3600141,22
3600143,21
3600148,2
3600149,62
3600150,84
3600152,1
3600153,67
3600154,1
3600155,80
3600158,2
3600163,44
3600164,6
3600165,462
3600166,108
3600167,1
3600168,88
3600170,6
3600173,13
3600182,92
3600183,89
3600184,83
3600185,471
3600190,308
3600191,13
3600193,80
3600195,109
3600196,8
3600197,1
3600198,5
3600199,26
3600207,36
3600210,46
3600212,23
3600215,185
3600216,23
3600217,79
3600218,33
3600225,2
3600226,67
3600233,89
3600236,1
3600238,7
3600239,3
3600241,30
3600243,40
3600246,24
3600249,75
3600250,12
3600251,131
3600254,28
3600259,25
3600260,52
3600261,83
3600263,187
3600265,161
3600266,4
3600268,1
3600269,12
3600270,3
3600271,237
3600274,21
3600276,42
3600277,34
3600512,19
3600513,2
3600516,32
3600518,82
3600598,1
3600606,6
3600655,2
3600657,10
3600675,1
3600795,1
3600796,64
3600797,3
3600799,27
3600806,5
3600807,7
3600808,8
3600809,60
3600813,134
3600821,929
3600823,1192
3600830,93
3600834,158
3600835,136
3600836,196
3600837,79
3600838,30
3600840,1483
3600842,16
3600844,15
3600845,108
3600846,4
3600852,8
3600855,3
3600856,277
3600868,30
3600871,4
3600879,12
3600880,15
3600884,108
3600895,4
3600897,104
3600899,31
3600900,9
3600902,1
3600904,91
3600906,390
3600907,468
3600909,4
3600917,520
3600921,31
3600924,206
3600925,377
3600926,935
3600927,21
3600929,688
3600930,116
3600934,3
3600938,41
3600943,2
3600957,205
3600958,2165
3600959,136
3600962,64
3600963,835
3600964,65
3600967,252
3600968,211
3600970,1358
3601038,6
3601041,8
3601042,8
3601046,9
3601048,4
3601086,17
3601087,2
3601091,2
3601107,19
3601110,148
3601187,1
3601203,1
3601209,13
3601226,51
3601241,13
3601261,5
3601262,12
3601277,2
3601301,179
3601302,64
3601304,6
3601325,1
3601329,16
3601343,29
3601387,42
3601415,3
3601423,5
3601430,80
3601433,11
3601471,19
3601527,3
3601533,30
3601558,1
3601673,1
3601677,8
3601698,3
3601708,3
3601714,1
3601716,3
3601717,13
3601724,30
3601725,26
3601726,1
3601733,158
3601734,205
3601735,1
3601738,1
3601751,1
3601760,356
3601761,376
3601770,55
3601781,49
3601789,5
3601811,2
3601818,7
3601826,2
3601833,5
3601836,1
3601840,2
3601854,2
3601860,1
3601877,5
3601886,1
3601889,2
3601891,24
3601892,90
3601919,13
3601920,31
3601936,1
3601954,45
3601956,8
3601962,1
3601965,194
3601966,397
3601968,4
3601973,2
3601975,54
3601977,419
3602000,1
3602012,1
3602014,3
3602015,12
3602021,11
3602022,3
3602049,1
3602053,12
3602067,3
3602073,140
3602085,22
3602105,4
3602127,20
3602152,1
3602156,1
3602157,4
3602163,17
3602164,2
3602176,9
3602189,4
3602234,91
3602237,11
3602239,70
3602242,9
3602247,14
3602255,3
3602260,13
3602275,2
3602278,8
3602299,12
3602362,21
3602370,11
3602372,3
3602374,740
3602391,17
3602396,1
3602398,405
3602404,1490
3602405,419
3602448,468
3602524,1
3602581,223
3602603,7
3602627,14
3602628,29
3602656,37
3602665,19
3602667,254
3602681,1
3602685,2
3602686,2
3602690,43
3602695,118
3602703,26
3602704,10
3602713,95
3602715,167
3602725,50
3602736,40
3602738,31
3602755,9
3602761,3
3602767,1
3602773,29
3602774,2
3602777,8
3602778,2
3602781,5
3602784,23
3602786,1
3602794,1
3602810,11
3602833,2
3602853,2
3602854,9
3602856,19
3602883,1
3602922,3
3602923,54
3602945,44
3602948,4
3602949,16
3602999,1
3603000,5
3603002,7
3603012,2
3603015,1
3603023,5
3603047,29
3603093,20
3603107,83
3603118,6
3603121,13
3603122,146
3603124,1
3603130,11
3603131,1
3603135,149
3603137,7
3603138,24
3603140,2
3603152,7
3603153,28
3603155,11
3603157,16
3603161,35
3603162,2
3603164,20
3603165,19
3603167,1
3603168,7
3603175,4
3603181,10
3603182,3
3603183,29
3603186,1
3603187,3
3603196,34
3603197,3
3603200,15
3603204,44
3603215,16
3603217,11
3603219,11
3603220,10
3603222,9
3603225,1
3603227,4
3603229,1
3603248,173
3603254,1
3603258,4
3603259,93
3603260,2
3603287,4
3603298,23
3603302,19
3603304,3
3603326,7
3603328,142
3603329,88
3603330,16
3603336,11
3603346,23
3603348,7
3603352,6
3603375,16
3603425,85
3603429,18
3603430,9
3603431,1
3603432,140
3603434,12
3603436,46
3603441,34
3603442,23
3603448,153
3603456,33
3603458,7
3603460,167
3603461,1
3603508,19
3603509,20
3603517,15
3603535,4
3603543,9
3603554,1
3603555,29
3603559,40
3603561,127
3603562,15
3603634,19
3603636,81
3603986,8
3604007,10
3604015,1
3604025,6
3604031,58
3604033,3
3604046,2
3604078,9
3604079,12
3604080,44
3604109,1
3604138,16
3604139,109
3604147,4
3604152,31
3604167,32
3604171,1
3604174,6
3604175,100
3604187,2
3604191,11
3604192,7
3604243,56
3604244,2
3604254,1
3604260,7
3604261,10
3604263,43
3604268,2
3604281,791
3604287,60
3604291,12
3604293,41
3604294,18
3604297,27
3604299,7
3604302,28
3604311,1
3604348,1
3604361,6
3604372,13
3604383,88
3604392,11
3604403,8
3604595,45
3604596,5
3604597,379
3604627,25
3604629,2
3604645,8
3604646,34
3604658,2
3604665,57
3604670,1
3604673,4
3604675,36
3604680,15
3604684,52
3604687,22
3604699,16
3604701,5
3604705,2
3604713,10
3604731,6
3604766,2
3604769,1
3604774,1
3604778,2
3604779,13
3604780,11
3604782,44
3604796,5
3604803,4
3604849,3
3604852,1088
3604853,261
3604854,10
3604864,11
3604868,27
3604943,6
3604969,1
3604998,4
3604999,34
3605001,1
3605018,2972
3605019,1
3605022,1
3605023,35
3605031,101
3605038,133
3605039,5
3605050,1
3605065,161
3605073,2
3605077,6
3605079,6
3605095,2
3605097,5
3605105,54
3605122,13
3605123,171
3605127,1
3605128,6
3605132,37
3605143,1
3605144,1
3605147,2
3605199,5
3605205,60
3605206,14
3605207,47
3605208,33
3605329,1
3605362,39
3605374,750
3605378,15
3605380,1
3605396,2
3605402,1
3605417,30
3605421,1
3605427,1
3605430,59
3605434,9
3605450,7
3605462,1
3605464,31
3605466,2848
3605471,2
3605493,3
3605495,1
3605508,221
3605510,3
3605513,110
3605515,12
3605518,5
3605527,61
3605528,44
3605529,10
3605540,1
3605548,3
3605553,2
3605586,1
3605587,7
3605591,3
3605598,1
3605616,34
3605622,5
3605643,9
3605645,4
3605653,34
3605658,309
3605666,9
3605672,2
3605675,1
3605684,1
3605689,1
3605690,18
3605691,16
3605699,32
3605708,418
3605728,1
3605732,2
3605780,3
3605805,7
3605827,1
3605828,3
3605836,1
3605855,5
3605857,2
3605871,1
3605873,3
3605874,2
3605895,3
3605915,3
3605944,2
3605948,1
3605951,5
3605953,15
3605974,3
3605999,2
3606000,38
3606018,607
3606027,1
3606029,2
3606030,2
3606031,4
3606035,1
3606036,5
3606037,45
3606048,2
3606069,2
3606071,10
3606076,1
3606078,171
3606096,12
3606100,1
3606119,1
3606123,4
3606126,42
3606127,17
3606132,4
3606146,55
3606150,12
3606173,1
3606189,10
3606190,21
3606210,3
3606211,6
3606212,34
3606225,2
3606232,1
3606242,2
3606274,2
3606275,2
3606279,5
3606281,1
3606289,93
3606301,7
3606312,8
3606314,1
3606324,1
3606325,2
3606330,6
3606352,1
3606380,7
3606384,7
3606390,14
3606413,17
3606428,22
3606432,2
3606438,38
3606440,1
3606448,3
3606453,1
3606468,389
3606469,9
3606473,1
3606474,15
3606475,256
3606478,42
3606480,14
3606488,3
3606526,1
3606530,5
3606553,3
3606583,228
3606586,13
3606593,4
3606602,3
3606613,3
3606617,1
3606620,3
3606663,6
3606670,5
3606676,8
3606677,15
3606678,2
3606682,2
3606684,15
3606700,1
3606709,4
3606727,2
3606729,2
3606742,2
3606745,1
3606753,17
3606755,1
3606757,1
3606771,8
3606776,6
3606777,3
3606787,4
3606790,1
3606802,9
3606815,4
3606816,1
3606822,21
3606823,1
3606829,19
3606831,1
3606841,2
3606842,1
3606843,1
3606857,1
3606860,32
3606862,11
3606871,4
3606873,139
3606875,41
3606877,7
3606880,1
3606887,5
3606888,28
3606900,1
3606903,1
3606905,4
3606912,1
3606923,35
3606928,1
3606929,3
3606930,15
3606932,6
3606935,4
3606947,3
3606954,2
3606961,6
3606965,118
3606967,941
3606969,1
3606980,64
3606989,1
3606990,13
3607005,5
3607019,2
3607028,186
3607030,11
3607041,1
3607045,142
3607052,1
3607053,1
3607055,1
3607068,7
3607079,13
3607080,9
3607088,1
3607089,2
3607093,2
3607096,1
3607105,5
3607106,11
3607111,21
3607112,3
3607120,1
3607125,5
3607128,1
3607129,1
3607133,1
3607141,1
3607146,20
3607152,39
3607156,37
3607158,1
3607161,41
3607166,4
3607170,9
3607171,1
3607172,7
3607175,3
3607184,3
3607190,1
3607192,5
3607194,15
3607202,1
3607205,15
3607212,1
3607214,28
3607215,1
3607228,16
3607230,2153
3607240,1
3607241,18
3607248,4
3607249,1
3607257,2
3607259,2
3607264,4
3607265,2
3607266,30
3607269,1
3607270,10
3607271,2
3607275,4
3607276,3
3607283,2
3607288,4
3607289,2
3607291,4
3607298,32
3607300,41
3607305,2
3607317,14
3607319,1
3607323,1
3607328,7
3607329,1
3607339,8
3607341,19
3607359,2
3607362,1
3607366,1
3607376,4
3607377,4
3607383,1
3607384,32
3607385,1
3607389,1
3607394,2
3607396,3
3607399,16
3607402,2
3607403,2
3607405,1
3607414,1
3607416,1649
3607420,1
3607431,24
3607433,53
3607437,3
3607446,48
3607453,2
3607456,1
3607458,5
3607460,1
3607463,304
3607465,3
3607467,1
3607474,30
3607478,3
3607479,5
3607480,18
3607488,16
3607491,3
3607493,4
3607504,23
3607505,5
3607514,2
3607518,2
3607532,77
3607535,2
3607547,1
3607548,1
3607550,4
3607551,1
3607554,1
3607557,2
3607558,6
3607561,5
3607568,15
3607570,3
3607571,4
3607573,1
3607579,6
3607588,3
3607593,6
3607599,1
3607601,9
3607602,1
3607608,17
3607616,40
3607619,2
3607623,4
3607627,20
3607628,15
3607636,3
3607639,8
3607645,38
3607646,27
3607653,146
3607659,4
3607664,2
3607667,22
3607670,7
3607673,3
3607674,1
3607681,3
3607686,1
3607687,3
3607688,17
3607691,410
3607699,1
3607703,2
3607707,13
3607715,3
3607716,11
3607717,3
3607720,1
3607727,34
3607729,4
3607737,7
3607741,1
3607746,23
3607747,27
3607755,9
3607756,6
3607767,5
3607768,1
3607769,1
3607770,2
3607774,3
3607779,1
3607781,11
3607783,1
3607788,1
3607793,2
3607795,20
3607796,2
3607797,2
3607805,79
3607806,2
3607808,3
3607810,8
3607813,2
3607814,4
3607816,2
3607823,1
3607828,36
3607832,13
3607838,127
3607842,16
3607843,56
3607846,1
3607847,13
3607850,1
3607853,1
3607854,1
3607855,47
3607856,2
3607858,1
3607862,4
3607869,1
3607870,12
3607876,10
3607879,45
3607882,2
3607885,112
3607886,1
3607888,2
3607889,11
3607892,3
3607896,1
3607897,13
3607902,1
3607904,1
3607909,8
3607922,1
3607923,43
3607927,37
3607928,8
3607940,4
3607946,5
3607952,1
3607955,1
3607959,38
3607962,26
3607967,2
3607972,57
3607973,11
3607978,1
3607979,56
3607982,2
3607984,1
3607987,94
3607994,6
3607995,1
3607997,1
3607999,32
3608000,1
3608003,27
3608004,1
3608013,1
3608014,2
3608020,1
3608028,13
3608032,7
3608033,26
3608034,2
3608035,1
3608036,8
3608039,17
3608047,8
3608064,17
3608065,27
3608071,5
3608072,3
3608073,3
3608074,1
3608076,2
3608079,1
3608083,15
3608084,3
3608086,2
3608089,100
3608093,75
3608094,1
3608097,2
3608100,28
3608102,6
3608107,2
3608111,28
3608113,4
3608117,9
3608118,5
3608120,11
3608128,29
3608133,3
3608135,135
3608136,9
3608138,27
3608139,153
3608148,10
3608151,2
3608154,23
3608155,19
3608156,2
3608163,10
3608165,17
3608173,1
3608174,74
3608176,17
3608183,22
3608186,3
3608187,13
3608189,3
3608191,11
3608194,3
3608195,8
3608204,4
3608208,4
3608210,9
3608214,55
3608216,3
3608217,1
3608219,3
3608221,2
3608222,5
3608223,147
3608227,1
3608232,10
3608233,4
3608235,4
3608240,3
3608243,6
3608246,1
3608247,10
3608250,1
3608253,5
3608254,2
3608255,113
3608259,4
3608262,2
3608265,16
3608267,9
3608270,1
3608272,2
3608276,10
3608278,96
3608282,20
3608284,63
3608288,1
3608290,1
3608294,33
3608296,1
3608300,5
3608301,4
3608306,1
3608316,4
3608320,3
3608324,70
3608326,1
3608327,2
3608329,50
3608334,1
3608335,6
3608336,10
3608337,3
3608340,1
3608341,6
3608342,3
3608345,1
3608346,4
3608347,23
3608350,3
3608354,3
3608360,14
3608374,3
3608375,93
3608376,1
3608381,3
3608382,1
3608385,1
3608391,3
3608393,3
3608398,37
3608400,1
3608401,179
3608404,12
3608410,31
3608416,6
3608419,1
3608421,2
3608422,16
3608425,1
3608426,6
3608432,2
3608435,141
3608439,42
3608442,4
3608445,91
3608446,22
3608453,2
3608454,1
3608461,5
3608462,1
3608463,1
3608465,11
3608466,3
3608467,10
3608470,19
3608478,1
3608482,2
3608484,50
3608485,2
3608486,1
3608487,50
3608489,4
3608494,5
3608497,14
3608498,1
3608500,1
3608501,2
3608502,1
3608503,1
3608505,1
3608508,33
3608512,33
3608517,1
3608518,1
3608519,2
3608520,1
3608521,1
3608525,155
3608527,1
3608533,1
3608537,3
3608538,3
3608539,2
3608540,16
3608543,1
3608544,6
3608548,13
3608550,30
3608553,10
3608555,16
3608560,5
3608561,2
3608567,22
3608568,1
3608569,1
3608571,107
3608573,1
3608574,1
3608575,8
3608580,1
3608581,33
3608583,2
3608590,7
3608593,8
3608595,2
3608596,4
3608597,46
3608598,1
3608599,11
3608602,1
3608603,94
3608608,1
3608610,1
3608613,1
3608614,17
3608616,1
3608617,8
3608620,2
3608621,2
3608622,65
3608628,10
3608636,59
3608637,1
3608645,75
3608647,2
3608649,80
3608652,3
3608654,2
3608670,1
3608672,6
3608673,2
3608676,5
3608677,4
3608678,17
3608680,1
3608681,2
3608683,12
3608690,7
3608694,51
3608695,1
3608697,16
3608701,106
3608702,1
3608704,102
3608713,1
3608714,1
3608715,4
3608716,2
3608718,1
3608719,49
3608721,1
3608725,82
3608726,50
3608727,5
3608728,1
3608729,4
3608731,6
3608732,3
3608733,15
3608735,29
3608736,1
3608741,56
3608744,1
3608745,68
3608746,266
3608747,6
3608749,3
3608750,4
3608757,1
3608763,29
3608765,1
3608766,23
3608769,3
3608773,12
3608774,1
3608775,1
3608777,1
3608779,1
3608780,42
3608783,3
3608784,17
3608785,84
3608800,10
3608802,4
3608803,67
3608804,10
3608810,10
3608811,1
3608813,5
3608815,1
3608817,8
3608822,3
3608831,11
3608835,1
3608836,106
3608841,116
3608844,1
3608847,30
3608848,3
3608850,174
3608852,1
3608853,4
3608854,5
3608860,13
3608862,120
3608864,16
3608867,3
3608871,4
3608876,10
3608877,3
3608878,1
3608880,20
3608882,2
3608886,10
3608891,51
3608894,3
3608895,8
3608897,15
3608898,3
3608899,1
3608906,2
3608907,1
3608913,3
3608923,1
3608933,1
3608937,1
3608942,1
3608948,2
3608949,8
3608955,2
3608977,9
3608980,32
3608983,1
3608984,1
3608985,1
3608988,3
3608989,1
3609000,9
3609005,78
3609033,31
3609044,1
3609050,4
3609051,6
3609054,12
3609056,1
3609058,47
3609061,2
3609068,12
3609071,2
3609074,15
3609075,37
3609081,5
3609086,2
3609090,10
3609122,16
3609127,162
3609131,8
3609137,19
3609140,1
3609146,2
3609154,1
3609157,1
3609159,47
3609166,24
3609169,7
3609172,3
3609175,2
3609177,4
3609178,1
3609183,2
3609184,15
3609187,1
3609188,2
3609189,1
3609190,4
3609193,7
3609194,1
3609196,1
3609197,1
3609199,2
3609210,24
3609214,2
3609215,2
3609224,91
3609226,2
3609230,1
3609244,1
3609245,1
3609246,17
3609251,1
3609254,2
3609260,69
3609272,3
3609274,1
3609276,2
3609286,4
3609287,32
3609289,4
3609305,1
3609306,1
3609308,48
3609310,10
3609311,5
3609314,6
3609316,1
3609318,18
3609320,3
3609322,12
3609324,3
3609326,345
3609342,55
3609350,5
3609355,27
3609357,2
3609358,1
3609371,132
3609375,5
3609380,2
3609386,3
3609387,4
3609388,1
3609394,31
3609395,1
3609399,2
3609400,1
3609401,37
3609406,2
3609407,71
3609414,2
3609415,1
3609420,1
3609429,1
3609435,3
3609436,18
3609437,90
3609442,2
3609444,1
3609445,5
3609464,34
3609468,20
3609471,1
3609474,2
3609477,52
3609486,1
3609492,1
3609497,1
3609498,2
3609501,2
3609515,11
3609525,7
3609526,1
3609529,1
3609542,3
3609548,3
3609549,96
3609553,7
3609564,1
3609568,5
3609574,4
3609590,2
3609595,15
3609603,24
3609604,9
3609605,9
3609614,1
3609628,1
3609629,1
3609632,1
3609635,1
3609637,11
3609650,1
3609654,8
3609657,16
3609666,54
3609691,13
3609697,12
3609698,5
3609732,1
3609750,24
3609756,2
3609764,1
3609768,10
3609778,1
3609792,1
3609796,1
3609812,1
3609824,2
3609831,1
3609832,7
3609840,1
3609843,2
3609852,2
3609869,1
3609878,1
3609879,2
3609881,1
3609886,1
3609887,1
3609888,4
3609891,3
3609893,63
3609895,1
3609923,7
3609939,35
3609954,2
3609956,3
3609962,4
3609963,2
3609972,55
3609973,41
3609974,23
3609984,1
3609997,2
3610007,3
3610009,6
3610012,7
3610020,1
3610032,2
3610036,4
3610041,32
3610045,260
3610047,5
3610083,1
3610089,53
3610105,3
3610107,9
3610136,1
3610138,5
3610150,2
3610152,7
3610155,3
3610161,2
3610162,1
3610165,1
3610171,2
3610210,2
3610213,2
3610217,1
3610219,4
3610222,10
3610225,9
3610232,1
3610245,1
3610247,7
3610248,1
3610253,1
3610257,1
3610264,1
3610272,1
3610273,1
3610284,1
3610289,1
3610290,1
3610302,1
3610308,1
3610313,1
3610332,4
3610341,1
3610373,2
3610377,1
3610385,1
3610400,1
3610406,1
3610410,1
3610424,1
3610430,2
3700001,2
3700002,16
3700060,6
3700064,6
3700068,4
3700070,6
3700074,5
3700076,6
3700086,1
3700093,54
3700107,2
3700156,8
3700180,5
3700182,3
3700183,14
3700185,1
3700188,14
3700192,2
3700196,1
3700199,1
3700202,4
3700208,1
3700211,1
3700212,3
3700219,1
3700243,1
3800002,35
3800003,48
3800004,69
3800007,439
3800010,27
3800012,22
3800013,82
3800014,403
3800016,80
3800020,16
3800026,27
3800027,12
3800033,1
3800038,13
3800039,3
3800041,75
3800052,82
3800054,67
3800055,1
3800065,3
3800068,26
3800072,32
3800085,93
3800086,36
3800099,1
3800115,19
3800120,85
3800121,33
3800122,23
3800124,5
3800125,3
3800127,10
3800128,1
3800129,1
3800130,38
3800133,1
3800136,14
3800138,105
3800140,6
3800141,1
3800146,31
3800152,1
3800155,17
3800156,1
3800157,31
3800158,23
3800165,3
3800230,35
3800232,20
3800233,53
3800250,43
3800258,24
3800259,2
3800294,3
3800299,30
3800305,324
3800308,29
3800310,37
3800340,28
3800350,13
3800379,1
3800388,124
3800389,2
3800525,53
3800526,2
3800527,50
3800535,1
3800536,28
3800542,1
3800543,1
3800544,1
3800545,1
3800547,1
3800555,1
3800558,5
3800567,21
3800571,3
3800575,1
3800578,1
3800579,2
3800580,101
3800582,1
3800586,6
3800589,8
3800591,8
3800596,13
3800599,1
3800600,225
3800604,1
3800605,19
3800610,1
3800612,33
3800613,3
3800615,2
3800616,9
3800620,2
3800621,4
3800626,106
3800628,6
3800633,1
3800634,3
3800639,5
3800640,7
3800641,18
3800643,13
3800644,8
3800649,14
3800655,3
3800662,15
3800664,2
3800667,21
3800671,4
3800673,1
3800681,1
3800682,2
3800683,5
3800686,12
3800693,1
3800702,2
3800704,11
3800710,5
3800714,1
3800715,14
3800719,1
3800720,1
3800721,5
3800728,1
3800729,4
3800731,1
3800732,2
3800738,2
3800742,1
3800744,1
3800747,1
3800748,1
3800749,1
3800752,8
3800754,1
3800758,1
3800760,1
3800764,1
3800773,1
3900008,85
3900009,112
3900010,2
3900011,52
3900012,204
3900014,36
3900015,82
3900020,244
3900022,435
3900024,26
3900025,53
3900029,111
3900030,88
3900049,144
3900055,2225
3900062,19
3900180,17
3900213,8
3900225,6
3900226,8
3900230,3
3900233,23
3900246,4
3900258,19
3900292,3
3900305,30
3900428,23
3900440,2
3900441,1
3900456,1
3900465,1
3900513,10
3900708,9
3900752,1
3900758,1
3900774,1
3900798,1
3900800,7
3900914,4
3900925,19
3900967,287
3901010,7
3901022,16
3901025,4
3901039,1
3901076,17
3901093,3
3901125,41
3901131,1
3901139,1
3901153,2
3901158,37
3901165,1
3901189,12
3901223,1
3901224,4
3901226,1
3901242,1
3901246,16
3901265,21
3901268,10
3901282,299
3901284,95
3901288,35
3901303,17
3901313,1
3901314,2
3901316,6
3901317,22
3901318,5
3901319,22
3901322,2
3901323,34
3901324,2
3901326,1
3901332,1
3901338,3
3901344,1
3901351,1
3901359,60
3901361,72
3901362,104
3901363,37
3901367,1
3901369,1
3901371,1
3901381,6
3901382,10
3901393,1
3901396,1
3901397,6
3901398,9
3901400,2
3901401,1
3901408,4
3901411,1
3901412,1
3901413,6
3901418,1
3901422,3
3901431,1
3901437,1
3901450,1
3901456,1
3901458,1
3901469,1
3901474,1
3901475,2
3901477,8
3901478,14
3901480,2
3901485,2
3901487,12
3901488,1
3901494,3
3901496,1
3901500,1
3901505,2
3901511,1
3901512,1
3901516,8
3901554,1
3901577,1
3901580,1
3901598,2
3901599,2
3901602,1
3901608,1
3901614,3
3901634,2
3901637,1
3901640,1
3901658,2
3901667,1
3901668,1
3901681,1
3901682,1
3901687,1
4000006,9
4000008,2
4000009,24
4000010,52
4000011,6
4000012,3
4000015,17
4000016,30
4000018,12
4000019,21
4000020,36
4000021,20
4000022,68
4000024,9
4000027,5
4000029,5
4000030,1
4000031,10
4000032,97
4000034,6
4000035,18
4000039,42
4000041,12
4000048,15
4000049,21
4000053,17
4000055,7
4000056,12
4000057,16
4000059,24
4000060,16
4000061,23
4000063,7
4000064,4
4000065,6
4000067,41
4000068,19
4000071,9
4000072,5
4000073,11
4000075,57
4000077,5
4000079,4
4000080,53
4000082,5
4000083,30
4000084,12
4000086,3
4000087,69
4000088,4
4000090,40
4000092,5
4000094,27
4000095,33
4000096,1
4000098,35
4000099,41
400010,236
4000100,10
4000102,40
4000103,24
4000104,27
4000106,38
4000107,53
4000108,10
400011,487
4000110,5
4000113,2
4000115,23
4000116,11
4000122,38
4000124,42
4000125,14
4000128,3
4000130,23
4000131,31
4000133,14
4000166,214
4000168,327
4000170,316
4000173,25
4000174,3
4000188,116
4000189,3
4000191,1
4000194,41
4000195,51
4000204,146
400021,78
400023,130
4000235,11
4000269,3
4000271,1
400030,22
4000328,51
400034,270
400035,22
400036,466
4000366,1
400037,371
400038,25
4000519,1
4000520,367
4000521,12
4000524,9
4000559,3
4000577,20
4000578,4
4000579,1
4000581,2
4000603,14
4000605,60
4000606,197
4000607,88
4000629,14
4000655,1
4000665,3
4000674,2
4000699,10
4000704,45
4000706,3
4000707,3
4000737,8
4000739,12
4000741,7
4000759,35
4000775,36
4000778,6
4000781,6
4000786,8
4000788,26
400079,20
4000792,4
4000793,76
4000797,1
4000798,8
4000803,4
4000805,20
4000806,10
400081,109
4000811,7
4000817,2
4000818,26
4000820,1
4000827,2
4000838,386
4000840,402
4000849,50
4000852,5
4000853,19
4000864,656
4000866,37
4000868,7
4000869,1
400087,1
4000883,19
4000885,3
400089,71
4000916,1
4000921,1
400097,14
400099,20
4001038,25
4001042,1
4001045,3
4001046,13
4001051,5
4001052,78
4001055,5
400107,16
4001081,3
4001089,2
4001101,1
4001103,1
400111,15
400113,3
4001137,7
4001138,32
4001144,18
4001153,32
4001166,8
4001169,33
4001175,1
4001177,17
400119,322
4001247,12
4001248,25
4001250,17
4001286,1
4001292,25
4001293,17
400131,15
4001317,3
4001323,6
4001325,7
400133,32
400135,6
400136,3
4001376,6
4001405,6
4001427,45
4001449,17
4001456,3
4001467,1
400156,130
400157,534
4001574,18
400158,106
4001586,11
400159,65
4001597,16
4001610,48
4001623,4
4001627,35
4001635,39
4001657,24
4001662,1
4001663,1
400167,211
4001680,3
4001691,1
400170,1
400173,58
400174,49
4001746,16
4001749,23
400175,23
4001751,14
4001753,11
4001764,43
4001799,6
4001808,5
4001813,42
4001814,26
4001826,3
4001861,20
4001874,27
400191,637
4001946,6
400196,329
4001977,100
4001981,93
4002009,1
4002017,5
4002031,5
4002036,14
4002039,27
400204,24
4002040,32
4002045,66
400205,8
4002052,1
4002054,6
4002074,2
4002075,21
4002111,1
4002113,74
4002114,6
400213,387
4002157,7
4002160,4
4002165,1
4002169,1
400217,26
4002175,1
4002177,4
4002178,13
4002187,5
400219,247
4002198,1
4002210,6
4002213,120
4002233,9
400224,29
4002240,16
400226,22
4002268,13
4002271,4
4002274,2
4002278,3
400228,37
4002295,1
4002305,1
400231,54
400232,66
4002332,4
4002346,7
4002353,103
4002354,1
4002368,10
4002370,1
400239,16
4002391,19
4002408,1
4002435,1
4002447,1
4002465,4
4002467,18
4002469,19
400247,1
4002484,1
4002488,12
4002501,1
4002513,15
4002515,1
4002516,1
4002519,2
4002528,20
4002542,32
4002545,156
4002546,17
4002554,8
4002557,6
4002558,48
4002565,24
4002576,1
4002580,11
4002611,72
4002633,15
4002648,31
4002659,1
4002666,38
4002674,2
4002685,1
4002699,3
4002701,3
4002704,15
4002707,19
4002708,3
4002710,2
4002711,15
4002714,4
4002717,2
4002722,11
4002725,5
4002730,49
4002738,2
4002741,30
400275,3
4002750,7
4002755,5
400276,16
4002766,32
4002768,6
4002770,2
4002775,19
4002779,1
4002788,3
4002791,1
4002794,1
4002795,4
4002797,4
4002801,19
4002804,35
4002807,30
400281,550
4002812,2
4002814,11
4002816,9
4002818,2
4002822,5
4002826,2
4002828,4
4002829,1
4002830,21
4002831,19
4002833,1
4002834,1
4002839,28
400284,21
4002840,12
4002841,48
4002844,1
4002849,3
4002859,5
4002869,50
4002872,7
4002875,46
4002876,1
4002880,5
4002881,4
4002885,4
4002892,5
4002894,31
4002899,8
4002901,12
4002903,2
4002910,4
4002911,2
4002912,14
4002921,2
4002924,7
4002925,10
4002926,2
4002932,8
4002934,27
4002935,3
4002936,1
4002937,21
4002940,18
4002941,1
4002943,7
4002944,39
4002946,11
4002947,16
4002948,10
4002951,15
4002953,1
4002960,4
4002961,5
4002962,9
4002964,90
4002966,3
4002967,3
4002968,189
400297,8
4002970,47
4002971,107
4002972,25
4002975,1
4002976,9
4002979,10
4002981,18
4002982,10
4002983,6
4002984,5
4002985,10
4002988,2
4002993,64
4002996,51
4002997,1
4002998,4
4002999,2
4003000,4
4003001,13
4003002,1
4003005,1
4003006,1
4003011,48
4003012,21
4003014,3
4003016,5
4003019,11
4003020,3
4003021,1
4003022,1
4003026,11
4003027,1
4003032,12
4003033,5
4003040,15
4003041,5
4003042,2
4003043,1
4003045,2
4003048,9
4003053,2
4003059,1
4003060,4
4003062,1
4003063,13
4003065,48
4003067,6
4003068,5
4003069,78
4003071,1
4003072,1
4003074,1
4003075,5
4003082,126
4003088,3
4003091,7
4003092,39
4003093,6
4003094,32
4003095,5
4003097,14
4003098,2
4003102,4
4003103,7
4003105,13
4003106,3
4003107,14
4003108,5
4003109,7
4003110,1
4003111,2
4003112,1
4003113,4
4003115,4
4003117,3
4003119,1
4003121,16
4003122,13
4003123,5
4003125,1
4003132,1
4003134,3
4003135,28
4003137,4
4003139,4
4003141,2
4003142,6
4003143,58
4003144,5
4003146,1
4003147,10
4003148,11
4003152,1
4003153,5
4003154,2
4003156,1
4003157,1
4003159,16
4003161,3
4003164,9
4003165,12
4003167,17
4003168,10
4003170,1
4003174,1
4003175,7
4003177,56
4003179,4
4003180,26
4003181,2
4003183,11
4003184,2
4003187,3
4003189,12
4003192,3
4003193,11
4003195,2
4003196,14
4003197,2
4003198,3
4003199,3
4003204,16
4003206,2
4003208,48
4003209,2
4003211,1
4003213,9
4003214,1
4003217,22
4003218,9
4003223,1
4003224,4
4003227,1
4003230,2
4003231,2
4003237,51
4003241,1
4003246,1
4003254,1
4003264,3
4003269,1
4003270,3
4003272,43
4003273,1
4003275,2
4003277,1
4003279,10
4003280,2
4003288,1
4003292,1
4003298,6
4003315,2
4003320,6
4003323,1
4003327,5
4003328,33
4003330,2
4003333,2
4003337,1
4003338,6
4003343,1
4003344,1
4003346,3
4003351,4
4003352,2
4003353,2
4003354,4
4003365,42
4003366,2
4003371,1
4003376,10
4003384,3
4003392,2
4003395,3
4003398,2
4003401,1
4003412,1
4003415,2
4003441,26
4003447,7
400351,2
4003529,3
4003530,9
4003538,1
4003539,1
4003545,1
4003552,1
4003553,1
4003562,1
4003564,1
4003565,2
4003566,2
400357,1
4003570,1
4003572,3
4003579,1
4003591,1
400362,5
4003621,1
4003645,1
400491,5
400539,4
400551,4
400555,111
400557,3
400558,2
400562,52
400581,4
400588,26
400599,123
400600,41
400659,20
400726,112
400743,615
400894,6
400898,6
400899,18
400915,44
400929,26
400946,31
401009,3
401017,1
401036,15
401049,16
401061,19
401062,49
401097,10
401098,2
401104,23
401106,2
401125,6
401127,2
401140,12
401299,64
401610,18
401614,3
401616,24
401676,30
401679,17
401680,156
401688,11
401690,73
401693,25
401696,155
401698,39
401699,4
401700,128
401704,1
401710,9
401711,41
401712,22
401724,4
401727,2
401731,4
401734,59
401736,176
401738,14
401740,57
401742,1
401746,5
401751,1
401755,3
401760,1
401763,70
401769,13
401770,8
401774,9
401780,6
401782,6
401787,4
401789,48
401790,115
401791,3
401793,17
401797,11
401800,43
401801,7
401807,17
401808,37
401819,54
401824,9
401825,51
401827,144
401828,24
401829,55
401830,9
401832,16
401835,3
401838,213
401841,5
401842,71
401843,24
401846,39
401847,19
401848,58
401854,43
401859,93
401861,3
401862,7
401865,1
401869,33
401871,14
401877,1
401878,142
401879,28
401880,111
401882,21
401885,29
401886,60
401888,114
401889,47
401890,21
401891,154
401895,71
401896,30
401897,23
401904,2
401906,101
401910,7
401915,5
401920,4
401924,178
401929,18
401930,4
401932,48
401933,125
401934,33
401937,32
401943,28
401946,21
401949,66
401950,20
401952,9
401956,52
401957,5
401959,39
401961,1
401966,52
401972,60
401973,12
401974,7
401977,1
401984,86
401986,33
401987,27
401989,6
401991,4
401996,36
401999,31
402001,1
402003,1
402020,49
402065,3
402077,15
402098,58
402100,2
402104,4
402125,30
402177,1
402251,24
402261,21
402304,65
402315,1
402321,3
402347,3
402351,3
402363,3
402377,3
402380,38
402382,5
402386,222
402459,4
402509,1
402511,4
402542,303
402547,11
402550,3
402620,1
402634,53
402638,123
402649,2
402653,4
402664,5
402681,5
402685,23
402695,3
402696,21
402708,12
402714,5
402763,21
402764,2
402767,1
402774,19
402775,2
402781,14
402792,39
402801,192
402815,38
402828,34
402841,23
402843,66
402846,146
402848,971
402860,8
402866,69
402880,8
402884,56
402898,7
402911,13
402964,168
402965,1
402978,31
402999,1
403002,7
403008,33
403027,13
403029,1
403031,25
403107,53
403108,55
403110,6
403126,18
403138,32
403143,19
403177,16
403178,27
403200,91
403227,1
403299,24
403309,19
403351,7
403366,8
403367,2
403373,1
403404,1
403425,44
403447,13
403489,28
403493,3
403496,4
403554,10
403569,4
403623,12
403646,127
403648,25
403651,7
403684,10
403698,1
403732,1
403761,12
403762,1
403821,78
403828,4
403859,2
403871,55
403886,95
403955,2
403993,1
404031,5
404053,131
404056,438
404072,9
404075,531
404080,28
404085,16
404114,3
404131,56
404140,64
404146,24
404149,3
404150,4
404157,74
404162,6
404163,8
404165,6
404196,3
404199,19
404201,3
404209,17
404218,176
404225,3
404230,90
404240,2
404241,1
404242,1
404243,2
404244,1
404262,22
404263,11
404270,1
404275,2
404276,5
404280,2
404281,67
404282,3
404284,31
404287,41
404288,34
404289,25
404301,1
404313,2
404334,2
404345,41
404346,2
404347,7
404348,143
404349,1
404350,4
404351,13
404352,1
404354,5
404356,6
404357,2
404360,16
404361,20
404373,1
404380,2
404390,6
404393,4
404395,2
404410,2
404412,1
404417,1
404421,6
404443,22
404444,2
404457,1
404462,320
404468,1
404470,6
404480,13
404482,2
404483,11
404486,2
404490,1
404492,10
404496,25
404502,78
404503,11
404513,3
404516,4
404528,1
404538,4
404543,25
404549,2
404558,2
404559,83
404560,1
404568,1
404585,3
404599,42
404601,2
404602,13
404608,1
404612,4
404614,400
404617,1
404618,10
404619,30
404622,10
404626,2
404627,17
404629,2
404630,8
404632,1
404634,14
404635,1
404638,7
404645,1
404646,1
404647,10
404649,1
404651,5
404652,39
404663,3
404665,22
404669,7
404671,1
404674,46
404676,9
404678,3
404680,7
404689,1
404690,10
404692,36
404695,254
404701,27
404704,4
404706,4
404708,2
404710,3
404716,142
404723,3
404724,2
404730,28
404731,3
404732,2
404736,1
404737,3
404739,1
404741,4
404744,1
404747,1
404748,6
404749,5
404752,213
404758,45
404759,1
404760,1
404761,7
404767,3
404768,17
404770,5
404772,19
404779,8
404780,43
404783,18
404784,8
404785,20
404786,9
404787,66
404788,1
404789,2
404791,13
404792,13
404794,6
404795,1
404802,37
404803,29
404804,2
404807,35
404816,86
404818,2
404819,7
404821,1
404823,7
404824,1
404825,1
404826,14
404828,3
404830,30
404831,3
404833,1
404834,1
404836,1
404840,2
404841,1
404843,47
404845,3
404846,14
404847,17
404852,1
404862,100
404863,2
404865,1
404869,63
404870,2
404871,6
404872,73
404877,1
404879,6
404881,2
404883,24
404884,35
404890,4
404894,43
404896,5
404898,5
404900,1
404904,1
404906,35
404908,3
404910,5
404912,27
404916,8
404917,31
404918,77
404923,1
404925,49
404926,6
404930,21
404932,13
404937,15
404938,2
404945,4
404946,1
404947,1
404949,12
404950,69
404954,2
404958,1
404960,16
404963,1
404965,4
404968,1
404971,1
404974,2
404977,2
404978,2
404979,1
404981,9
404982,2
404985,9
404988,2
404992,3
404997,2
404998,1
405003,30
405007,1
405016,2
405017,6
405018,3
405019,1
405020,3
405024,2
405028,1
405030,1
405036,24
405038,8
405040,1
405042,5
405049,2
405053,1
405055,2
405063,1
405065,7
405066,2
405069,1
405070,2
405071,4
405075,21
405076,2
405080,3
405082,45
405084,8
405085,1
405095,31
405096,5
405097,2
405100,3
405102,1
405103,4
405108,2
405113,6
405117,8
405124,1
405125,13
405126,1
405127,24
405131,22
405132,4
405134,43
405138,2
405139,11
405140,40
405141,26
405146,9
405150,6
405152,1
405153,2
405156,11
405157,8
405159,91
405160,2
405163,2
405164,16
405169,8
405172,14
405173,1
405178,2
405179,1
405180,17
405181,3
405184,2
405185,11
405188,13
405189,10
405202,1
405206,6
405210,36
405211,1
405214,4
405215,1
405216,52
405217,44
405218,1
405219,1
405221,1
405222,11
405227,2
405234,6
405236,1
405237,1
405242,71
405247,1
405249,6
405258,1
405261,5
405271,2
405273,5
405275,3
405276,94
405277,14
405278,6
405280,1
405281,1
405282,7
405290,18
405291,1
405292,2
405294,2
405300,3
405301,2
405302,1
405303,1
405308,2
405313,2
405319,60
405326,1
405330,7
405336,8
405337,3
405338,12
405349,3
405355,3
405356,2
405362,1
405364,7
405365,10
405368,1
405371,17
405373,4
405374,1
405385,5
405386,3
405392,14
405396,1
405403,4
405407,7
405421,1
405425,3
405432,15
405433,1
405435,1
405441,1
405447,4
405448,5
405451,2
405453,2
405457,3
405459,5
405462,1
405471,1
405474,10
405481,24
405482,5
405488,3
405490,1
405497,1
405498,3
405499,1
405501,1
405502,21
405503,5
405504,12
405511,1
405514,8
405515,1
405516,6
405518,2
405520,3
405524,1
405528,2
405532,2
405533,57
405536,5
405539,1
405540,7
405545,8
405547,7
405554,1
405561,7
405562,1
405564,17
405570,3
405572,1
405574,1
405596,3
405614,5
405615,1
405617,5
405626,2
405629,1
405635,72
405638,8
405653,14
405655,1
405660,2
405663,2
405665,1
405671,3
405677,7
405683,1
405690,6
405693,5
405700,1
405701,167
405707,2
405710,2
405714,2
405715,1
405717,8
405727,3
405732,5
405734,5
405742,1
405750,3
405753,3
405777,1
405778,1
405779,1
405781,1
405783,2
405791,1
405799,5
405802,1
405806,1
405825,2
405833,2
405838,2
405845,2
405846,3
405847,14
405887,21
405888,1
405893,1
405901,1
405907,7
405908,6
405917,1
405927,1
405932,2
405943,1
405951,1
405952,3
405954,7
405961,1
405971,1
4100001,525
4100006,31
4100007,247
4100009,8
4100010,245
4100013,129
4100016,3
4100017,8
4100019,48
4100022,36
4100023,30
4100024,2
4100025,227
4100026,307
4100035,6
4100038,46
4100046,77
4100047,20
4100054,10
4100055,53
4100057,43
4100059,256
4100060,273
4100061,25
4100062,21
4100065,10
4100066,28
4100069,267
4100070,71
4100071,562
4100072,318
4100075,28
4100076,94
4100078,226
4100079,165
4100081,60
4100083,47
4100084,9
4100116,4
4100120,37
4100125,5
4100148,15
4100241,1
4100242,1
4100244,1
4100249,2
4100252,23
4100253,81
4100262,103
4100264,6
4100265,10
4100267,42
4100276,2
4100283,446
4100293,2
4100298,167
4100303,12
4100305,6
4100308,12
4100309,5
4100320,1827
4100355,47
4100356,268
4100368,8
4100787,43
4100847,82
4100850,18
4100851,11
4100852,28
4100867,46
4100869,74
4100906,2362
4100908,4
4100922,29
4100937,77
4100991,44
4100994,269
4100995,6
4100996,72
4100997,13
4100998,57
4101001,44
4101002,6
4101003,83
4101005,2
4101007,4
4101032,5
4101041,4
4101043,23
4101048,32
4101059,130
4101066,5
4101069,77
4101071,20
4101072,121
4101074,1
4101081,6
4101088,22
4101097,4
4101101,19
4101102,6
4101106,2
4101111,66
4101112,1
4101114,1
4101118,50
4101120,2
4101124,6
4101126,22
4101128,30
4101130,4
4101132,4
4101137,12
4101138,23
4101142,1
4101143,23
4101144,15
4101146,7
4101155,18
4101157,7
4101162,53
4101163,20
4101164,28
4101166,4
4101168,44
4101171,6
4101172,36
4101174,41
4101192,532
4101216,29
4101236,9
4101238,5
4101241,46
4101242,8
4101246,1
4101248,14
4101256,12
4101295,28
4101329,7
4101334,40
4101335,287
4101336,6
4101337,16
4101342,5
4101343,14
4101344,108
4101345,3
4101349,1
4101363,15
4101368,21
4101371,105
4101472,12
4101476,8
4101477,94
4101482,3
4101483,5
4101495,63
4101496,2
4101499,30
4101502,6
4101503,4
4101518,3
4101527,24
4101628,162
4101665,7
4101696,8
4101697,23
4101776,452
4101778,18
4101782,1
4101786,88
4101792,37
4101793,4
4101816,2
4101817,3
4101849,2
4101876,1
4101887,11
4101900,506
4101901,19
4101915,10
4101916,5
4101918,5
4101923,14
4101925,55
4102113,26
4102188,34
4102201,76
4102205,2
4102239,4
4102241,83
4102248,30
4102256,18
4102282,11
4102313,1
4102319,3
4102320,22
4102321,4
4102339,3
4102363,5
4102377,40
4102383,52
4102385,8
4102386,3
4102391,2
4102392,1
4102422,34
4102426,3
4102433,4
4102448,6
4102460,3
4102468,1
4102478,130
4102481,1
4102492,42
4102497,5
4102502,1
4102504,2
4102509,5
4102512,1
4102513,1
4102515,26
4102522,11
4102534,2
4102541,29
4102547,29
4102564,4
4102577,2
4102585,12
4102594,1
4102596,11
4102604,36
4102610,4
4102617,17
4102632,1002
4102639,6
4102641,6
4102643,3
4102645,8
4102663,4
4102670,6
4102673,15
4102688,3
4102694,3
4102703,10
4102708,2
4102715,22
4102722,3
4102743,7
4102746,31
4102760,9
4102770,41
4102771,3
4102773,11
4102776,162
4102777,12
4102781,541
4102784,3
4102786,1
4102792,2
4102798,2
4102803,146
4102804,3
4102807,73
4102809,2
4102810,51
4102818,5
4102820,344
4102822,5
4102829,5
4102831,9
4102838,10
4102840,199
4102847,164
4102849,1
4102852,43
4102862,13
4102867,1
4102876,2
4102885,281
4102886,46
4102894,8
4102901,12
4102905,37
4102913,18
4102916,11
4102925,5
4102926,21
4102945,10
4102946,51
4102947,1
4102953,1
4102956,4
4102957,17
4102959,1
4102960,8
4102965,5
4102970,31
4102971,1
4102976,34
4102977,31
4102978,39
4102987,15
4102988,14
4102989,5
4102991,1
4102994,1
4102996,17
4102997,4
4103001,33
4103011,9
4103014,10
4103017,1
4103018,14
4103019,421
4103024,1
4103026,12
4103029,2
4103032,1
4103033,5
4103036,4
4103037,9
4103039,2
4103040,61
4103041,8
4103048,5
4103051,2
4103052,7
4103054,3
4103055,12
4103057,4
4103059,9
4103060,13
4103062,29
4103063,2
4103068,1
4103074,48
4103075,13
4103081,3
4103089,1
4103090,17
4103092,1
4103094,5
4103097,1
4103101,291
4103104,5
4103105,20
4103112,57
4103115,40
4103116,2
4103117,11
4103121,42
4103122,1
4103127,16
4103128,2
4103129,2
4103130,2
4103137,1
4103139,20
4103140,4
4103142,6
4103145,2
4103146,4
4103147,8
4103152,2
4103153,1
4103154,37
4103155,3
4103157,1
4103160,1
4103161,2
4103164,513
4103169,6
4103170,5
4103171,1
4103173,4
4103178,2
4103179,3
4103184,4
4103185,2
4103189,2
4103190,34
4103193,1
4103195,17
4103197,13
4103198,13
4103199,2
4103205,5
4103206,1
4103208,3
4103211,1
4103212,1
4103213,1
4103214,1
4103216,24
4103217,44
4103218,8
4103221,1
4103224,11
4103225,9
4103226,14
4103227,36
4103229,6
4103231,10
4103234,1
4103239,1
4103242,7
4103243,1
4103246,5
4103247,5
4103248,1
4103249,1
4103253,49
4103255,15
4103256,1
4103257,2
4103260,26
4103262,8
4103266,1
4103268,1
4103274,1
4103276,1
4103277,24
4103278,9
4103280,1
4103281,30
4103282,6
4103283,7
4103286,10
4103288,5
4103290,1
4103291,2
4103292,6
4103297,1
4103300,3
4103307,467
4103314,1
4103319,4
4103321,4
4103322,5
4103327,21
4103328,2
4103329,17
4103333,4
4103334,13
4103339,14
4103342,1
4103347,1
4103349,3
4103351,8
4103355,4
4103357,16
4103360,140
4103361,5
4103370,1
4103372,2
4103374,56
4103378,1
4103386,1
4103388,8
4103392,6
4103394,1
4103401,29
4103405,1
4103409,1
4103413,3
4103414,9
4103418,1
4103419,1
4103421,5
4103422,32
4103427,1
4103428,47
4103430,82
4103434,3
4103435,90
4103436,2
4103439,3
4103445,2
4103447,6
4103451,20
4103452,1
4103454,2
4103455,2
4103461,97
4103464,1
4103466,7
4103476,3
4103479,1
4103480,7
4103481,1
4103483,62
4103487,5
4103489,7
4103491,5
4103492,47
4103494,1
4103495,1
4103502,11
4103503,1
4103504,2
4103508,1
4103510,44
4103512,1
4103513,1
4103515,43
4103518,8
4103520,4
4103524,20
4103527,17
4103531,20
4103532,1
4103534,3
4103537,2
4103546,1
4103547,1
4103550,1
4103556,4
4103561,2
4103562,125
4103567,1
4103575,8
4103582,1
4103586,4
4103588,1
4103590,14
4103594,7
4103595,5
4103599,21
4103600,4
4103601,2
4103602,1
4103605,28
4103606,1
4103616,1
4103618,14
4103622,1
4103624,1
4103629,27
4103633,1
4103636,2
4103646,5
4103649,1
4103650,7
4103651,6
4103652,1
4103654,6
4103656,3
4103658,180
4103659,143
4103660,298
4103663,10
4103665,2
4103670,6
4103675,1
4103676,9
4103681,4
4103682,1
4103688,2
4103689,6
4103694,7
4103695,10
4103696,5
4103698,5
4103700,13
4103703,1
4103717,5
4103720,2
4103721,2
4103725,1
4103726,3
4103730,3
4103736,1
4103739,21
4103740,5
4103743,1
4103744,2
4103747,1
4103750,1
4103759,1
4103760,3
4103766,16
4103770,1
4103771,3
4103773,4
4103778,1
4103779,11
4103781,1
4103787,2
4103791,9
4103793,1
4103795,4
4103798,2
4103803,16
4103806,2
4103807,1
4103808,1
4103810,9
4103811,1
4103812,6
4103813,3
4103815,1
4103816,7
4103817,2
4103818,2
4103824,6
4103829,2
4103836,2
4103837,6
4103841,3
4103843,1
4103847,1
4103848,20
4103849,13
4103855,2
4103856,11
4103858,4
4103859,1
4103860,4
4103862,1
4103864,4
4103876,7
4103877,35
4103878,9
4103882,13
4103883,11
4103884,3
4103886,1
4103888,1
4103892,3
4103896,15
4103899,2
4103902,2
4103903,10
4103906,6
4103907,3
4103909,13
4103911,2
4103912,8
4103914,7
4103918,1
4103920,4
4103922,3
4103923,3
4103929,55
4103931,11
4103933,1
4103936,1
4103945,1
4103947,1
4103949,8
4103951,1
4103952,1
4103955,1
4103956,16
4103957,1
4103959,3
4103960,1
4103964,1
4103970,1
4103972,1
4103973,3
4103974,2
4103978,6
4103979,1
4103983,8
4103987,2
4103995,1
4103999,1
4104001,14
4104002,16
4104004,1
4104006,1
4104010,9
4104014,2
4104015,10
4104019,58
4104027,1
4104028,2
4104029,1
4104030,1
4104031,1
4104034,5
4104038,21
4104039,1
4104041,1
4104042,1
4104044,8
4104047,1
4104050,3
4104051,3
4104052,1
4104053,1
4104055,1
4104056,1
4104060,1
4104063,25
4104065,2
4104067,2
4104071,7
4104075,2
4104076,1
4104078,1
4104080,1
4104081,1
4104085,86
4104090,2
4104093,1
4104094,4
4104098,3
4104099,6
4104103,12
4104106,5
4104108,2
4104111,17
4104112,1
4104113,12
4104114,5
4104116,2
4104124,8
4104125,1
4104126,17
4104128,8
4104129,1
4104130,1
4104132,1
4104141,3
4104143,12
4104144,6
4104147,3
4104152,1
4104154,6
4104155,3
4104156,2
4104159,17
4104168,15
4104172,14
4104176,3
4104177,1
4104181,2
4104182,12
4104183,4
4104184,2
4104188,1
4104196,3
4104203,1
4104204,2
4104206,1
4104208,1
4104209,16
4104210,8
4104215,2
4104216,30
4104217,2
4104219,6
4104220,16
4104221,1
4104226,11
4104238,1
4104243,16
4104246,1
4104250,13
4104256,2
4104257,34
4104264,11
4104269,7
4104276,1
4104281,1
4104285,2
4104289,3
4104290,2
4104292,5
4104296,1
4104299,1
4104306,1
4104312,5
4104319,26
4104323,4
4104325,1
4104328,1
4104333,1
4104339,2
4104343,2
4104347,2
4104355,16
4104358,23
4104360,3
4104363,18
4104369,1
4104371,2
4104372,9
4104374,1
4104375,5
4104376,3
4104377,1
4104379,4
4104380,2
4104384,11
4104385,5
4104386,2
4104393,12
4104396,1
4104398,1
4104399,8
4104401,2
4104402,7
4104407,8
4104408,1
4104416,6
4104420,16
4104425,1
4104426,5
4104427,3
4104430,28
4104431,1
4104432,2
4104441,2
4104442,1
4104443,3
4104449,46
4104450,14
4104454,5
4104455,2
4104463,1
4104465,18
4104467,2
4104468,7
4104473,13
4104474,7
4104477,8
4104478,2
4104481,3
4104482,8
4104489,51
4104495,4
4104505,16
4104507,2
4104508,1
4104509,1
4104510,2
4104511,2
4104513,1
4104514,7
4104515,2
4104529,1
4104530,1
4104532,2
4104533,1
4104540,1
4104548,5
4104550,1
4104552,1
4104553,20
4104557,2
4104566,1
4104567,3
4104568,13
4104570,1
4104572,1
4104574,16
4104575,2
4104576,10
4104579,3
4104582,2
4104584,1
4104586,119
4104589,1
4104597,1
4104605,7
4104606,8
4104611,1
4104615,1
4104616,1
4104617,6
4104618,2
4104621,11
4104622,1
4104624,13
4104625,1
4104628,2
4104629,1
4104631,3
4104634,4
4104636,2
4104641,2
4104642,6
4104645,2
4104646,4
4104654,3
4104663,1
4104666,1
4104672,4
4104673,2
4104675,9
4104680,3
4104686,1
4104689,2
4104693,2
4104694,1
4104695,2
4104696,18
4104698,1
4104701,1
4104704,2
4104706,20
4104708,2
4104711,17
4104712,1
4104713,1
4104715,11
4104716,8
4104717,1
4104718,3
4104734,1
4104738,6
4104742,1
4104746,41
4104751,2
4104755,5
4104758,5
4104760,2
4104768,1
4104772,1
4104773,1
4104777,3
4104778,6
4104785,3
4104789,2
4104792,5
4104795,4
4104798,1
4104802,5
4104807,8
4104817,13
4104821,8
4104827,19
4104830,4
4104833,1
4104836,2
4104845,5
4104846,1
4104848,1
4104851,3
4104855,30
4104860,16
4104864,2
4104866,1
4104869,1
4104878,2
4104879,6
4104881,1
4104889,2
4104891,1
4104893,1
4104897,1
4104898,1
4104899,1
4104903,1
4104908,2
4104911,1
4104912,3
4104915,1
4104917,2
4104918,1
4104919,1
4104924,1
4104925,2
4104928,3
4104931,1
4104935,1
4104936,1
4104938,1
4104940,1
4104941,1
4104950,1
4104958,1
4104961,1
4104963,4
4104964,35
4104966,1
4104987,1
4104990,3
4104992,3
4104993,2
4105004,7
4105005,1
4105013,9
4105019,1
4105026,2
4105034,3
4105035,1
4105038,1
4105040,1
4105044,1
4105046,3
4105047,1
4105049,3
4105054,3
4105058,1
4105081,3
4105083,3
4105093,1
4105101,4
4105110,12
4105116,4
4105118,2
4105119,1
4105122,1
4105123,1
4105124,10
4105125,4
4105126,2
4105127,2
4105131,1
4105134,1
4105136,8
4105138,1
4105143,1
4105144,1
4105147,1
4105151,1
4105152,2
4105154,1
4105161,12
4105168,2
4105170,9
4105174,3
4105175,5
4105177,2
4105180,2
4105181,1
4105187,4
4105198,1
4105200,1
4105205,2
4105206,3
4105210,2
4105217,2
4105220,2
4105224,1
4105230,2
4105232,6
4105234,1
4105237,3
4105238,3
4105240,1
4105243,1
4105248,2
4105249,1
4105254,4
4105257,1
4105262,23
4105266,4
4105267,1
4105268,1
4105278,3
4105287,8
4105291,4
4105294,2
4105300,3
4105302,2
4105303,5
4105304,1
4105305,17
4105307,1
4105309,8
4105310,15
4105314,1
4105317,30
4105320,22
4105321,6
4105322,1
4105325,3
4105326,26
4105329,16
4105330,32
4105331,11
4105335,30
4105336,20
4105337,3
4105347,7
4105350,2
4105359,23
4105360,1
4105361,1
4105362,4
4105363,23
4105364,4
4105365,2
4105367,20
4105368,3
4105369,4
4105370,13
4105373,7
4105378,2
4105380,16
4105381,1
4105387,14
4105389,1
4105390,8
4105395,14
4105396,1
4105398,8
4105405,3
4105406,1
4105408,1
4105411,7
4105412,2
4105413,25
4105415,5
4105417,2
4105421,1
4105425,2
4105426,15
4105429,9
4105430,1
4105439,2
4105440,1
4105442,2
4105445,1
4105451,1
4105453,1
4105461,1
4105462,2
4105470,1
4105471,7
4105475,2
4105480,1
4105482,1
4105489,1
4105490,5
4105491,5
4105492,4
4105500,1
4105501,1
4105509,1
4105517,3
4105521,1
4105523,7
4105529,1
4105532,6
4105534,1
4105537,1
4105540,4
4105558,1
4105559,1
4105572,3
4105575,3
4105579,1
4105583,1
4105586,2
4105588,2
4105589,1
4105593,4
4105606,1
4105610,7
4105612,2
4105613,3
4105621,3
4105622,1
4105637,1
4105638,2
4105639,1
4105643,1
4105655,5
4105669,2
4105670,1
4105675,1
4105676,2
4105684,2
4105687,2
4105695,1
4105697,1
4105698,1
4105699,2
4105700,1
4105703,4
4105708,3
4105710,3
4105712,5
4105726,5
4105751,1
4105755,1
4105759,3
4105766,1
4105771,1
4105772,1
4105779,1
4105780,1
4105793,1
4105839,1
4105865,1
4105905,1
4200003,3
4200013,213
4200017,1
4200021,16
4200023,3
4200024,17
4200071,89
4200073,90
4200077,95
4200079,218
4200080,178
4200082,24
4200089,502
4200092,136
4200093,304
4200094,8
4200098,387
4200099,10
4200121,892
4200125,35
4200147,82
4200148,6
4200149,1028
4200150,3
4200155,61
4200158,2
4200160,9
4200161,5
4200164,58
4200165,206
4200170,9
4200171,438
4200260,1
4200297,70
4200310,5
4200363,2
4200364,8
4200366,3
4200369,1
4200381,4
4200386,2
4200387,2
4200388,20
4200391,4
4200398,12
4200400,18
4200405,23
4200406,12
4200410,32
4200411,5
4200412,1
4200415,4
4200470,13
4200472,4
4200473,1
4200481,1
4200648,1
4200677,40
4200706,117
4200712,55
4200716,45
4200717,557
4200761,2
4200768,1
4200769,19
4200800,5
4200854,224
4200862,4
4200876,166
4200884,4
4200889,2
4200890,5
4200892,29
4200893,2
4200895,14
4200898,23
4200906,30
4200941,24
4200943,31
4200979,9
4200988,21
4200990,1
4200998,144
4201014,8
4201041,1
4201052,2
4201071,1
4201082,3
4201089,15
4201113,1
4201122,3
4201124,6
4201148,4
4201150,14
4201153,16
4201159,1
4201164,3
4201172,2
4201196,1
4201200,2
4201202,45
4201206,9
4201211,259
4201241,7
4201247,3
4201254,7
4201270,24
4201279,72
4201280,274
4201340,23
4201350,57
4201351,1
4201371,4
4201389,13
4201390,1
4201392,102
4201393,31
4201408,1
4201410,4
4201423,1
4201429,145
4201435,125
4201438,2
4201444,34
4201446,12
4201452,56
4201474,91
4201517,9
4201527,3
4201532,23
4201539,1
4201541,1
4201545,2
4201550,3
4201559,5
4201566,504
4201572,26
4201599,49
4201609,21
4201610,1
4201613,59
4201623,2
4201634,2
4201638,5
4201647,137
4201659,4
4201660,11
4201661,3
4201665,176
4201666,1
4201689,1
4201697,115
4201698,1
4201701,10
4201704,3
4201709,1
4201712,1
4201715,241
4201716,12
4201719,4
4201735,5
4201736,17
4201737,5
4201743,11
4201744,1
4201750,22
4201755,126
4201756,5
4201760,1
4201761,2
4201770,4
4201774,2
4201781,13
4201782,4
4201785,1
4201786,9
4201789,2
4201791,18
4201793,34
4201794,29
4201795,12
4201798,3
4201799,2
4201807,1
4201813,72
4201814,38
4201816,1
4201818,1
4201825,10
4201828,5
4201843,1
4201847,12
4201852,1
4201855,3
4201857,1
4201864,8
4201871,1
4201874,15
4201875,1
4201877,1
4201881,8
4201890,120
4201901,3
4201903,9
4201907,2
4201909,5
4201913,4
4201917,34
4201920,1
4201921,1
4201927,36
4201929,3
4201931,10
4201935,1
4201936,1
4201937,1
4201943,6
4201944,325
4201950,2
4201957,2
4201958,1
4201963,14
4201964,2
4201968,7
4201975,30
4201978,3
4201980,8
4201986,1
4201987,15
4201990,1
4201996,543
4202006,5
4202007,1
4202015,1
4202023,1
4202025,1
4202026,4
4202028,155
4202034,27
4202040,105
4202041,14
4202042,25
4202043,44
4202044,14
4202049,2
4202050,4
4202052,32
4202053,3
4202057,9
4202060,3
4202062,1
4202063,3
4202064,10
4202069,2
4202074,116
4202077,17
4202079,6
4202080,1
4202081,7
4202082,1
4202087,3
4202089,1
4202090,1
4202091,2
4202093,9
4202094,11
4202095,26
4202096,1
4202097,16
4202098,1
4202099,15
4202101,1
4202102,6
4202103,8
4202107,54
4202110,5
4202111,4
4202113,166
4202116,5
4202118,7
4202120,1
4202121,34
4202127,1
4202128,6
4202129,2
4202130,17
4202131,10
4202133,2
4202135,2
4202137,5
4202143,1
4202148,1
4202149,11
4202150,1
4202151,1
4202153,9
4202155,1
4202157,1
4202158,3
4202159,1
4202163,2
4202164,6
4202167,7
4202168,5
4202172,1
4202174,1
4202175,7
4202176,1
4202177,13
4202179,4
4202182,1
4202192,8
4202197,1
4202199,1
4202200,3
4202201,3
4202202,2
4202212,9
4202214,1
4202215,3
4202217,1
4202220,1
4202221,1
4202232,2
4202233,308
4202235,1
4202238,1
4202241,117
4202246,6
4202250,2
4202253,1
4202260,1
4202263,62
4202264,1
4202267,3
4202270,1
4202274,1
4202277,1
4202278,2
4202282,2
4202283,2
4202286,1
4202292,6
4202293,2
4202300,1
4202313,1
4202315,1
4202317,10
4202320,2
4202321,1
4202335,66
4202337,1
4202340,1
4202353,3
4202356,15
4202359,1
4202360,6
4202361,5
4202364,2
4202365,1
4202368,1
4202373,3
4202381,5
4202383,29
4202385,1
4202393,2
4202395,19
4202397,5
4202398,6
4202399,1
4202402,4
4202404,2
4202406,82
4202409,4
4202416,1
4202417,2
4202421,2
4202425,2
4202426,10
4202430,1
4202431,19
4202445,2
4202455,1
4202457,4
4202460,2
4202462,1
4202464,1
4202465,1
4202468,2
4202472,1
4202480,8
4202484,6
4202489,1
4202496,1
4202497,1
4202504,1
4202513,1
4202517,1
4202519,37
4202523,1
4202525,1
4202526,1
4202528,4
4202533,4
4202536,1
4202540,1
4202542,1
4202544,10
4202546,1
4202560,13
4202563,1
4202572,2
4202579,10
4202580,1
4202607,1
4202613,1
4202621,10
4202624,9
4202628,2
4202633,1
4202636,1
4202639,1
4202656,1
4202658,2
4202664,1
4202665,1
4202673,8
4202674,2
4202675,2
4202677,5
4202682,1
4202700,10
4202702,6
4202703,1
4202707,3
4202711,1
4202718,1
4202725,2
4202733,1
4202738,9
4202741,2
4202756,1
4202758,2
4202760,4
4202766,1
4202769,1
4202795,1
4300005,38
4300011,14
4300012,30
4300013,7
4300014,2
4300018,25
4300019,10
4300022,7
4300023,123
4300024,164
4300025,5
4300027,43
4300028,26
4300030,35
4300031,24
4300033,9
4300042,28
4300043,21
4300059,123
4300063,10
4300064,19
4300065,41
4300066,21
4300078,11
4300080,14
4300096,13
4300098,2
4300100,2
4300101,1
4300105,10
4300106,1
4300108,1
4300109,1
4300110,15
4300111,3
4300112,1
4300113,8
4300117,3
4300119,11
4300145,14
4300149,17
4300150,60
4300155,2
4300158,5
4300160,27
4300179,28
4300184,19
4300185,13
4300191,18
4300193,1
4300196,17
4300197,1
4300215,1
4300223,1
4300250,2
4300271,1
4300276,9
4300282,1
4300289,36
4300294,2
4300299,46
4300301,7
4300302,7
4300304,2
4300307,4
4300332,6
4300333,32
4300336,1
4300350,5
4300351,366
4300353,61
4300357,22
4300359,4
4300362,1
4300365,1
4300368,1
4300374,33
4300375,3
4300380,6
4300381,2
4300394,1
4300396,146
4300397,1
4300402,1
4300403,1
4300409,3
4300410,1
4300411,2
4300417,3
4300419,6
4300420,3
4300430,1
4300434,3
4300435,1
4300446,1
4300455,1
4300457,3
4300459,1
4300460,1
4300466,3
4300471,1
4300472,1
4300473,3
4300474,1
4300486,3
4300488,2
4300493,4
4300494,1
4300499,1
4300502,2
4300508,1
4300522,10
4300523,1
4300539,1
4300549,1
4300555,1
4300557,1
4300585,2
4300586,2
4300599,1
4300612,1
4300614,1
4300616,11
4300628,1
4300643,6
4300652,1
4300681,3
4300690,1
4300702,1
4300705,16
4300715,1
4300716,1
4300725,10
4300747,1
4300768,1
4400003,37
4400009,21
4400014,59
4400015,51
4400017,20
4400020,3
4400021,31
4400022,27
4400024,113
4400025,27
4400026,136
4400029,4
4400030,6
4400031,32
4400035,16
4400038,20
4400039,28
4400040,113
4400042,15
4400044,112
4400045,67
4400049,23
4400056,132
4400061,177
4400064,82
4400065,11
4400067,26
4400068,495
4400071,47
4400072,13
4400074,72
4400080,16
4400081,17
4400082,169
4400089,36
4400091,2
4400092,34
4400093,116
4400095,84
4400096,46
4400101,265
4400102,6
4400103,30
4400105,103
4400106,20
4400108,36
4400109,48
4400118,22
4400122,56
4400133,39
4400136,79
4400137,1
4400141,15
4400144,62
4400146,29
4400150,34
4400152,27
4400153,12
4400159,85
4400162,3
4400164,9
4400165,62
4400166,65
4400167,17
4400170,114
4400171,9
4400189,54
4400201,1
4400205,2
4400210,2
4400211,35
4400213,1
4400214,1
4400234,6
4400238,49
4400241,12
4400246,427
4400266,34
4400267,46
4400269,323
4400271,61
4400280,18
4400281,1
4400285,29
4400288,9
4400289,4
4400294,46
4400295,14
4400297,3
4400302,224
4400304,581
4400382,40
4400403,17
4400419,1
4400546,2
4400649,101
4400693,5
4400749,28
4400986,40
4401009,21
4401099,20
4401213,4
4401216,1
4401246,15
4401250,8
4401462,1
4401486,9
4401488,8
4401519,3
4401520,604
4401549,31
4401635,10
4401642,23
4401644,123
4401647,5
4401656,18
4401689,162
4401696,19
4401697,18
4401717,136
4401726,8
4401773,29
4401815,6
4401863,32
4401873,20
4401898,4
4401904,8
4401906,10
4401926,37
4401927,2
4401982,2
4402015,7
4402080,1
4402118,8
4402122,49
4402134,3
4402136,43
4402219,3
4402238,1
4402239,19
4402242,7
4402253,210
4402277,236
4402293,19
4402325,4
4402335,19
4402336,51
4402337,4
4402341,38
4402385,4
4402390,27
4402391,2
4402402,56
4402406,35
4402407,2
4402409,1
4402416,35
4402417,3
4402420,42
4402422,36
4402424,37
4402429,20
4402491,1
4402684,39
4402696,69
4402701,35
4402704,20
4402708,1
4402714,66
4402715,6
4402742,1
4402776,7
4402783,148
4402786,59
4402794,1
4402828,17
4402829,43
4402837,16
4402860,1
4402939,16
4402962,63
4402963,14
4402964,48
4402965,14
4402973,15
4402990,11
4402991,7
4402993,20
4403002,45
4403010,99
4403088,109
4403108,63
4403168,9
4403170,4
4403175,4
4403221,11
4403227,4
4403232,9
4403236,51
4403250,1
4403254,1
4403255,1
4403259,2
4403264,98
4403265,29
4403267,8
4403277,7
4403280,15
4403282,1
4403286,5
4403296,3
4403297,1
4403310,3
4403312,33
4403317,89
4403324,1
4403328,6
4403332,1
4403391,2
4403406,6
4403440,89
4403441,14
4403443,26
4403465,7
4403472,4
4403479,334
4403484,29
4403493,8
4403506,13
4403511,2
4403524,70
4403528,2
4403592,8
4403600,101
4403611,7
4403613,10
4403614,1
4403658,72
4403659,17
4403660,19
4403664,1
4403667,4
4403677,6
4403686,29
4403690,1
4403697,4
4403702,1
4403707,184
4403711,2
4403734,11
4403736,16
4403743,222
4403750,11
4403751,63
4403763,11
4403765,1
4403767,55
4403782,2
4403795,1074
4403796,1
4403808,90
4403813,6
4403860,16
4403868,12
4403874,5
4403890,1
4403919,5
4403922,22
4403926,35
4403929,12
4403932,57
4403965,16
4403967,3
4403995,31
4404030,1
4404039,4
4404040,176
4404044,3
4404045,22
4404046,14
4404059,1
4404072,3
4404079,8
4404083,1
4404090,3
4404096,1
4404099,14
4404104,8
4404109,57
4404110,29
4404135,3
4404148,19
4404162,39
4404181,1
4404183,2
4404190,3
4404191,45
4404192,9
4404197,463
4404204,108
4404212,92
4404243,9
4404247,5
4404248,24
4404251,892
4404264,1
4404279,4
4404284,2
4404285,54
4404293,33
4404296,9
4404300,18
4404302,5
4404316,1
4404434,13
4404445,68
4404446,2
4404452,5
4404461,12
4404481,91
4404497,53
4404502,6
4404507,4
4404517,440
4404528,18
4404532,19
4404534,54
4404543,55
4404552,5
4404559,19
4404560,1
4404562,17
4404572,2
4404582,3
4404584,1
4404588,4
4404590,1
4404592,6
4404614,1
4404624,27
4404625,1
4404632,22
4404634,11
4404638,8
4404657,2
4404692,1
4404693,1
4404703,36
4404705,14
4404723,2
4404730,4
4404733,1
4404739,12
4404743,1
4404755,2
4404778,14
4404790,19
4404798,3
4404802,6
4404807,16
4404817,45
4404818,4
4404822,4
4404827,4
4404828,17
4404833,2
4404837,18
4404845,20
4404856,1249
4404858,10
4404862,8
4404871,202
4404876,13
4404882,3
4404886,117
4404887,27
4404889,10
4404904,11
4404920,3
4404922,1
4404924,3
4404928,5
4404936,2
4404937,107
4404946,218
4404947,15
4404951,70
4404952,3
4404953,32
4404956,20
4404957,32
4404967,1
4404970,13
4404974,5
4404982,117
4404992,8
4405014,24
4405016,10
4405021,7
4405022,1
4405027,2
4405028,1
4405032,11
4405033,5
4405040,14
4405041,6
4405045,11
4405046,87
4405051,1
4405059,14
4405061,3
4405071,1
4405078,1
4405081,21
4405083,7
4405086,21
4405087,2
4405090,92
4405092,5
4405094,26
4405097,88
4405101,42
4405106,1
4405118,11
4405128,12
4405132,2
4405133,1
4405141,1
4405144,20
4405151,2
4405153,21
4405159,2
4405160,23
4405162,1
4405165,20
4405167,44
4405170,2
4405171,18
4405172,22
4405174,45
4405181,3
4405182,58
4405184,12
4405186,25
4405188,7
4405201,1
4405210,63
4405217,50
4405222,42
4405234,2
4405236,43
4405237,7
4405241,15
4405242,18
4405244,4
4405246,1
4405247,1
4405251,35
4405253,13
4405254,17
4405265,35
4405269,4
4405270,106
4405273,5
4405276,15
4405277,32
4405284,7
4405286,4
4405287,7
4405301,34
4405308,1
4405311,154
4405313,1
4405314,3
4405316,14
4405324,3
4405331,6
4405340,1
4405347,4
4405348,9
4405351,9
4405352,4
4405363,3
4405372,21
4405384,24
4405385,48
4405386,9
4405392,1
4405395,28
4405396,13
4405404,11
4405407,33
4405411,13
4405415,71
4405431,5
4405442,3
4405444,11
4405445,11
4405447,7
4405466,3
4405475,3
4405476,5
4405480,1
4405484,26
4405491,1
4405494,5
4405496,4
4405498,21
4405502,9
4405505,3
4405506,12
4405508,5
4405510,20
4405522,1
4405523,2
4405525,1
4405527,42
4405529,43
4405530,2
4405541,9
4405544,8
4405546,7
4405547,23
4405548,1
4405559,140
4405566,7
4405568,33
4405570,6
4405578,5
4405581,17
4405585,12
4405587,23
4405594,12
4405600,19
4405604,2
4405605,68
4405607,2
4405616,51
4405618,2
4405620,2
4405626,11
4405629,10
4405633,15
4405638,1
4405642,1
4405644,1
4405648,7
4405651,2
4405654,19
4405656,12
4405657,10
4405658,2
4405660,2
4405661,62
4405664,12
4405665,2
4405668,56
4405669,9
4405675,5
4405681,2
4405683,2
4405684,59
4405687,1
4405689,6
4405690,2
4405691,5
4405696,58
4405705,4
4405709,45
4405711,19
4405715,2
4405716,5
4405717,7
4405720,13
4405721,59
4405722,1
4405726,3
4405727,2
4405729,2
4405732,7
4405737,11
4405745,11
4405746,1
4405747,3
4405748,28
4405749,3
4405753,2
4405759,36
4405760,2
4405762,4
4405763,32
4405766,6
4405769,14
4405770,127
4405772,107
4405779,21
4405785,28
4405787,15
4405788,1
4405793,10
4405795,1
4405796,1
4405800,16
4405801,6
4405811,4
4405813,34
4405815,89
4405816,6
4405824,5
4405825,1
4405828,2
4405831,30
4405835,1
4405838,5
4405839,2
4405840,2
4405841,1
4405844,4
4405849,1
4405851,24
4405852,11
4405857,64
4405858,4
4405861,4
4405862,3
4405863,1
4405866,1
4405867,2
4405868,1
4405869,2
4405870,8
4405874,60
4405876,4
4405878,1
4405879,5
4405882,6
4405884,5
4405888,34
4405889,15
4405890,2
4405896,15
4405897,3
4405898,83
4405899,9
4405903,4
4405906,18
4405907,6
4405909,3
4405911,27
4405913,60
4405917,2
4405918,5
4405920,14
4405921,5
4405922,5
4405923,17
4405925,1
4405926,28
4405927,3
4405928,1
4405930,2
4405934,1
4405935,2
4405937,1
4405938,4
4405947,10
4405951,1
4405952,14
4405954,1
4405955,3
4405957,3
4405958,1
4405960,29
4405964,12
4405970,1
4405971,20
4405976,25
4405981,1
4405982,1
4405990,9
4405993,3
4405994,3
4405996,40
4406000,8
4406001,3
4406003,3
4406005,9
4406006,3
4406008,3
4406011,6
4406018,1
4406020,2
4406021,2
4406022,10
4406023,65
4406029,24
4406030,10
4406032,1
4406034,5
4406036,39
4406038,1
4406040,7
4406042,2
4406043,1
4406044,1
4406045,64
4406046,1
4406049,12
4406050,2
4406051,61
4406052,25
4406053,8
4406054,1
4406055,35
4406056,6
4406057,1
4406060,2
4406062,6
4406065,1
4406066,2
4406067,8
4406068,2
4406069,10
4406072,2
4406076,6
4406077,1
4406081,16
4406083,1
4406084,66
4406086,1
4406087,1
4406092,1
4406093,4
4406094,7
4406097,30
4406098,6
4406101,24
4406102,5
4406103,3
4406106,7
4406109,10
4406112,19
4406113,9
4406115,1
4406117,1
4406122,2
4406123,3
4406124,4
4406126,4
4406131,5
4406134,23
4406136,1
4406138,1
4406139,4
4406141,5
4406143,8
4406144,3
4406145,2
4406146,11
4406152,2
4406153,9
4406154,5
4406155,1
4406158,1
4406160,17
4406166,9
4406170,46
4406174,5
4406175,153
4406176,18
4406177,6
4406178,2
4406180,15
4406181,46
4406182,2
4406183,6
4406185,30
4406190,8
4406193,50
4406195,26
4406199,175
4406200,4
4406201,1
4406202,1
4406203,4
4406204,1
4406206,305
4406210,25
4406211,5
4406212,1
4406214,8
4406217,4
4406222,5
4406227,182
4406230,28
4406233,1
4406234,1
4406236,2
4406239,177
4406240,82
4406243,87
4406244,1
4406245,17
4406246,2
4406248,7
4406251,11
4406252,12
4406255,4
4406258,2
4406259,166
4406260,19
4406261,11
4406263,7
4406265,19
4406266,2
4406268,2
4406269,17
4406271,1
4406273,1
4406275,1
4406278,9
4406279,1
4406280,1
4406282,7
4406283,4
4406285,1
4406286,11
4406288,9
4406291,18
4406292,8
4406293,34
4406294,22
4406296,2
4406297,14
4406300,5
4406303,7
4406304,2
4406307,1
4406308,86
4406309,8
4406310,36
4406312,18
4406314,3
4406315,5
4406317,20
4406318,1
4406319,7
4406321,10
4406322,8
4406323,9
4406326,9
4406327,8
4406329,3
4406330,1
4406331,4
4406332,2
4406333,1
4406335,42
4406336,6
4406337,35
4406338,1
4406339,3
4406340,13
4406341,2
4406342,3
4406343,1
4406344,4
4406345,1
4406348,57
4406352,2
4406353,3
4406355,4
4406358,3
4406360,1
4406361,8
4406363,5
4406364,139
4406365,8
4406368,14
4406370,7
4406371,8
4406373,8
4406375,80
4406376,15
4406377,1
4406378,3
4406379,2
4406383,1
4406385,5
4406388,6
4406390,6
4406391,7
4406393,2
4406395,31
4406397,10
4406398,1
4406399,8
4406405,3
4406406,14
4406408,2
4406412,1
4406413,5
4406416,4
4406417,9
4406418,3
4406420,5
4406421,27
4406422,11
4406423,196
4406424,2
4406425,14
4406427,14
4406428,1
4406431,12
4406432,3
4406435,37
4406436,1
4406439,1
4406442,16
4406444,358
4406445,6
4406446,11
4406447,5
4406448,1
4406450,2
4406451,1
4406452,10
4406454,1
4406456,4
4406458,4
4406463,1
4406465,10
4406467,5
4406469,66
4406470,19
4406471,5
4406473,17
4406474,60
4406475,10
4406476,38
4406479,9
4406480,9
4406481,2
4406482,2
4406483,14
4406485,7
4406486,30
4406487,4
4406488,1
4406490,13
4406493,6
4406496,12
4406497,27
4406498,24
4406499,94
4406500,139
4406502,5
4406503,23
4406504,1
4406505,59
4406506,1
4406507,3
4406512,5
4406517,9
4406518,4
4406520,20
4406521,1
4406525,29
4406527,28
4406529,114
4406530,43
4406531,18
4406532,1
4406533,43
4406534,6
4406535,1
4406537,47
4406541,4
4406542,10
4406544,44
4406545,75
4406547,8
4406548,10
4406549,8
4406551,61
4406552,3
4406554,2
4406556,4
4406557,55
4406559,2
4406560,2
4406561,1
4406567,1
4406568,15
4406571,5
4406572,1
4406573,5
4406574,4
4406577,16
4406579,1
4406580,1
4406582,15
4406583,19
4406585,11
4406587,7
4406588,7
4406589,6
4406590,2
4406591,3
4406592,21
4406593,2
4406594,58
4406595,82
4406596,8
4406597,1
4406599,123
4406600,62
4406601,2
4406603,20
4406604,2
4406605,19
4406606,16
4406607,3
4406608,8
4406612,3
4406613,17
4406616,1
4406618,3
4406619,3
4406620,13
4406621,4
4406622,18
4406623,2
4406624,4
4406625,28
4406626,1
4406628,6
4406629,6
4406630,11
4406634,49
4406635,2
4406636,21
4406638,14
4406639,6
4406640,11
4406643,42
4406644,29
4406645,28
4406646,4
4406647,4
4406648,17
4406649,18
4406650,3
4406651,21
4406652,18
4406653,9
4406655,9
4406656,5
4406658,1
4406659,9
4406661,11
4406663,3
4406666,1
4406667,7
4406670,2
4406671,3
4406672,10
4406673,5
4406674,20
4406676,15
4406679,4
4406680,4
4406683,2
4406684,1
4406685,91
4406687,16
4406688,5
4406689,17
4406690,17
4406693,1
4406694,2
4406695,1
4406696,2
4406697,3
4406698,2
4406700,33
4406701,4
4406702,10
4406705,1
4406707,1
4406708,48
4406709,4
4406711,1
4406712,6
4406713,24
4406714,3
4406715,24
4406716,1
4406717,3
4406718,7
4406719,29
4406721,3
4406723,57
4406725,4
4406726,26
4406727,19
4406728,2
4406730,4
4406733,9
4406734,2
4406736,24
4406738,3
4406739,1
4406740,1
4406742,1
4406743,11
4406744,32
4406745,3
4406746,42
4406747,1
4406748,45
4406749,23
4406750,2
4406753,10
4406754,3
4406756,1
4406758,25
4406759,98
4406760,9
4406762,7
4406763,2
4406764,4
4406768,5
4406769,37
4406770,10
4406772,58
4406773,1
4406774,1
4406775,2
4406776,33
4406777,9
4406778,16
4406779,1
4406781,28
4406782,8
4406783,1
4406785,6
4406786,35
4406787,19
4406788,4
4406789,4
4406790,4
4406791,6
4406792,14
4406793,3
4406794,9
4406795,95
4406796,6
4406797,2
4406799,5
4406800,2
4406801,4
4406802,15
4406803,10
4406804,267
4406805,19
4406807,65
4406808,12
4406809,18
4406811,5
4406812,33
4406813,14
4406814,5
4406815,6
4406816,115
4406817,4
4406818,17
4406819,2
4406822,5
4406823,53
4406824,11
4406825,6
4406826,1
4406828,10
4406830,6
4406832,94
4406833,2
4406836,18
4406837,3
4406839,47
4406840,4
4406843,43
4406845,3
4406846,70
4406847,23
4406848,31
4406849,21
4406850,2
4406851,27
4406853,106
4406854,2
4406855,22
4406856,3
4406857,33
4406858,17
4406859,28
4406860,1
4406861,56
4406862,8
4406864,178
4406865,5
4406866,26
4406868,17
4406869,32
4406870,2
4406871,25
4406872,23
4406877,2
4406878,1
4406879,59
4406880,12
4406882,92
4406883,62
4406884,2
4406886,3
4406887,3
4406889,10
4406890,3
4406891,15
4406893,7
4406894,4
4406895,35
4406896,7
4406897,10
4406900,5
4406901,4
4406902,1
4406905,24
4406906,74
4406907,3
4406908,3
4406910,4
4406911,2
4406915,31
4406916,6
4406917,33
4406920,9
4406921,13
4406922,5
4406924,1
4406925,11
4406928,10
4406929,261
4406930,1
4406931,6
4406932,13
4406934,19
4406936,2
4406939,5
4406941,2
4406942,3
4406943,9
4406946,2
4406947,111
4406948,28
4406949,28
4406950,4
4406953,14
4406954,3
4406955,3
4406959,1
4406962,5
4406963,3
4406964,5
4406965,2
4406966,14
4406969,10
4406971,4
4406972,11
4406973,40
4406974,7
4406975,91
4406976,5
4406978,1
4406979,7
4406980,6
4406983,5
4406984,4
4406985,21
4406987,25
4406990,54
4406991,36
4406992,38
4406994,1
4406996,5
4406997,1
4406999,43
4407001,14
4407002,1
4407003,3
4407004,14
4407009,2
4407010,1
4407011,17
4407012,1
4407014,18
4407015,5
4407016,7
4407017,1
4407018,8
4407019,9
4407020,16
4407021,21
4407022,1
4407023,7
4407024,29
4407025,10
4407026,6
4407027,3
4407028,1
4407029,4
4407030,4
4407032,1
4407034,19
4407036,8
4407037,1
4407038,4
4407040,9
4407041,5
4407042,1
4407043,12
4407044,5
4407045,3
4407046,39
4407047,9
4407048,5
4407049,10
4407051,6
4407052,125
4407053,2
4407055,35
4407056,4
4407057,14
4407058,1
4407059,2
4407060,54
4407061,4
4407064,3
4407065,6
4407069,13
4407073,4
4407074,8
4407075,12
4407076,1
4407079,2
4407080,2
4407081,23
4407082,12
4407083,2
4407086,8
4407087,101
4407090,8
4407093,2
4407094,13
4407095,1
4407098,5
4407100,1
4407104,9
4407105,2
4407106,15
4407108,13
4407109,1
4407110,2
4407111,1
4407112,4
4407115,6
4407116,2
4407121,3
4407123,57
4407124,3
4407126,2
4407127,14
4407129,119
4407130,1
4407131,6
4407132,3
4407133,12
4407137,50
4407138,20
4407141,1
4407142,3
4407143,2
4407146,54
4407150,102
4407153,11
4407154,3
4407155,4
4407156,39
4407159,13
4407160,10
4407162,17
4407163,61
4407167,7
4407168,3
4407172,16
4407173,2
4407179,11
4407180,3
4407181,15
4407183,1
4407185,3
4407186,38
4407187,1
4407188,26
4407189,22
4407190,5
4407191,3
4407199,36
4407201,3
4407203,1
4407205,1
4407211,5
4407212,2
4407214,3
4407215,2
4407217,8
4407219,1
4407220,24
4407221,5
4407222,15
4407223,327
4407224,23
4407225,10
4407228,1
4407231,31
4407232,6
4407237,12
4407239,1
4407241,5
4407244,1
4407246,2
4407250,10
4407251,9
4407252,1
4407253,1
4407254,8
4407256,3
4407257,1
4407259,2
4407260,3
4407262,3
4407268,6
4407269,18
4407272,5
4407274,1
4407275,10
4407276,1
4407277,5
4407280,6
4407281,1
4407285,8
4407288,3
4407291,4
4407293,2
4407303,2
4407307,6
4407308,79
4407312,1
4407313,4
4407314,3
4407318,47
4407319,5
4407322,12
4407326,7
4407327,5
4407338,3
4407346,1
4407355,5
4407359,2
4407360,2
4407362,1
4407366,19
4407367,4
4407369,6
4407370,2
4407374,1
4407376,1
4407381,4
4407382,3
4407384,1
4407392,3
4407394,3
4407400,1
4407401,8
4407406,2
4407409,3
4407412,1
4407418,2
4407424,2
4407426,1
4407433,2
4500001,2
4500011,5
4500020,13
4500042,4
4500056,6
4500058,6
4500059,6
4500063,14
4500064,4
4500073,2
4500081,20
4500191,63
4500247,1
4500319,36
4500359,356
4500365,239
4500366,285
4500407,1
4500416,983
4500553,8
4500555,8
4500557,21
4500560,4
4500562,3
4500572,7
4500574,24
4500577,29
4500581,6
4500583,2
4500585,16
4500587,1
4500590,29
4500593,5
4500603,13
4500605,21
4500607,5
4500609,25
4500611,2
4500616,11
4500626,16
4500628,1
4500631,17
4500632,4
4500637,33
4500652,47
4500657,20
4500659,1
4500662,9
4500663,3
4500666,1
4500670,4
4500671,11
4500672,4
4500675,60
4500684,1
4500705,3
4500712,1
4500723,1
4500725,9
4500726,9
4500727,2
4500730,23
4500757,1
4500764,23
4500779,48
4500805,270
4500822,1
4500823,70
4500828,3
4500840,20
4500844,19
4500909,6
4500939,159
4500942,12
4500951,2
4500975,12
4500983,51
4500988,7
4500994,7
4500995,33
4501043,4
4501066,4
4501111,18
4501118,4
4501127,10
4501143,9
4501153,42
4501154,5
4501227,15
4501237,59
4501250,2
4501268,3
4501291,4
4501301,1
4501312,11
4501315,2
4501328,3
4501387,15
4501429,4
4501439,1
4501545,2
4501582,9
4501586,1
4501589,1
4501707,14
4501876,2
4501923,2
4501994,24
4501999,110
4502009,6
4502011,1
4502016,21
4502027,1
4502028,1
4502040,10
4502126,35
4502140,2
4502150,4
4502166,28
4502168,24
4502184,2
4502212,2
4502242,2
4502243,1
4502244,24
4502282,10
4502286,1
4502295,2
4502303,1
4502316,1
4502358,1
4502387,3
4502408,1
4502417,7
4502424,2
4502450,3
4502504,1
4502508,50
4502518,3
4502519,10
4502537,6
4502559,1
4502574,14
4502576,1
4502582,5
4502602,1
4502605,4
4502610,21
4502611,6
4502614,6
4502626,3
4502640,1
4502646,10
4502661,3
4502665,36
4502666,5
4502667,48
4502687,1
4502688,1
4502696,3
4502700,8
4502709,21
4502733,1
4502736,2
4502749,21
4502751,1
4502757,1
4502777,1
4502791,16
4502807,1
4502816,21
4502821,1
4502854,4
4502882,2
4502883,4
4502914,10
4502946,2
4502961,414
4502962,1
4502967,52
4502977,1
4502986,5
4502988,1
4502994,2
4502995,1
4502997,6
4503003,1
4503004,15
4503007,2
4503014,25
4503015,21
4503016,1
4503018,7
4503020,3
4503024,2
4503026,1
4503027,1
4503028,3
4503032,6
4503039,39
4503042,16
4503047,1
4503057,6
4503058,2
4503059,1
4503062,4
4503063,3
4503065,1
4503066,2
4503069,5
4503071,1
4503073,53
4503085,1
4503086,5
4503087,2
4503089,30
4503090,1
4503093,2
4503096,1
4503097,1
4503099,2
4503100,6
4503102,4
4503104,1
4503105,3
4503106,27
4503110,16
4503112,10
4503119,10
4503120,1
4503130,1
4503136,58
4503142,2
4503143,10
4503148,8
4503155,17
4503156,19
4503161,10
4503168,2
4503172,10
4503175,33
4503177,8
4503180,25
4503183,2
4503184,89
4503187,12
4503199,1
4503204,58
4503208,13
4503216,4
4503220,4
4503221,2
4503224,40
4503226,6
4503228,8
4503229,3
4503230,1
4503234,1
4503237,5
4503239,25
4503250,4
4503251,1
4503253,9
4503256,2
4503257,1
4503261,12
4503263,4
4503264,2
4503265,47
4503269,4
4503271,6
4503272,1
4503275,1
4503277,35
4503278,2
4503279,8
4503281,28
4503283,53
4503285,7
4503286,111
4503288,3
4503290,84
4503293,14
4503306,2
4503307,4
4503315,1
4503316,1
4503318,1
4503321,1
4503325,3
4503329,2
4503330,2
4503334,65
4503336,56
4503337,11
4503338,3
4503341,8
4503343,1
4503344,1
4503347,3
4503351,9
4503354,1
4503356,8
4503358,2
4503360,1
4503362,1
4503363,2
4503364,3
4503369,2
4503373,5
4503374,10
4503376,2
4503381,2
4503383,2
4503384,6
4503387,5
4503388,1
4503391,2
4503398,14
4503400,1
4503405,2
4503414,1
4503415,17
4503418,1
4503419,4
4503422,5
4503423,21
4503424,5
4503425,2
4503432,1
4503438,1
4503441,1
4503446,6
4503448,3
4503449,3
4503452,2
4503453,4
4503454,1
4503455,23
4503460,6
4503473,6
4503480,33
4503481,4
4503488,1
4503489,12
4503490,1
4503493,1
4503498,1
4503505,1
4503508,5
4503513,1
4503515,2
4503523,2
4503529,5
4503542,4
4503543,2
4503546,2
4503547,10
4503548,2
4503552,1
4503554,1
4503555,3
4503556,4
4503557,1
4503559,9
4503561,11
4503565,7
4503566,1
4503570,2
4503575,1
4503591,5
4503599,8
4503605,2
4503615,31
4503622,2
4503628,2
4503633,10
4503636,1
4503648,2
4503652,1
4503654,1
4503668,2
4503669,2
4503687,7
4503688,1
4503690,1
4503699,1
4503702,1
4503704,1
4503711,1
4503713,3
4503714,1
4503717,1
4503721,1
4503736,1
4503744,5
4503745,1
4503750,2
4503757,2
4503758,1
4503766,2
4503769,3
4503771,1
4503772,1
4503776,1
4503777,1
4503782,1
4503806,1
4503808,1
4503831,2
4503833,2
4503835,1
4503839,1
4600001,78
4600003,1
4600004,12
4600005,32
4600007,550
4600009,5
4600015,75
4600016,127
4600018,42
4600026,18
4600027,108
4600029,49
4600044,2
4600048,1
4600146,1
4600148,6
4600376,6
4600506,3
4600731,17
4600861,10
4601020,1
4601162,307
4601239,2
4601254,15
4601266,273
4601268,142
4601270,831
4601271,1611
4601272,71
4601275,1
4601281,1
4601282,39
4601283,120
4601284,52
4601286,740
4601288,6
4601296,63
4601305,2
4601308,73
4601309,326
4601314,3
4601318,1999
4601319,2
4601329,182
4601335,22
4601337,3
4601343,2
4601344,34
4601351,28
4601364,2
4601367,78
4601368,64
4601369,33
4601375,43
4601377,19
4601378,9
4601379,4
4601387,31
4601388,3
4601390,20
4601393,3
4601397,56
4601398,9
4601400,18
4601403,7
4601404,46
4601407,88
4601409,37
4601412,3
4601413,77
4601415,2
4601417,9
4601418,56
4601419,113
4601421,14
4601429,71
4601430,42
4601431,34
4601433,2272
4601436,1270
4601437,2695
4601438,215
4601443,3
4601452,295
4601453,849
4601454,171
4601455,379
4601456,1994
4601459,165
4601464,2
4601474,665
4601477,1
4601478,7
4601483,5
4601484,8
4601487,2
4601495,874
4601498,4
4601500,35
4601514,64
4601516,3
4601534,5
4601535,240
4601536,286
4601537,734
4601539,2
4601540,28
4601544,199
4601563,29
4601564,31
4601576,91
4601584,10
4601586,22
4601602,189
4601616,44
4601659,16
4601718,9
4601735,26
4601756,123
4601786,2
4601791,6
4601805,21
4601816,2590
4601822,200
4601845,1
4601863,9
4601867,420
4601868,13
4601885,30
4601887,49
4601903,3
4601923,10
4601931,7
4601939,113
4601962,8
4601967,10
4601968,1694
4601977,311
4601979,1
4601986,7
4602010,1
4602035,7
4602040,25
4602050,5
4602052,558
4602054,27
4602056,6
4602057,66
4602061,19
4602067,53
4602111,5
4602119,21
4602127,36
4602128,2
4602140,86
4602143,525
4602150,3
4602151,78
4602154,11
4602162,5
4602165,1
4602166,147
4602177,49
4602178,9
4602180,1
4602183,4
4602185,1
4602186,43
4602206,24
4602208,7
4602210,4
4602227,3
4602232,2
4602234,5
4602236,12
4602249,396
4602250,12
4602252,9
4602265,17
4602273,2
4602290,16
4602295,44
4602296,24
4602302,1
4602319,2
4602326,20
4602328,7
4602339,3
4602355,21
4602379,3
4602380,17
4602383,20
4602385,2
4602397,1
4602402,8
4602407,4
4602417,27
4602435,31
4602437,8
4602438,3
4602440,1
4602443,33
4602444,73
4602445,31
4602446,34
4602450,8
4602474,3
4602481,9
4602489,15
4602490,2
4602493,43
4602512,5
4602515,40
4602519,2
4602530,23
4602531,41
4602557,3
4602558,19
4602560,33
4602561,2
4602570,5
4602602,97
4602670,1
4602684,5
4602724,53
4602737,3
4602758,2
4602767,4
4602775,4
4602785,17
4602792,2
4602793,95
4602794,29
4602805,208
4602824,3
4602827,5
4602828,1
4602829,1
4602832,34
4602843,3
4602844,46
4602845,151
4602870,2
4602877,1
4602891,1
4602894,3
4602895,1
4602898,2
4603002,27
4603013,6
4603068,2
4603071,6
4603084,5
4603085,68
4603088,11
4603090,5
4603092,426
4603107,2
4603113,5
4603115,10
4603134,5
4603135,129
4603136,27
4603137,64
4603138,150
4603140,54
4603141,71
4603143,109
4603149,47
4603157,163
4603158,29
4603161,2
4603166,24
4603170,45
4603176,54
4603181,40
4603184,2
4603193,6
4603194,5
4603196,2
4603202,117
4603203,17
4603224,3
4603225,1
4603231,3
4603236,3
4603240,38
4603244,4
4603251,9
4603263,53
4603266,1
4603267,9
4603269,1
4603270,6
4603271,58
4603293,3
4603299,6
4603300,32
4603303,15
4603305,3
4603307,340
4603309,14
4603312,2
4603317,127
4603319,3
4603327,3
4603335,237
4603336,4
4603341,13
4603356,62
4603363,4
4603365,7
4603372,17
4603374,823
4603386,2
4603392,18
4603403,2
4603404,43
4603408,114
4603415,63
4603429,4
4603430,97
4603434,2
4603442,9
4603444,88
4603454,1
4603467,336
4603470,1
4603474,16
4603482,1
4603507,39
4603726,6
4603727,5
4603747,1
4603749,17
4603755,166
4603758,49
4603769,19
4603773,52
4603774,3
4603775,7
4603783,13
4603786,6
4603787,1
4603800,13
4603803,10
4603805,1181
4603816,13
4603829,62
4603839,3
4603844,9
4603848,6
4603849,1
4603850,2
4603851,48
4603859,106
4603875,17
4603883,12
4603887,214
4603889,7
4603892,2
4603933,16
4603935,9
4603937,20
4603939,30
4603953,8
4603958,5
4603972,5
4603977,1
4604075,1
4604076,5
4604093,25
4604095,4
4604108,1
4604130,215
4604135,24
4604139,72
4604152,2
4604155,1
4604156,48
4604168,1312
4604175,2
4604189,6
4604190,404
4604194,3
4604200,27
4604209,431
4604210,439
4604215,9
4604236,208
4604248,33
4604250,1
4604257,1
4604266,15
4604267,23
4604269,15
4604271,16
4604275,4
4604308,8
4604310,7
4604315,5
4604317,2
4604327,10
4604330,2
4604332,729
4604335,53
4604343,64
4604350,2
4604351,3
4604370,105
4604387,204
4604388,249
4604421,496
4604444,14
4604457,1
4604460,2
4604465,15
4604469,8
4604481,1
4604497,11
4604498,26
4604500,16
4604508,16
4604519,4
4604520,2
4604525,4
4604533,165
4604538,1
4604542,68
4604543,8
4604550,3
4604551,2
4604566,1
4604581,230
4604587,5
4604589,4
4604606,22
4604624,33
4604627,3
4604637,126
4604639,30
4604641,21
4604657,37
4604662,2
4604668,1
4604669,34
4604670,770
4604676,1
4604678,7
4604693,17
4604694,16
4604702,30
4604707,1
4604718,12
4604723,25
4604727,4
4604734,2
4604736,4
4604737,1
4604758,9
4604774,79
4604783,4
4604789,267
4604795,17
4604798,5
4604809,3
4604813,11
4604819,82
4604828,10
4604839,12
4604844,10
4604845,1
4604847,33
4604918,18
4604934,1
4604938,2
4604940,9
4604946,4
4604949,1
4604953,15
4604955,599
4604960,1
4604962,21
4604963,11
4604973,3
4604989,12
4604991,2
4605012,1
4605025,47
4605034,2
4605037,1
4605045,2
4605054,28
4605055,201
4605068,5
4605070,12
4605086,216
4605097,12
4605100,4
4605121,604
4605123,1
4605127,10
4605128,1
4605130,43
4605135,10
4605144,8
4605145,14
4605147,22
4605154,1
4605171,18
4605187,18
4605194,1
4605195,205
4605201,8
4605219,16
4605220,25
4605238,48
4605243,158
4605245,2
4605246,2
4605248,11
4605252,289
4605260,2
4605266,1
4605275,16
4605279,9
4605284,16
4605286,1
4605295,239
4605304,2
4605305,6
4605309,1
4605315,23
4605317,123
4605319,6
4605320,8
4605331,1
4605343,2
4605354,6
4605362,1
4605368,102
4605370,1
4605382,17
4605398,144
4605401,17
4605403,3
4605412,2
4605415,8
4605417,43
4605421,23
4605425,115
4605426,4
4605427,4
4605431,5
4605437,738
4605445,6
4605446,8
4605449,67
4605471,3
4605472,5
4605476,1
4605479,49
4605480,366
4605482,17
4605490,6
4605500,7
4605509,2
4605510,25
4605511,16
4605523,1
4605536,3
4605537,1
4605540,16
4605541,10
4605544,52
4605551,1
4605571,1
4605576,9
4605577,4
4605584,9
4605585,2
4605589,157
4605592,157
4605597,8
4605600,2
4605601,1
4605602,3
4605603,6
4605604,59
4605605,22
4605614,2
4605617,4
4605620,3
4605624,27
4605625,158
4605626,82
4605628,104
4605629,22
4605641,2
4605643,9
4605644,14
4605645,3
4605649,63
4605657,8
4605659,18
4605668,7
4605677,1
4605681,6
4605685,1
4605686,2
4605688,1
4605690,66
4605691,23
4605695,1
4605696,6
4605700,2
4605706,11
4605720,36
4605721,2
4605737,3
4605738,31
4605741,58
4605747,6
4605752,5
4605763,2
4605768,4
4605772,2
4605773,2
4605776,9
4605793,6
4605801,91
4605806,20
4605809,16
4605813,6
4605815,54
4605823,17
4605830,24
4605846,4
4605853,9
4605856,12
4605857,1
4605862,5
4605863,34
4605864,4
4605865,2
4605867,1
4605868,276
4605869,5
4605872,45
4605874,1
4605882,6
4605890,136
4605892,2
4605893,16
4605906,17
4605907,441
4605909,31
4605934,19
4605936,4
4605937,71
4605942,12
4605948,68
4605961,14
4605962,3
4605964,12
4605970,2
4605971,2
4605972,16
4605978,764
4605979,2
4605987,20
4605991,9
4605992,29
4605993,2
4605995,50
4606006,5
4606014,5
4606019,8
4606027,2
4606030,1
4606034,16
4606040,1
4606042,33
4606045,141
4606047,5
4606051,541
4606053,10
4606054,12
4606056,5
4606061,14
4606062,1
4606067,5
4606071,5
4606076,3
4606088,24
4606089,177
4606091,7
4606093,18
4606097,3
4606103,5
4606106,4
4606109,2
4606114,19
4606115,5
4606117,1
4606118,1
4606128,4
4606130,11
4606132,101
4606133,3
4606135,1
4606136,71
4606139,2
4606141,1
4606142,8
4606143,4
4606144,1
4606145,3
4606150,5
4606152,17
4606158,1
4606159,6
4606161,3
4606166,3
4606168,2
4606171,42
4606175,2
4606179,39
4606181,3
4606184,13
4606186,2
4606188,178
4606192,7
4606195,45
4606197,56
4606202,43
4606203,6
4606205,1
4606209,1
4606211,9
4606213,47
4606215,1
4606217,21
4606219,2
4606222,50
4606225,23
4606227,6
4606232,1
4606235,7
4606236,3
4606241,12
4606242,23
4606244,1
4606251,1
4606253,1
4606259,5
4606262,1
4606263,112
4606265,49
4606272,160
4606276,1
4606277,5
4606278,48
4606284,77
4606287,7
4606289,2
4606291,50
4606293,21
4606295,7
4606296,50
4606297,11
4606301,23
4606305,17
4606306,5
4606307,3
4606310,2
4606314,2
4606318,7
4606323,3
4606324,27
4606325,8
4606328,8
4606329,13
4606330,3
4606332,7
4606333,27
4606336,12
4606337,78
4606338,45
4606340,4
4606342,10
4606344,6
4606349,3
4606353,14
4606354,11
4606357,1
4606358,24
4606362,14
4606365,3
4606370,4
4606373,2
4606376,49
4606378,7
4606381,21
4606382,50
4606384,1
4606389,14
4606390,3
4606393,1
4606398,1
4606401,3
4606404,9
4606405,59
4606408,5
4606410,23
4606411,1
4606412,5
4606414,22
4606415,2
4606416,12
4606418,2
4606423,16
4606424,3
4606426,9
4606429,11
4606430,6
4606436,2
4606441,1
4606443,6
4606445,8
4606447,7
4606448,167
4606449,6
4606450,18
4606451,7
4606455,1
4606458,1
4606460,6
4606462,21
4606466,1
4606467,1
4606470,23
4606471,9
4606472,14
4606473,33
4606478,107
4606487,7
4606489,1
4606490,25
4606491,13
4606492,41
4606496,7
4606497,7
4606498,1
4606500,32
4606503,8
4606508,1
4606510,5
4606511,5
4606512,1
4606517,6
4606518,18
4606519,6
4606523,61
4606524,23
4606525,5
4606526,1
4606527,1
4606528,13
4606529,14
4606530,29
4606531,4
4606536,1
4606539,15
4606544,1
4606545,13
4606548,42
4606553,3
4606555,2
4606556,7
4606557,124
4606558,21
4606560,2
4606562,23
4606569,1
4606570,2
4606572,9
4606575,3
4606578,53
4606581,4
4606583,9
4606585,1
4606589,1
4606590,1
4606592,2
4606595,6
4606596,3
4606601,7
4606602,2
4606603,10
4606604,15
4606605,2
4606606,68
4606607,3
4606608,1
4606609,2
4606610,7
4606611,1
4606615,9
4606616,5
4606618,182
4606619,1
4606620,8
4606621,1
4606622,5
4606623,1
4606626,2
4606627,8
4606630,1
4606631,1
4606632,1
4606633,1
4606638,19
4606639,2
4606642,13
4606643,1
4606647,43
4606651,24
4606653,1
4606656,1
4606658,4
4606659,2
4606660,6
4606661,1
4606667,13
4606668,10
4606671,6
4606675,1
4606677,3
4606680,2
4606681,1
4606686,125
4606687,3
4606690,2
4606691,7
4606694,20
4606695,21
4606696,5
4606698,1
4606699,18
4606700,1
4606701,2
4606704,3
4606706,18
4606708,2
4606711,1
4606713,17
4606714,1
4606715,120
4606721,3
4606722,66
4606723,2
4606724,5
4606727,10
4606732,2
4606735,1
4606736,54
4606739,2
4606741,11
4606742,1
4606743,2
4606749,1
4606750,140
4606751,364
4606752,6
4606753,1
4606756,3
4606758,11
4606760,3
4606761,2
4606764,1
4606766,1
4606772,7
4606773,6
4606775,1
4606784,2
4606787,20
4606789,106
4606790,1
4606791,4
4606792,28
4606793,2
4606796,16
4606801,1
4606803,7
4606804,4
4606805,4
4606807,14
4606812,5
4606814,4
4606817,1
4606818,1
4606820,4
4606821,1
4606822,5
4606825,1
4606829,3
4606832,2
4606833,4
4606839,2
4606840,2
4606843,9
4606846,91
4606847,1
4606850,21
4606851,1
4606852,3
4606853,20
4606855,4
4606857,1
4606859,3
4606866,1
4606869,1
4606870,341
4606874,4
4606875,4
4606877,92
4606880,127
4606881,1
4606884,5
4606885,37
4606887,13
4606889,4
4606890,7
4606891,14
4606894,1
4606898,163
4606899,2
4606900,15
4606902,31
4606906,57
4606907,2
4606908,2
4606911,51
4606914,3
4606925,1
4606929,3
4606930,2
4606934,3
4606936,92
4606938,1
4606941,1
4606942,15
4606944,14
4606946,3
4606950,3
4606951,4
4606952,3
4606954,1
4606955,7
4606956,5
4606958,378
4606965,2
4606967,1
4606974,2
4606979,1
4606980,1
4606981,1
4606984,7
4606985,15
4606987,4
4606988,71
4606992,4
4606994,1
4606996,4
4606997,3
4607001,6
4607004,3
4607008,1
4607009,326
4607013,2
4607014,18
4607018,17
4607019,3
4607024,3
4607025,6
4607028,17
4607030,1
4607031,9
4607032,3
4607038,2
4607039,7
4607040,2
4607042,85
4607043,1
4607045,16
4607047,25
4607048,2
4607049,4
4607053,1
4607057,42
4607058,112
4607061,30
4607062,44
4607063,21
4607064,1
4607065,1
4607067,1
4607068,12
4607070,1
4607071,2
4607072,4
4607074,17
4607076,1
4607078,6
4607079,3
4607081,8
4607082,17
4607085,12
4607086,3
4607089,18
4607091,37
4607094,92
4607097,9
4607103,15
4607105,1
4607107,2
4607111,17
4607112,2
4607113,4
4607117,18
4607121,33
4607123,1
4607125,75
4607126,1
4607128,2
4607129,2
4607132,1
4607134,21
4607139,25
4607142,1
4607144,8
4607145,2
4607146,17
4607147,6
4607156,28
4607157,6
4607161,21
4607162,5
4607164,2
4607165,80
4607166,13
4607170,2
4607171,21
4607173,2
4607176,41
4607178,332
4607181,1
4607183,8
4607186,13
4607188,8
4607189,2
4607191,217
4607193,2
4607194,1
4607195,1
4607197,6
4607200,7
4607202,1
4607203,66
4607204,5
4607205,4
4607206,2
4607208,6
4607209,1
4607211,2
4607213,2
4607216,7
4607221,5
4607225,1
4607226,1
4607227,3
4607228,3
4607230,2
4607236,61
4607240,13
4607241,16
4607243,14
4607248,21
4607252,24
4607254,2
4607259,3
4607260,9
4607264,1
4607265,18
4607266,20
4607268,6
4607270,1
4607273,607
4607275,4
4607277,17
4607278,4
4607280,18
4607281,1
4607282,29
4607283,8
4607284,17
4607285,4
4607286,1
4607287,5
4607288,11
4607289,30
4607290,8
4607291,49
4607293,5
4607296,24
4607297,6
4607299,1
4607303,3
4607304,27
4607305,1
4607308,7
4607310,11
4607311,24
4607315,31
4607316,18
4607317,1
4607318,17
4607320,15
4607322,17
4607326,4
4607332,15
4607333,12
4607334,11
4607337,46
4607338,11
4607339,7
4607341,5
4607342,10
4607344,12
4607349,1
4607350,22
4607352,3
4607353,13
4607355,5
4607357,4
4607358,2
4607361,1
4607362,10
4607364,1
4607366,11
4607369,17
4607371,2
4607375,14
4607376,5
4607382,31
4607383,3
4607384,15
4607386,11
4607387,1
4607388,2
4607393,2
4607394,2
4607396,16
4607397,10
4607404,1
4607406,57
4607407,19
4607408,8
4607410,2
4607411,2
4607412,1
4607414,7
4607415,6
4607416,13
4607421,27
4607423,2
4607425,3
4607430,93
4607433,3
4607434,2
4607435,2
4607437,10
4607438,2
4607439,12
4607441,19
4607442,2
4607444,1
4607445,33
4607449,1
4607450,14
4607451,104
4607452,11
4607453,7
4607454,3
4607455,2
4607456,35
4607458,55
4607459,5
4607460,31
4607462,7
4607463,8
4607465,1
4607466,33
4607467,45
4607470,21
4607471,2
4607474,3
4607475,34
4607476,4
4607477,5
4607479,43
4607482,10
4607484,18
4607485,7
4607490,26
4607491,18
4607492,3
4607495,6
4607496,2
4607497,7
4607498,11
4607502,4
4607508,5
4607509,12
4607511,6
4607512,11
4607516,6
4607519,53
4607521,1
4607522,57
4607526,5
4607527,4
4607530,22
4607533,4
4607536,5
4607537,72
4607541,9
4607543,1
4607545,118
4607546,11
4607547,20
4607549,8
4607551,21
4607553,8
4607554,18
4607555,4
4607556,1
4607557,2
4607558,17
4607560,14
4607562,38
4607563,5
4607565,30
4607566,46
4607567,37
4607569,6
4607572,63
4607573,1
4607576,22
4607578,3
4607579,14
4607581,9
4607582,7
4607583,4
4607584,1
4607586,2
4607587,1
4607588,8
4607590,2
4607591,1
4607593,1
4607594,2
4607595,4
4607596,3
4607597,12
4607602,2
4607603,4
4607605,3
4607609,11
4607612,2
4607617,1
4607621,28
4607622,59
4607628,5
4607633,9
4607640,2
4607642,34
4607643,2
4607645,1
4607646,5
4607647,5
4607648,6
4607649,5
4607652,1
4607654,33
4607655,1
4607659,1
4607661,1
4607662,1
4607663,2
4607667,41
4607668,31
4607669,14
4607671,1
4607672,2
4607673,23
4607674,69
4607676,4
4607678,29
4607680,8
4607684,68
4607688,27
4607690,7
4607693,8
4607694,1
4607695,3
4607696,42
4607699,30
4607701,25
4607706,9
4607708,1
4607709,1
4607710,1
4607711,502
4607712,7
4607713,8
4607714,4
4607720,21
4607721,35
4607722,3
4607725,3
4607726,1
4607727,63
4607729,75
4607730,7
4607731,4
4607732,2
4607733,14
4607734,1
4607735,2
4607736,29
4607738,22
4607743,9
4607744,44
4607745,14
4607747,1
4607749,21
4607751,19
4607753,20
4607756,18
4607757,21
4607759,1
4607761,9
4607762,29
4607764,34
4607765,13
4607768,52
4607770,76
4607772,2
4607773,6
4607775,1
4607776,1
4607777,1
4607778,2
4607780,1
4607781,18
4607782,9
4607783,2
4607784,9
4607785,1
4607788,10
4607789,3
4607790,7
4607791,2
4607792,9
4607795,1
4607796,11
4607801,12
4607802,29
4607803,27
4607805,6
4607809,42
4607810,12
4607811,2
4607812,9
4607814,8
4607817,6
4607818,3
4607819,14
4607820,19
4607821,38
4607822,15
4607825,6
4607828,2
4607830,1
4607831,2
4607832,20
4607833,34
4607834,11
4607835,16
4607836,11
4607837,39
4607838,66
4607839,29
4607841,2
4607845,2
4607847,12
4607850,19
4607852,2
4607853,31
4607854,5
4607857,109
4607859,2
4607860,18
4607861,41
4607862,30
4607866,33
4607871,1
4607874,15
4607876,1
4607877,4
4607878,1
4607880,7
4607887,13
4607888,1
4607891,7
4607892,5
4607896,1
4607897,12
4607898,20
4607899,149
4607900,66
4607903,18
4607904,9
4607905,1
4607907,1
4607908,695
4607909,1
4607912,14
4607913,2
4607917,4
4607919,19
4607920,12
4607921,4
4607922,1
4607929,7
4607930,9
4607931,2
4607932,28
4607934,16
4607938,259
4607943,3
4607945,184
4607946,9
4607947,10
4607948,11
4607950,3
4607952,22
4607958,23
4607961,8
4607963,1
4607967,8
4607968,19
4607969,4
4607971,20
4607972,31
4607973,1
4607980,7
4607981,35
4607982,1
4607983,31
4607984,19
4607985,129
4607986,4
4607987,1
4607988,1
4607995,5
4607996,18
4607998,1
4607999,1
4608001,36
4608002,9
4608003,8
4608004,33
4608007,68
4608008,3
4608009,2
4608010,5
4608013,1
4608014,1
4608015,5
4608016,13
4608017,7
4608018,24
4608019,354
4608020,2
4608021,1
4608022,30
4608023,1
4608030,45
4608031,9
4608032,3
4608034,23
4608035,4
4608036,22
4608042,15
4608043,25
4608048,48
4608050,1
4608051,6
4608052,9
4608054,1
4608055,178
4608056,8
4608059,3
4608062,4
4608063,11
4608066,1
4608068,4
4608071,17
4608074,92
4608075,2
4608076,14
4608079,20
4608080,7
4608082,2
4608084,35
4608086,20
4608088,33
4608091,1
4608092,7
4608100,1
4608101,7
4608102,56
4608103,16
4608104,3
4608108,26
4608109,2
4608110,75
4608112,2
4608113,7
4608114,2
4608116,1
4608117,13
4608119,27
4608120,22
4608122,18
4608123,1
4608124,10
4608126,1
4608129,27
4608131,40
4608132,83
4608133,74
4608134,5
4608135,48
4608137,25
4608138,6
4608139,3
4608145,13
4608146,13
4608147,32
4608148,3
4608149,11
4608151,6
4608152,4
4608153,6
4608155,18
4608158,3
4608159,155
4608163,2
4608168,1
4608169,22
4608172,10
4608174,13
4608175,1
4608176,5
4608177,16
4608179,11
4608181,17
4608183,1
4608184,9
4608185,47
4608186,18
4608190,1
4608192,12
4608194,193
4608195,13
4608199,2
4608200,92
4608201,30
4608203,6
4608205,44
4608208,2
4608210,19
4608211,11
4608214,22
4608215,1
4608216,3
4608218,106
4608219,8
4608220,9
4608222,1
4608224,52
4608225,3
4608226,7
4608228,8
4608230,33
4608231,2
4608236,4
4608239,3
4608240,4
4608244,2
4608246,4
4608247,52
4608248,2
4608249,78
4608252,5
4608253,2
4608254,1
4608256,15
4608258,1
4608259,9
4608260,2
4608261,1
4608263,82
4608264,28
4608266,104
4608268,59
4608271,10
4608275,3
4608278,3
4608279,5
4608280,1
4608284,33
4608285,190
4608287,1
4608288,16
4608295,83
4608296,14
4608297,116
4608298,1
4608299,6
4608301,12
4608303,2
4608305,240
4608307,34
4608308,14
4608309,24
4608311,97
4608312,1
4608315,339
4608316,1
4608317,2
4608318,2
4608320,9
4608322,1
4608326,5
4608328,18
4608329,16
4608330,32
4608331,1
4608332,3
4608338,8
4608339,5
4608340,4
4608342,14
4608345,10
4608353,1
4608356,11
4608357,2
4608358,14
4608359,45
4608360,2
4608362,14
4608364,25
4608365,193
4608366,76
4608367,16
4608369,158
4608371,1
4608374,169
4608376,24
4608377,217
4608378,11
4608380,6
4608381,23
4608382,8
4608383,21
4608384,77
4608385,4
4608386,1
4608387,30
4608389,2
4608390,28
4608392,20
4608393,6
4608394,5
4608395,17
4608397,2
4608398,4
4608399,6
4608400,1
4608401,20
4608402,130
4608403,10
4608404,15
4608405,7
4608407,98
4608409,24
4608410,20
4608411,34
4608412,34
4608414,4
4608419,1
4608422,9
4608426,4
4608427,19
4608429,216
4608430,2
4608431,1
4608434,6
4608436,592
4608437,111
4608438,6
4608439,1
4608441,36
4608442,57
4608443,10
4608445,4
4608446,5
4608447,32
4608449,2
4608450,2
4608454,1
4608455,6
4608457,61
4608458,3
4608460,40
4608461,2
4608462,5
4608463,1
4608465,37
4608470,71
4608471,2
4608473,16
4608474,25
4608476,25
4608481,6
4608482,25
4608486,16
4608487,38
4608488,1
4608492,107
4608493,27
4608496,1
4608497,33
4608499,1
4608501,13
4608502,5
4608503,17
4608504,6
4608505,5
4608508,11
4608509,95
4608510,2
4608511,8
4608513,119
4608514,43
4608515,38
4608516,4
4608519,4
4608520,7
4608522,18
4608523,104
4608526,65
4608530,5
4608531,1
4608533,12
4608534,1
4608537,42
4608538,1
4608539,9
4608540,18
4608541,3
4608544,4
4608545,1
4608546,1
4608548,9
4608549,39
4608550,6
4608551,115
4608553,160
4608556,6
4608557,11
4608559,5
4608560,33
4608561,22
4608562,2
4608563,16
4608564,20
4608565,3
4608566,9
4608567,28
4608569,1
4608570,147
4608571,38
4608573,15
4608575,1
4608576,20
4608577,24
4608579,17
4608580,24
4608581,8
4608582,23
4608583,34
4608584,12
4608586,6
4608587,1
4608588,5
4608589,270
4608590,5
4608591,17
4608592,4
4608593,88
4608594,37
4608596,32
4608598,6
4608599,1
4608600,19
4608602,1
4608603,49
4608604,20
4608606,1
4608607,2
4608608,6
4608610,21
4608611,1
4608613,12
4608615,5
4608619,7
4608620,10
4608622,468
4608625,181
4608626,5
4608628,2
4608629,1
4608630,11
4608631,21
4608632,47
4608633,132
4608634,43
4608635,63
4608636,144
4608637,298
4608639,8
4608644,7
4608645,244
4608646,20
4608647,43
4608650,114
4608652,7
4608655,7
4608656,60
4608658,1
4608659,16
4608660,1
4608661,17
4608662,39
4608663,79
4608664,7
4608666,3
4608667,1
4608669,23
4608670,6
4608671,2
4608672,1
4608674,4
4608675,6
4608676,65
4608679,45
4608680,168
4608682,1
4608683,19
4608684,21
4608685,13
4608687,5
4608688,11
4608690,2
4608693,42
4608694,17
4608696,1
4608698,51
4608701,11
4608702,27
4608703,1
4608704,96
4608706,9
4608707,11
4608708,2
4608710,1
4608711,1
4608712,6
4608713,10
4608714,19
4608715,74
4608716,18
4608717,5
4608718,21
4608721,13
4608723,5
4608724,1
4608726,25
4608727,2
4608728,8
4608730,293
4608732,2
4608735,58
4608737,3
4608738,114
4608739,16
4608740,1
4608741,51
4608743,7
4608744,19
4608745,24
4608749,3
4608751,786
4608752,24
4608753,10
4608755,3
4608756,16
4608758,90
4608759,565
4608760,4
4608761,39
4608762,2
4608763,225
4608764,2
4608765,2
4608769,3
4608772,100
4608773,3
4608775,6
4608776,20
4608777,21
4608778,105
4608779,1
4608782,2
4608783,6
4608785,14
4608786,4
4608787,202
4608788,7
4608789,16
4608791,173
4608793,14
4608794,3
4608798,126
4608799,9
4608801,334
4608802,110
4608803,9
4608804,3
4608807,14
4608808,284
4608809,16
4608810,3
4608811,7
4608812,27
4608814,39
4608815,27
4608817,2
4608818,19
4608820,8
4608821,26
4608823,1
4608825,3
4608826,1
4608827,9
4608828,3
4608829,220
4608831,11
4608832,1
4608833,31
4608835,88
4608836,35
4608837,50
4608838,35
4608839,1
4608840,8
4608845,28
4608847,3
4608848,5
4608849,12
4608850,4
4608852,70
4608854,1
4608855,31
4608857,11
4608858,27
4608860,35
4608861,5
4608862,30
4608863,11
4608864,509
4608867,20
4608868,1
4608869,14
4608870,43
4608871,3
4608873,26
4608875,34
4608878,347
4608879,11
4608880,13
4608884,26
4608885,46
4608889,18
4608890,152
4608891,51
4608892,37
4608893,4
4608894,2
4608895,1
4608897,4
4608899,4
4608900,1
4608901,1
4608902,28
4608904,7
4608906,13
4608907,2
4608909,83
4608913,23
4608914,12
4608917,49
4608918,3
4608919,4
4608921,33
4608923,25
4608924,1
4608927,2
4608928,22
4608929,1
4608930,55
4608931,1
4608932,187
4608933,7
4608934,1
4608936,16
4608937,2
4608939,118
4608940,7
4608942,7
4608945,5
4608947,14
4608949,42
4608950,3
4608955,4
4608956,6
4608959,8
4608960,1
4608961,15
4608963,3
4608964,4
4608967,38
4608970,1
4608971,2
4608973,33
4608974,3
4608976,4
4608977,48
4608978,1
4608981,6
4608984,62
4608986,3
4608990,12
4608992,3
4608993,101
4608994,130
4608997,3
4608999,66
4609000,2
4609001,1
4609002,22
4609005,16
4609006,8
4609007,17
4609009,4
4609010,12
4609015,20
4609017,14
4609018,121
4609019,2
4609020,73
4609022,1
4609024,6
4609025,1
4609026,56
4609027,17
4609028,431
4609029,365
4609030,25
4609031,8
4609035,11
4609036,35
4609038,8
4609040,1
4609041,9
4609042,58
4609043,8
4609046,30
4609048,222
4609049,2
4609050,8
4609051,36
4609052,4
4609053,4
4609054,125
4609055,35
4609057,4
4609060,80
4609061,3
4609062,80
4609063,2
4609064,1
4609065,21
4609066,71
4609067,4
4609068,14
4609069,2
4609070,53
4609071,6
4609072,3
4609073,53
4609075,54
4609080,1
4609081,9
4609082,60
4609084,42
4609085,70
4609086,386
4609089,12
4609091,199
4609092,94
4609093,14
4609096,22
4609099,2
4609100,10
4609101,42
4609104,1
4609105,74
4609106,1
4609107,28
4609108,128
4609110,9
4609111,7
4609113,1
4609114,6
4609115,78
4609116,1
4609119,5
4609120,8
4609122,4
4609123,7
4609125,16
4609126,8
4609128,1
4609129,4
4609131,13
4609132,27
4609133,3
4609135,17
4609136,73
4609137,9
4609138,6
4609143,2
4609146,6
4609148,47
4609150,84
4609151,18
4609152,198
4609153,3
4609154,91
4609155,2
4609158,2
4609159,5
4609160,1
4609162,21
4609163,125
4609164,16
4609167,3
4609168,4
4609170,21
4609171,40
4609172,150
4609173,24
4609174,22
4609175,1
4609176,4
4609177,8
4609180,13
4609182,3
4609184,13
4609185,1
4609187,31
4609188,16
4609191,16
4609192,138
4609193,40
4609194,10
4609198,8
4609201,6
4609203,2
4609204,13
4609207,9
4609209,31
4609210,21
4609211,3
4609212,82
4609213,31
4609215,71
4609216,15
4609217,216
4609218,1
4609219,5
4609220,4
4609221,94
4609222,27
4609223,30
4609225,4
4609226,18
4609227,11
4609229,9
4609230,125
4609231,21
4609235,1
4609236,4
4609237,44
4609239,2
4609241,9
4609243,21
4609244,27
4609245,7
4609246,20
4609247,9
4609254,15
4609255,1
4609257,5
4609258,190
4609261,120
4609262,1
4609266,36
4609267,5
4609269,10
4609271,10
4609272,16
4609275,6
4609277,29
4609279,21
4609280,41
4609281,6
4609282,1
4609285,15
4609286,10
4609287,3
4609289,8
4609292,2
4609293,40
4609294,49
4609296,42
4609297,141
4609298,3
4609299,9
4609301,31
4609302,2
4609304,4
4609307,8
4609309,12
4609311,8
4609315,3
4609316,2
4609319,159
4609322,1
4609325,44
4609328,20
4609329,19
4609339,1
4609341,3
4609343,10
4609345,16
4609348,25
4609351,5
4609353,19
4609357,41
4609361,33
4609362,18
4609363,1
4609364,6
4609369,10
4609370,3
4609371,8
4609373,2
4609374,1
4609375,25
4609376,3
4609377,36
4609378,17
4609379,3
4609380,1
4609383,12
4609387,11
4609389,1
4609390,5
4609391,1
4609395,19
4609400,1
4609409,4
4609414,6
4609415,9
4609417,1
4609420,1
4609424,3
4609425,8
4609427,68
4609428,3
4609439,1
4609441,2
4609442,1
4609447,110
4609448,5
4609455,2
4609462,8
4609471,18
4609473,1
4609474,30
4609475,84
4609484,1
4609490,1
4609495,50
4609496,35
4609501,1
4609507,6
4609513,1
4609514,58
4609517,2
4609520,1
4609522,112
4609523,6
4609528,25
4609529,1
4609531,2
4609533,55
4609535,1
4609537,13
4609538,3
4609540,1
4609541,40
4609545,5
4609546,3
4609550,81
4609556,1
4609563,35
4609564,2
4609568,1
4609569,60
4609572,2
4609573,2
4609574,26
4609575,51
4609578,1
4609582,2
4609583,4
4609588,5
4609589,1
4609591,3
4609592,1
4609597,1
4609598,8
4609599,3
4609602,13
4609606,1
4609608,12
4609609,4
4609611,7
4609614,13
4609615,7
4609616,3
4609627,4
4609628,3
4609631,4
4609632,2
4609637,2
4609638,1
4609640,11
4609641,1
4609648,2
4609649,5
4609651,4
4609653,3
4609657,6
4609658,1
4609663,5
4609671,1
4700003,34
4700005,3
4700006,1
4700007,10
4700024,19
4700027,3
4700028,27
4700029,20
4700032,5
4700038,2
4700040,10
4700044,278
4700045,27
4700053,17
4700054,79
4700057,1
4700059,5
4700060,62
4700064,20
4700068,5
4700091,13
4700094,18
4700095,52
4700097,45
4700114,27
4700119,220
4700135,12
4700136,5
4700144,1
4700146,136
4700148,195
4700201,18
4700214,4
4700215,48
4700216,10
4700218,25
4700219,48
4700220,22
4700221,13
4700222,237
4700235,147
4700276,2
4700286,16
4700287,1
4700378,1
4700398,462
4700407,14
4700587,222
4700588,156
4700593,14
4700697,3
4700699,1
4700723,1
4700728,14
4700746,56
4700749,176
4700754,4
4700755,1
4700759,19
4700776,2
4700786,1
4700788,11
4700790,1
4700791,4
4700792,31
4700793,2
4700796,10
4700803,10
4700810,1
4700812,7
4700813,43
4700820,4
4700825,17
4700848,4
4700853,1
4700862,27
4700863,1
4700868,41
4700870,2
4700872,25
4700873,1
4700877,1
4700907,6
4700917,10
4700918,1
4700920,5
4700924,1
4700942,6
4700949,1
4700952,10
4700953,2
4700954,20
4700956,2
4700957,1
4700963,20
4700973,1
4700974,1
4700979,6
4700983,5
4700992,4
4701017,4
4701094,6
4701100,30
4701102,1
4701109,11
4701110,4
4701111,3
4701140,64
4701146,15
4701147,19
4701176,3
4701177,1
4701182,1
4701184,63
4701196,6
4701203,4
4701206,1
4701255,12
4701404,1
4701414,2
4701419,18
4701422,1
4701519,3
4701542,2
4701551,8
4701556,2
4701589,18
4701590,5
4701724,11
4701730,15
4701758,2
4701791,3
4701834,12
4701855,3
4701857,2
4701858,1
4701960,1
4701964,16
4702026,6
4702029,5
4702043,1
4702044,4
4702103,1
4702204,1
4702221,4
4702233,2
4702284,6
4702304,1
4702405,34
4702429,19
4702430,3
4702457,1
4702505,6
4702517,35
4702526,1
4702533,2
4702535,1
4702536,3
4702537,1
4702545,32
4702547,6
4702550,1
4702555,183
4702567,253
4702580,257
4702583,1
4702594,6
4702599,13
4702601,3
4702602,1
4702607,13
4702626,2
4702646,9
4702649,32
4702650,26
4702651,23
4702657,1
4702676,3
4702688,7
4702691,4
4702697,1
4702701,1
4702709,5
4702716,2
4702727,4
4702737,1
4702749,1
4702752,6
4702772,1
4702777,1
4702780,1
4702782,1
4702787,1
4702789,5
4702790,6
4702792,2
4702794,1
4702795,7
4702796,1
4702797,1
4702800,4
4702802,12
4702806,3
4702808,11
4702811,7
4702812,2
4702813,6
4702817,5
4702819,1
4702820,15
4702823,4
4702824,1
4702827,4
4702828,3
4702839,13
4702841,2
4702842,8
4702843,1
4702845,1
4702846,2
4702848,2
4702849,11
4702850,16
4702851,9
4702855,17
4702856,38
4702857,58
4702861,1
4702863,2
4702866,1
4702867,6
4702868,1
4702869,1
4702872,8
4702873,26
4702874,25
4702875,1
4702877,1
4702878,3
4702882,2
4702894,17
4702896,2
4702898,46
4702899,1
4702900,1
4702904,7
4702905,3
4702906,1
4702907,1
4702910,15
4702911,2
4702912,1
4702913,8
4702914,8
4702915,10
4702917,6
4702918,134
4702920,5
4702921,6
4702922,8
4702923,2
4702926,1
4702928,55
4702929,4
4702930,3
4702931,2
4702932,10
4702935,11
4702937,29
4702938,3
4702939,4
4702941,4
4702943,3
4702945,1
4702947,2
4702948,6
4702955,5
4702957,15
4702960,8
4702962,3
4702966,4
4702967,1
4702968,19
4702971,12
4702972,6
4702974,3
4702975,2
4702980,3
4702981,1
4702982,2
4702990,3
4702992,1
4702993,1
4702995,1
4703001,3
4703002,6
4703003,2
4703004,1
4703009,5
4703012,4
4703013,2
4703015,1
4703016,2
4703018,4
4703020,13
4703022,10
4703023,6
4703027,1
4703028,2
4703031,5
4703036,6
4703039,2
4703040,13
4703041,1
4703045,1
4703046,2
4703047,1
4703049,4
4703051,1
4703053,1
4703056,4
4703059,13
4703063,2
4703066,4
4703068,1
4703069,3
4703073,1
4703074,1
4703080,5
4703082,1
4703084,8
4703086,2
4703089,1
4703092,1
4703093,2
4703095,1
4703096,7
4703098,3
4703100,2
4703102,3
4703103,1
4703107,8
4703108,2
4703110,46
4703113,1
4703114,2
4703124,1
4703125,13
4703126,3
4703130,2
4703132,2
4703135,11
4703138,9
4703139,37
4703140,1
4703144,2
4703145,1
4703146,3
4703149,7
4703153,13
4703155,5
4703156,6
4703157,2
4703160,28
4703161,5
4703172,1
4703177,1
4703182,90
4703184,1
4703186,2
4703187,1
4703194,1
4703195,4
4703196,8
4703197,2
4703198,10
4703204,2
4703206,1
4703208,1
4703211,3
4703212,1
4703213,7
4703215,1
4703227,1
4703230,2
4703235,7
4703240,1
4703250,1
4703254,4
4703256,1
4703262,6
4703267,3
4703274,11
4703280,1
4703283,6
4703291,2
4703296,1
4703297,3
4703300,1
4703301,3
4703304,2
4703307,3
4703308,3
4703317,1
4703323,6
4703326,6
4703332,1
4703341,1
4703343,3
4703347,1
4703357,3
4703369,1
4703372,1
4703377,2
4703378,2
4703387,1
4703392,1
4703395,1
4703397,1
4703402,4
4703403,4
4703405,2
4703407,1
4703428,2
4703430,3
4703434,1
4703435,1
4703444,3
4703445,6
4703448,1
4703451,1
4703452,1
4703453,9
4703455,2
4703460,1
4703463,4
4703466,5
4703473,1
4703475,1
4703476,2
4703490,1
4703496,2
4703505,1
4703509,3
4703512,12
4703519,19
4703520,3
4703527,1
4703528,10
4703530,2
4703543,1
4703546,1
4703556,2
4703569,5
4703581,2
4703588,1
4703590,2
4703595,1
4703597,4
4703598,2
4703599,21
4703605,1
4703607,22
4703609,3
4703610,1
4703611,29
4703612,2
4703616,1
4703620,3
4703622,4
4703624,14
4703625,55
4703628,7
4703629,4
4703633,3
4703634,1
4703636,8
4703639,2
4703640,1
4703641,1
4703642,20
4703644,19
4703646,19
4703647,1
4703649,2
4703654,4
4703655,6
4703662,1
4703664,24
4703665,17
4703669,1
4703670,1
4703671,5
4703675,14
4703678,6
4703679,6
4703683,1
4703686,18
4703692,3
4703695,1
4703699,45
4703703,11
4703705,25
4703710,1
4703711,1
4703712,5
4703713,3
4703717,7
4703718,4
4703720,1
4703721,1
4703740,2
4703742,25
4703750,4
4703755,3
4703759,20
4703761,4
4703772,2
4703786,1
4703791,7
4703798,1
4703803,1
4703813,2
4703823,3
4703829,1
4703855,2
4703859,1
4703877,1
4703890,1
4703924,2
4703943,1
4703973,1
4703989,1
4800004,19
4800007,443
4800011,4
4800018,109
4800026,23
4800057,197
4800059,74
4800070,125
4800082,97
4800083,115
4800084,10
4800085,173
4800086,407
4800090,33
4800145,9
4800152,1616
4800154,485
4800155,1726
4800172,1
4800243,121
4800245,127
4800274,1
4800282,2
4800287,14
4800289,6
4800290,1
4800293,1
4800297,1
4800466,6
4800479,1
4800490,50
4800514,4
4800529,17
4800533,64
4800557,1
4800559,2
4800588,3
4800594,100
4800597,4
4800602,124
4800603,86
4800607,6
4800611,148
4800612,76
4800617,130
4800629,1
4800630,2
4800639,292
4800671,2
4800677,490
4800715,17
4800732,356
4800774,1
4800807,11
4800826,6
4800828,54
4800837,23
4800855,6
4800861,13
4800862,4
4800877,38
4800888,121
4800889,27
4800900,44
4800948,1
4800954,25
4800969,21
4800974,20
4800977,909
4800987,86
4800992,286
4800993,199
4800997,294
4801012,38
4801016,18
4801019,22
4801024,2
4801034,367
4801038,1
4801039,2
4801042,19
4801044,2
4801048,1
4801051,3
4801052,38
4801054,1
4801069,15
4801078,304
4801096,11
4801099,12
4801104,8
4801105,1
4801121,18
4801125,6
4801141,14
4801147,4
4801148,42
4801180,187
4801181,7
4801186,304
4801189,4
4801191,15
4801200,247
4801203,30
4801215,72
4801236,1
4801248,58
4801254,1
4801290,21
4801292,3
4801295,884
4801302,4
4801304,1
4801310,2
4801312,5
4801326,14
4801331,3
4801337,203
4801340,57
4801343,3
4801346,6
4801353,838
4801354,1
4801355,76
4801357,14
4801363,31
4801369,4
4801370,1
4801371,1
4801374,6
4801375,139
4801376,7
4801378,2
4801383,25
4801384,1
4801391,8
4801393,3
4801399,29
4801400,7
4801402,1
4801404,54
4801405,79
4801410,1
4801413,1
4801416,1
4801417,10
4801418,1
4801419,7
4801421,1
4801422,4
4801424,3
4801428,1
4801429,78
4801440,1
4801442,1
4801449,1
4801452,2
4801454,3
4801459,17
4801465,3
4801468,1
4801469,1
4801474,1
4801475,59
4801478,18
4801479,1
4801481,5
4801482,6
4801483,2
4801485,1
4801486,3
4801487,17
4801488,5
4801489,7
4801491,5
4801497,436
4801498,2
4801500,3
4801503,19
4801505,1
4801508,2
4801510,1
4801511,2
4801513,21
4801516,1
4801518,27
4801522,4
4801529,6
4801534,6
4801535,2
4801538,1
4801539,20
4801540,8
4801545,1
4801547,3
4801551,1
4801562,1
4801566,1
4801568,1
4801569,2
4801570,1
4801571,2
4801573,1
4801574,11
4801587,2
4801590,3
4801592,1
4801598,15
4801610,1
4801620,1
4801628,2
4801634,1
4801636,2
4801637,2
4801638,2
4801645,8
4801646,241
4801649,1
4801652,1
4801656,1
4801664,3
4801670,6
4801679,5
4801681,1
4801688,1
4801694,1
4801698,14
4801705,8
4801706,6
4801709,6
4801711,1
4801714,1
4801718,2
4801729,1
4801740,1
4801742,3
4801750,1
4801751,23
4801754,1
4801757,2
4801759,1
4801766,8
4801768,27
4801770,4
4801771,1
4801774,1
4801785,1
4801791,1
4801803,1
4801818,1
4801833,11
4801841,1
4801846,6
4801851,1
4801853,2
4801864,1
4801891,4
4801893,2
4801899,1
5000030,180
500005,2
500009,15
500012,1
5000244,4
5000297,1
5000328,9
5000338,4
5000345,4
500037,365
500039,305
5000443,1
5000444,5
500059,1
500070,1
500073,28
5000883,8
5000998,16
5001031,86
5001032,1
5001035,28
5001185,13
5001196,18
5001198,2
5001231,1
5001242,2
5001267,600
5001275,4
5001282,37
5001301,1
5001302,4
5001309,3
5001314,11
5001315,195
5001317,59
5001334,3
5001357,3
500138,41
5001402,1
5001423,1
5001442,3
5001449,2
5001452,32
5001453,2
5001458,4
5001459,6
5001461,2
5001466,1
5001483,6
5001484,7
5001485,3
5001491,1
5001492,11
5001496,2
5001499,1
5001500,2
5001501,7
5001504,1
5001508,36
5001509,1
5001511,1
5001514,61
5001519,1
5001522,5
5001523,2
5001528,3
5001534,4
5001544,226
5001545,812
5001548,2
5001551,1
5001552,2
5001556,1
5001557,57
5001578,12
5001583,2
5001597,1
5001601,3
5001603,47
5001610,1
5001611,9
5001616,425
5001618,11
5001621,3
5001624,47
5001625,1
5001633,4
5001637,8
5001639,1
5001642,376
5001643,5
5001648,1
5001653,1
5001656,1
5001662,1
5001673,2
5001680,13
5001681,2
5001687,2
5001688,1
5001689,5
5001691,1
5001693,1
5001700,3
5001702,1
5001712,1
5001714,1
5001715,2
5001716,1
5001717,3
5001734,1
5001742,3
5001760,4
5001764,1
5001765,1
5001766,1
5001775,1
5001778,1
5001780,12
5001782,36
5001786,1
5001790,1
5001816,1
5001821,2
5001823,3
5001844,1
5001850,17
5001853,1
5001857,1
5001870,2
5001871,1
5001877,1
5001880,1
5001881,2
5001882,2
5001883,2
5001898,1
500191,1
5001910,3
5001921,2
5001939,1
5001943,1
5001945,1
5001946,2
5001952,1
5001961,2
5001963,1
5001981,1
5001986,4
5001991,1
5001994,2
5002014,1
5002018,1
500202,2
5002045,4
5002061,1
5002079,2
5002102,8
500215,1
500239,1
500259,18
500266,184
500281,150
500289,1
500290,1
500294,83
500296,46
500299,18
500300,26
500301,464
500302,32
500303,14
500304,100
500344,304
500354,74
500409,7
500411,1
500412,4
500413,19
500414,11
500417,242
500433,14
500434,3
500435,3
500437,79
500438,13
500444,30
500469,236
500516,212
500571,37
500579,20
500604,5
500630,34
500790,997
500791,197
500860,80
500864,134
500891,3
500914,1
500925,3
500926,1
500932,6
500954,5
500958,26
500960,62
500962,7
500964,3
500967,2
500996,5
501004,12
501009,1
501013,1
501014,1
501017,1
501027,1
501029,7
501035,1
501043,1
501050,2
501052,4
501053,11
501057,9
501197,18
501337,1
501370,283
501371,6
501437,20
501443,122
501506,8
501658,3
501732,142
501784,2
501785,20
501786,7
501793,1
501840,1
501883,7
501887,3
501899,2
501902,28
501910,26
501914,1
501962,5
502052,1
502140,14
502141,4
502157,8
502172,20
502177,1
502248,4
502254,1
502255,4
502256,293
502266,20
502267,5
502337,62
502342,2
502354,1
502357,13
502370,2
502383,2
502387,6
502399,2
502402,2
502411,6
502421,9
502500,1
502505,4
502552,5
502554,15
502557,3
502583,4
502626,3
502647,5
502650,5
502657,15
502658,12
502666,213
502674,1
502675,6
502718,3
502720,4
502725,2
502729,3
502730,9
502755,5
502777,9
502798,33
502812,1
502820,406
502836,10
502838,327
502844,5
502846,5
502898,70
502912,1
502959,1
502962,308
502993,8
503007,84
503012,54
503013,82
503022,13
503023,2
503024,1
503043,8
503051,1
503065,2
503066,6
503081,1
503092,1
503109,1
503114,1
503119,3
503131,4
503135,1
503139,7
503140,4
503143,97
503152,1
503153,1
503155,1
503167,5
503170,1
503173,3
503178,10
503197,19
503205,3
503215,12
503222,152
503223,9
503232,5
503234,2
503251,1
503256,1
503269,1
503278,1
503295,62
503301,35
503415,2
503422,5
503450,15
503453,16
503455,183
503486,2
503489,2
503505,870
503510,4
503515,36
503517,3
503522,1
503528,96
503530,1
503532,7
503534,1
503538,3
503541,1
503545,1
503553,17
503570,4
503599,2
503605,1
503608,2
503613,1
503627,3
503644,63
503658,26
503659,18
503661,3
503662,1
503669,1
503672,899
503674,2
503683,6
503690,4
503695,517
503701,3
503704,1
503707,24
503718,1
503732,12
503740,9
503748,9
503753,2
503766,1
503771,22
503785,1
503787,104
503788,18
503789,10
503790,5
503791,1
503793,21
503795,3
503797,1
503800,58
503801,6
503802,9
503808,19
503809,4
503811,6
503812,1
503817,2
503818,1
503821,12
503827,5
503833,1
503835,1
503836,1165
503839,3
503840,1
503841,4
503845,5
503850,2
503855,2
503858,8
503860,15
503861,1
503863,1
503866,1
503867,1
503873,1
503875,2
503878,3
503879,1
503883,6
503884,11
503885,1
503886,3
503889,6
503894,1
503902,4
503922,5
503930,8
503935,77
503941,2
503942,4
503943,3
503947,3
503964,57
503967,1
503969,2
503971,1
503973,1
503984,17
503985,5
503988,1
503995,32
503997,10
503998,112
504011,4
504013,1
504014,2
504021,1
504029,1
504032,1
504034,14
504036,1
504037,2
504039,2
504040,2
504042,12
504044,3
504046,3
504050,32
504051,4
504052,1
504053,1
504055,4
504056,5
504057,2
504059,10
504060,2
504061,1
504064,1
504066,1
504067,4
504070,3
504080,2
504092,1
504095,26
504098,3
504099,19
504104,2
504107,1
504110,1
504111,1
504113,1
504116,1
504117,1
504119,6
504123,4
504124,17
504131,1
504132,8
504135,1
504136,4
504138,37
504139,3
504141,2
504146,7
504150,7
504151,1
504166,3
504173,3
504184,222
504185,19
504186,2
504189,1
504190,1
504191,4
504194,16
504197,2
504202,13
504203,2
504206,1
504207,2
504213,1
504230,1
504231,3
504232,53
504234,4
504241,1
504244,2
504245,5
504257,3
504258,30
504263,2
504264,19
504290,1
504296,40
504297,1
504312,45
504317,1
504318,2
504320,5
504330,1
504332,20
504345,5
504346,29
504356,8
504359,9
504360,6
504361,4
504364,3
504365,2
504374,3
504375,6
504380,3
504382,1
504388,1
504393,1
504395,5
504396,9
504400,1
504403,1
504407,2
504413,2
504415,41
504417,40
504418,19
504428,15
504430,18
504431,16
504432,5
504434,1
504435,1
504438,92
504441,35
504442,1
504449,3
504450,3
504452,237
504453,11
504455,1
504456,6
504461,27
504465,2
504470,2
504471,6
504472,1
504474,3
504476,23
504477,2
504479,7
504481,4
504483,5
504485,2
504487,2
504494,2
504495,4
504497,1
504508,2
504509,5
504514,5
504515,1
504516,10
504518,2
504519,1
504520,1
504521,6
504522,6
504525,1
504526,8
504527,6
504531,3
504532,3
504533,9
504537,102
504540,1
504545,9
504546,2
504547,1
504549,2
504552,5
504554,2
504556,1
504557,2
504558,4
504559,1
504562,6
504567,1
504569,1
504577,1
504579,2
504581,2
504591,266
504593,4
504594,3
504596,3
504600,1
504603,31
504609,4
504610,1
504612,2
504613,4
504614,16
504615,13
504616,2
504618,11
504619,2
504625,5
504627,4
504631,1
504634,4
504635,13
504641,5
504645,5
504646,1
504647,9
504654,24
504656,6
504660,3
504662,1
504665,5
504666,64
504670,3
504673,1
504674,251
504679,1
504681,17
504683,3
504690,1
504691,5
504699,5
504704,25
504706,2
504709,3
504711,1
504712,6
504724,1
504733,2
504734,2
504735,2
504736,1
504739,3
504745,3
504746,2
504756,20
504758,13
504759,1
504760,1
504761,1
504762,2
504763,1
504774,1
504775,6
504780,1
504785,1
504786,1
504796,2
504798,1
504799,3
504807,6
504808,1
504816,3
504818,1
504822,120
504824,8
504827,2
504828,1
504832,2
504835,5
504838,5
504841,12
504848,1
504852,1
504854,3
504862,2
504864,84
504869,2
504875,1
504881,3
504885,1
504888,4
504889,2
504890,1
504910,1
504915,1
504932,3
504952,2
504954,9
504968,1
504969,1
504975,29
504978,1
504981,1
504983,1
504989,1
505009,1
505015,3
505018,1
505026,2
505030,4
505041,2
505044,1
505046,9
505051,1
505056,1
505058,1
505059,5
505075,1
505080,1
505081,1
505085,1
505086,1
505101,3
505110,1
505117,1
505120,1
505123,1
505125,1
505127,2
505132,1
505138,7
505141,1
505145,1
505159,8
505163,2
505166,2
5100004,60
5100008,20
5100010,20
5100011,82
5100019,206
5100025,21
5100031,5
5100036,106
5100040,1
5100045,2
5100046,65
5100056,171
5100086,1
5100120,9
5100125,4
5100165,4
5100168,2
5100171,4
5100173,141
5100179,8
5100187,5
5100189,2
5100190,14
5100192,15
5100193,20
5100195,7
5100198,5
5100201,1
5100202,9
5100203,1
5100205,6
5100206,2
5100208,1
5100214,4
5100216,7
5100217,1
5100220,7
5100223,7
5100227,2
5100233,1
5100235,1
5100238,1
5100241,1
5100242,2
5100246,2
5100256,1
5100258,1
5100259,2
5100271,1
5100276,1
5100279,2
5100300,1
5100302,1
5100303,4
5400001,518
5400018,51
5400019,69
5400036,15
5400037,103
5400050,29
5400053,20
5400054,23
5400057,11
5400061,1
5400069,13
5400073,4
5400078,6
5400079,1
5400081,15
5400090,7
5400095,3
5400096,1
5400106,4
5400107,8
5400110,29
5400119,11
5400120,289
5400135,87
5400137,83
5400141,1
5400150,13
5400151,3
5400153,10
5400157,7
5400159,65
5400162,6
5400165,1
5400167,10
5400168,17
5400170,16
5400172,1
5400181,3
5400194,49
5400197,2
5400199,3
5400201,15
5400202,1
5400210,1
5400222,1
5400224,7
5400230,51
5400231,2
5400235,2
5400236,33
5400240,81
5400242,2
5400246,42
5400251,3
5400253,5
5400257,5
5400259,4
5400260,41
5400271,1
5400272,9
5400274,5
5400275,20
5400276,2
5400280,4
5400285,4
5400287,1
5400289,2
5400290,24
5400297,82
5400298,23
5400299,98
5400300,19
5400303,2
5400305,1
5400308,9
5400309,1
5400311,29
5400314,2
5400316,9
5400319,3
5400323,1
5400326,1
5400331,8
5400333,2
5400343,3
5400350,4
5400362,6
5400367,1
5400368,5
5400373,3
5400374,40
5400376,1
5400385,1
5400389,7
5400397,1
5400404,4
5400412,2
5400414,3
5400418,4
5400428,28
5400431,1
5400438,3
5400441,3
5400443,21
5400445,33
5400446,1
5400447,4
5400449,1
5400451,1
5400454,1
5400460,7
5400461,2
5400468,2
5400471,1
5400479,3
5400481,4
5400493,1
5400500,2
5400507,2
5500002,9
5500005,132
5500008,20
5500010,1
600003,36
600005,12
600006,12
600012,205
600013,104
600015,48
600017,6
600018,25
600019,306
600020,44
600022,100
600023,1
600025,12
600026,12
600027,40
600084,1
600162,2
600173,3
600221,6
600224,1
600225,4
600236,1
600240,4
600249,5
600251,6
600253,2
600255,1
600259,1
600266,28
600272,1
600295,22
600304,1
600346,2
600367,1
600399,3
600400,9
600411,4
600425,1
600445,4
600514,2
600555,7
600564,2
600584,2
600587,2
600588,1
600592,10
600595,4
600596,7
600602,10
600604,1
600606,2
600615,1
600618,2
600622,2
600623,1
600624,2
600625,2
600630,2
600631,2
600632,7
600633,1
600636,14
600640,1
600645,1
600647,1
600653,2
600654,4
600658,4
600659,3
600661,2
600662,2
600663,2
600665,4
600677,3
600678,8
600681,8
600688,1
600690,1
600697,2
600700,1
600712,1
600726,1
600751,1
600760,2
600761,1
600763,2
600798,1
600817,2
600826,1
600846,1
600848,1
6600018,3
6900001,1
700059,15
700061,2
700093,9
700094,2
700100,59
700103,3
700104,19
700106,3
700108,2
700110,1
700112,4
700113,1
800001,3
800006,66
800008,165
800013,41
800015,18
800017,37
800019,5
800024,157
800026,35
800032,6
800038,13
800039,5
800046,174
800048,12
800051,251
800057,49
800064,1
800070,21
800072,33
800075,28
800076,8
800078,91
800080,2
800086,21
800088,1
800089,70
800111,87
800113,1
800114,39
800115,133
800116,83
800137,42
800138,1
800159,65
800163,1
800164,102
800168,6
800172,79
800173,4
800174,167
800176,67
800177,221
800178,251
800179,1
800182,35
800183,210
800186,43
800187,27
800189,131
800222,3
800225,127
800261,1
800263,5
800267,3
800269,28
800277,5
800283,6
800298,8
800300,12
800305,4
800307,53
800308,12
800334,19
800335,83
800338,2
800345,1
800354,1
800363,21
800366,12
800368,24
800375,8
800379,21
800381,16
800382,15
800385,29
800388,72
800394,92
800395,47
800407,3
800408,27
800423,14
800434,8
800456,12
800477,253
800511,10
800512,5
800519,255
800524,36
800526,58
800545,80
800546,31
800550,2
800551,35
800552,6
800584,42
800595,1
800620,2
800633,15
800634,2
800635,21
800698,29
800711,3
800714,23
800715,53
800721,11
800728,53
800729,32
800730,7
800750,45
800759,1
800760,6
800761,20
800768,240
800776,14
800791,23
800798,334
800800,206
800810,2
800823,4
800832,41
800835,354
800843,1
800854,1
800866,3
800867,4
800871,39
800872,8
800875,2
800877,42
800884,10
800892,45
800895,1
800898,5
800899,25
800903,320
800904,9
800918,11
800919,17
800922,33
800924,1
800926,8
800931,221
800939,8
800956,131
800958,63
800959,2
800962,9
800967,3
800968,1
800971,1
800979,3
800981,160
800983,9
800990,49
800991,159
800992,12
800995,20
801000,28
801001,1
801004,56
801006,11
801008,1
801013,1
801015,71
801021,106
801022,8
801023,4
801024,2
801025,5
801026,20
801027,5
801029,12
801031,1
801034,151
801035,137
801036,1
801037,3
801038,4
801043,1
801044,19
801045,5
801048,39
801049,2
801050,65
801053,4
801054,14
801055,20
801058,297
801060,13
801063,6
801065,4
801067,3
801069,5
801072,1
801073,1
801077,2
801078,21
801079,1
801082,4
801083,41
801084,2
801085,1
801091,1
801095,3
801096,1
801097,27
801101,20
801103,16
801107,3
801109,18
801110,28
801113,1
801114,5
801116,5
801117,530
801119,1
801120,9
801121,49
801122,2
801123,3
801126,2
801128,2
801131,3
801133,1
801134,32
801141,1
801145,2
801146,4
801148,7
801149,4
801154,6
801157,14
801160,99
801164,15
801165,2
801167,1
801168,2
801169,2
801177,1
801183,218
801190,1
801191,2
801194,4
801198,15
801199,3
801201,8
801202,27
801203,33
801212,1
801216,15
801219,18
801223,4
801226,2
801229,1
801231,1
801236,3
801238,1
801239,6
801244,6
801248,6
801249,1
801250,6
801252,1
801253,1
801254,17
801255,1
801256,2
801264,10
801265,2
801267,24
801268,2
801269,9
801271,7
801272,1
801273,1
801276,1
801277,91
801278,2
801279,1
801281,8
801282,16
801283,1
801284,3
801286,3
801287,102
801288,1
801289,1
801290,3
801291,2
801294,1
801300,6
801303,8
801304,2
801306,2
801308,5
801317,1
801318,74
801319,1
801323,1
801324,1
801329,21
801330,1
801334,11
801336,19
801340,9
801341,4
801347,2
801350,3
801352,1
801358,8
801367,1
801370,72
801372,1
801373,4
801376,4
801377,4
801379,6
801384,3
801395,3
801397,1
801400,1
801402,3
801403,12
801404,7
801405,3
801406,1
801413,6
801414,1
801415,1
801416,4
801426,1
801427,4
801433,3
801434,5
801440,4
801441,2
801442,1
801445,3
801450,1
801463,1
900002,10
900004,1
900006,50
900007,9
900008,14
900012,30
900015,50
900019,9
900020,9
900022,19
900023,71
900024,52
900027,9
900028,51
900029,105
900030,61
900031,4
900033,57
900034,43
900035,5
900037,26
900038,145
900042,24
900047,50
900050,45
900051,20
900053,357
900054,19
900055,29
900057,14
900059,2
900062,3
900063,56
900064,1
900065,65
900067,76
900068,46
900069,48
900070,127
900071,54
900072,69
900074,65
900075,56
900076,11
900078,8
900087,2
900091,32
900110,307
900111,441
900113,4
900114,554
900115,4
900119,46
900121,101
900125,268
900126,18
900127,39
900128,91
900131,24
900135,54
900139,54
900142,130
900143,163
900145,9
900149,189
900150,56
900151,33
900155,2
900157,130
900182,188
900188,147
900219,4
900224,27
900229,35
900231,193
900233,11
900241,128
900244,51
900245,126
900264,49
900265,22
900267,18
900271,2
900272,1
900275,5
900280,2
900281,2
900287,11
900291,1
900296,42
900305,12
900306,35
900317,6
900323,14
900337,335
900339,118
900340,10
900342,1
900345,1
900354,154
900359,128
900366,6
900385,4
900407,6
900415,9
900436,40
900445,19
900456,8
900457,8
900460,132
900471,62
900472,110
900473,7
900474,29
900475,28
900482,328
900486,65
900487,17
900488,27
900492,22
900518,25
900521,4
900536,31
900537,16
900576,14
900577,148
900578,15
900580,27
900584,79
900585,35
900593,31
900594,32
900683,14
900684,19
900690,3
900693,43
900705,86
900707,71
900721,41
900726,81
900736,28
900737,6
900746,6
900756,3
900758,1
900766,13
900802,59
900804,3
900810,31
900815,9
900832,28
900846,6
900861,8
900863,5
900878,89
900880,30
900889,2
900899,32
900901,129
900902,2
900904,17
900907,76
900909,2
900910,15
900912,4
900919,4
900920,5
900923,3
900927,13
900929,1
900937,8
900938,1
900946,1
900948,16
900951,1
900954,1
900955,35
900958,12
900959,74
900961,6
900962,1
900963,10
900964,1
900967,1
900974,14
900976,16
900977,3
900978,10
900979,1
900986,26
900990,5
900991,6
900992,3
900994,4
900995,12
900999,6
901000,10
901003,4
901011,1
901013,1
901014,2
901015,32
901020,34
901021,1
901024,22
901026,25
901029,35
901030,1
901033,17
901035,57
901036,1
901037,1
901038,22
901039,19
901040,2
901041,1
901042,40
901044,5
901045,18
901047,1
901050,1
901051,1
901053,2
901054,9
901055,58
901057,3
901059,9
901060,10
901062,1
901068,3
901069,7
901070,4
901071,5
901073,64
901074,1
901077,6
901079,13
901081,12
901082,2
901083,10
901085,17
901088,14
901090,3
901093,74
901094,19
901095,1
901096,1
901097,7
901098,11
901101,8
901102,22
901105,8
901106,15
901107,12
901108,48
901109,13
901112,11
901114,10
901116,2
901117,11
901121,3
901124,3
901126,17
901127,6
901128,22
901131,1
901133,1
901135,23
901138,1
901139,109
901144,10
901147,5
901148,3
901150,15
901151,9
901152,5
901154,1
901156,4
901161,28
901162,2
901163,2
901164,27
901166,8
901170,1
901172,2
901175,6
901182,3
901184,1
901185,5
901187,6
901192,9
901196,2
901198,3
901199,3
901203,31
901204,13
901206,2
901210,10
901214,2
901216,12
901218,2
901219,3
901220,2
901224,4
901228,1
901230,18
901232,1
901236,6
901239,8
901244,1
901245,1
901253,1
901256,6
901258,1
901260,3
901264,1
